constituency,ac_number,candidate,party,votes,turnout,reserved,region,vote_share_%
Gummidipundi,1,GOVINDARAJAN T.J,DMK,126452,78.08,GEN,Chennai Metro,56.94266196542516
Gummidipundi,1,PRAKASH M,PMK,75514,78.08,GEN,Chennai Metro,34.004746272554925
Gummidipundi,1,USHA,NTK,11701,78.08,GEN,Chennai Metro,5.269083032751082
Gummidipundi,1,DILLIY K.M,DMDK,2576,78.08,GEN,Chennai Metro,1.1599998198758044
Gummidipundi,1,NONE OF THE ABOVE,NOTA,1783,78.08,GEN,Chennai Metro,0.8029036020336021
Gummidipundi,1,NAGARAJ S,BSP,1038,78.08,GEN,Chennai Metro,0.4674222876673466
Gummidipundi,1,SARAVANAN V,IJK,816,78.08,GEN,Chennai Metro,0.36745335909109333
Gummidipundi,1,SARAVANAN E,IND,532,78.08,GEN,Chennai Metro,0.23956518019174222
Gummidipundi,1,DEVANATHAN R,IND,482,78.08,GEN,Chennai Metro,0.2170496557376311
Gummidipundi,1,LAKSHMI R,IND,374,78.08,GEN,Chennai Metro,0.1684161229167511
Gummidipundi,1,PRAKASH K,IND,351,78.08,GEN,Chennai Metro,0.15805898166785998
Gummidipundi,1,GOWTHAM J,Anaithu Makkal Arasiyal Katchi,254,78.08,GEN,Chennai Metro,0.11437886422688444
Gummidipundi,1,PRAKASH M,IND,196,78.08,GEN,Chennai Metro,0.08826085586011555
Ponneri,2,DURAI. CHANDRASEKAR,INC,94528,78.2,SC,Chennai Metro,44.9375814103844
Ponneri,2,BALARAMAN. P,AIADMK,84839,78.2,SC,Chennai Metro,40.331536362512715
Ponneri,2,MAHESWARI. A,NTK,19027,78.2,SC,Chennai Metro,9.045228519543246
Ponneri,2,DESINGURAJAN. D,MNM,5394,78.2,SC,Chennai Metro,2.564248837673636
Ponneri,2,PON. RAJA,AMMK,2832,78.2,SC,Chennai Metro,1.3463019481445564
Ponneri,2,NONE OF THE ABOVE,NOTA,1554,78.2,SC,Chennai Metro,0.7387546706979663
Ponneri,2,BHAVANI ILAVENIL. J,BSP,1106,78.2,SC,Chennai Metro,0.5257803512174715
Ponneri,2,ASHOK PRIYADARSHAN. S,IND,470,78.2,SC,Chennai Metro,0.2234328798121262
Ponneri,2,SUGUMAR. K,IND,298,78.2,SC,Chennai Metro,0.14166595358300768
Ponneri,2,VIJAYAKUMAR. V,Anna MGR Dravida Makkal Kalgam,190,78.2,SC,Chennai Metro,0.09032393013681699
Ponneri,2,SAMBATH KUMAR.C.H,IND,116,78.2,SC,Chennai Metro,0.05514513629405668
Tiruttani,3,S.CHANDRAN,DMK,120314,78.76,GEN,Chennai Metro,51.72037279042575
Tiruttani,3,G.HARI,AIADMK,91061,78.76,GEN,Chennai Metro,39.145144095192244
Tiruttani,3,L.AKILA,NTK,12007,78.76,GEN,Chennai Metro,5.161548249535731
Tiruttani,3,D.KRISHNAMOORTHI,DMDK,3928,78.76,GEN,Chennai Metro,1.6885617992984387
Tiruttani,3,NONE OF THE ABOVE,NOTA,1665,78.76,GEN,Chennai Metro,0.7157473003645368
Tiruttani,3,D.PAULRAJ,IND,889,78.76,GEN,Chennai Metro,0.3821617717862302
Tiruttani,3,V.P.VIJAYAN,IND,768,78.76,GEN,Chennai Metro,0.33014650251048905
Tiruttani,3,N.MAGENDIRAN,BSP,717,78.76,GEN,Chennai Metro,0.3082227113281519
Tiruttani,3,M.HARI,IND,366,78.76,GEN,Chennai Metro,0.15733544260265492
Tiruttani,3,M.D.THANIGAI MALAI,IJK,353,78.76,GEN,Chennai Metro,0.15174702524245132
Tiruttani,3,A.J.SURESH,IND,182,78.76,GEN,Chennai Metro,0.07823784304285027
Tiruttani,3,SHETTU,IND,147,78.76,GEN,Chennai Metro,0.06319210399614829
Tiruttani,3,MANIKKAM,All India Jananayaka Makkal Kazhagam,121,78.76,GEN,Chennai Metro,0.052015269275741106
Tiruttani,3,CHANDRAN,IND,60,78.76,GEN,Chennai Metro,0.025792695508631957
Tiruttani,3,CHANDRAN,IND,46,78.76,GEN,Chennai Metro,0.019774399889951166
Thiruvallur,4,"RAAJENDRAN, V.G.",DMK,107709,77.2,GEN,Chennai Metro,50.274221328118074
Thiruvallur,4,"RAMANAH, BE VEE",AIADMK,85008,77.2,GEN,Chennai Metro,39.678309209635785
Thiruvallur,4,"PASUPATHY, P.",NTK,15028,77.2,GEN,Chennai Metro,7.014464883333411
Thiruvallur,4,"DOSS, D.",BSP,2329,77.2,GEN,Chennai Metro,1.0870833586161508
Thiruvallur,4,NONE OF THE ABOVE,NOTA,1872,77.2,GEN,Chennai Metro,0.8737741723183488
Thiruvallur,4,"GURU, N.",AMMK,1077,77.2,GEN,Chennai Metro,0.5027002049075115
Thiruvallur,4,"RAJENDIRAN, G.",IND,388,77.2,GEN,Chennai Metro,0.18110276648478596
Thiruvallur,4,"REVATHI, R.",IND,283,77.2,GEN,Chennai Metro,0.13209299720410933
Thiruvallur,4,"BALA KRISHNAN, N.",IND,232,77.2,GEN,Chennai Metro,0.10828825212492357
Thiruvallur,4,"KUMAR, E.",IND,133,77.2,GEN,Chennai Metro,0.06207904108885704
Thiruvallur,4,"RAMANAN, R.",IND,97,77.2,GEN,Chennai Metro,0.04527569162119649
Thiruvallur,4,"SASIKUMAR, J.",IND,87,77.2,GEN,Chennai Metro,0.040608094546846336
Poonamallee,5,KRISHNASWAMY A,DMK,149578,72.99,SC,Chennai Metro,56.71504838171505
Poonamallee,5,RAJAMANNAR S X,PMK,55468,72.99,SC,Chennai Metro,21.031637698304365
Poonamallee,5,MANIMEKALAI A,NTK,29871,72.99,SC,Chennai Metro,11.326098826098827
Poonamallee,5,REVATHI MANIMEGALAI J,MNM,11927,72.99,SC,Chennai Metro,4.5223253556586895
Poonamallee,5,ELUMALAI T.A.,AMMK,8805,72.99,SC,Chennai Metro,3.3385658385658386
Poonamallee,5,SATHYAMURTHY A C,BSP,2891,72.99,SC,Chennai Metro,1.0961719295052628
Poonamallee,5,NONE OF THE ABOVE,NOTA,2867,72.99,SC,Chennai Metro,1.0870719204052537
Poonamallee,5,RAVIKUMAR M,IND,448,72.99,SC,Chennai Metro,0.1698668365335032
Poonamallee,5,SIVAKUMAR S,IND,403,72.99,SC,Chennai Metro,0.15280431947098613
Poonamallee,5,VELU S,IND,359,72.99,SC,Chennai Metro,0.1361209694543028
Poonamallee,5,BOSHYA GAYATHRI M,My India Party,290,72.99,SC,Chennai Metro,0.10995844329177663
Poonamallee,5,RAJESH P,IND,241,72.99,SC,Chennai Metro,0.09137925804592471
Poonamallee,5,VENKATESAN J,IND,240,72.99,SC,Chennai Metro,0.091000091000091
Poonamallee,5,PURUSHOTHAMAN B,IND,175,72.99,SC,Chennai Metro,0.06635423302089968
Poonamallee,5,DHASARATHAN R,IND,173,72.99,SC,Chennai Metro,0.06559589892923226
Avadi,6,NASAR S M,DMK,150287,67.37,GEN,Chennai Metro,49.941347901650566
Avadi,6,PANDIARAJAN K,AIADMK,95012,67.37,GEN,Chennai Metro,31.573105769837866
Avadi,6,VIJAYALAKSHMI G,NTK,30087,67.37,GEN,Chennai Metro,9.998105852914495
Avadi,6,UDHAYAKUMAR V,MNM,17092,67.37,GEN,Chennai Metro,5.6797828044675285
Avadi,6,NONE OF THE ABOVE,NOTA,2381,67.37,GEN,Chennai Metro,0.7912217913314525
Avadi,6,SANKAR N M,DMDK,1911,67.37,GEN,Chennai Metro,0.6350377334037823
Avadi,6,BALASUBRAMANIAN M,Tamil Nadu Ilangyar Katchi,1263,67.37,GEN,Chennai Metro,0.41970311736733495
Avadi,6,CHARLES S,BSP,773,67.37,GEN,Chennai Metro,0.25687292931508304
Avadi,6,PANDIARAJAN G,IND,360,67.37,GEN,Chennai Metro,0.11963034224247078
Avadi,6,JAYAKUMAR P,IND,300,67.37,GEN,Chennai Metro,0.09969195186872563
Avadi,6,SHANAVAS KHAN J,IND,231,67.37,GEN,Chennai Metro,0.07676280293891874
Avadi,6,NAGARAJ M,IND,198,67.37,GEN,Chennai Metro,0.06579668823335892
Avadi,6,DHARANI K,IND,187,67.37,GEN,Chennai Metro,0.06214131666483898
Avadi,6,SUGUMAR M,IND,143,67.37,GEN,Chennai Metro,0.04751983039075922
Avadi,6,BANUMATHI,My India Party,127,67.37,GEN,Chennai Metro,0.04220292629109385
Avadi,6,RAMAN N,Tamilnadu Makkal Nalvazhvu Periyakkam,120,67.37,GEN,Chennai Metro,0.03987678074749026
Avadi,6,VISWANATHAN R,MGR Makkal Katchi,108,67.37,GEN,Chennai Metro,0.03588910267274123
Avadi,6,CHANDRASEKAR.A,IND,105,67.37,GEN,Chennai Metro,0.03489218315405397
Avadi,6,VENKATESAN M,IND,95,67.37,GEN,Chennai Metro,0.03156911809176312
Avadi,6,DURGAPRASAD G,IND,75,67.37,GEN,Chennai Metro,0.02492298796718141
Avadi,6,AKILAN T.M.,IND,72,67.37,GEN,Chennai Metro,0.023926068448494153
Maduravoyal,7,GANAPATHY.K,DMK,121298,60.3,GEN,Chennai Metro,44.29035673859861
Maduravoyal,7,BENJAMIN.P,AIADMK,89577,60.3,GEN,Chennai Metro,32.70785409135721
Maduravoyal,7,PADMA PRIYA.S,MNM,33401,60.3,GEN,Chennai Metro,12.195932376675064
Maduravoyal,7,GANESHKUMAR.G,NTK,21045,60.3,GEN,Chennai Metro,7.684302771387886
Maduravoyal,7,LUCKY MURUGAN.E,AMMK,2660,60.3,GEN,Chennai Metro,0.9712637382699821
Maduravoyal,7,NONE OF THE ABOVE,NOTA,2146,60.3,GEN,Chennai Metro,0.783583452002775
Maduravoyal,7,SHANMUGAM.K,Tamil Nadu Ilangyar Katchi,908,60.3,GEN,Chennai Metro,0.3315441632891518
Maduravoyal,7,SANTHAKUMAR.Y,BSP,628,60.3,GEN,Chennai Metro,0.2293058750502063
Maduravoyal,7,PRIYA.K,IND,553,60.3,GEN,Chennai Metro,0.20192061927191735
Maduravoyal,7,LAVANYA.P,NCP,349,60.3,GEN,Chennai Metro,0.12743272355497134
Maduravoyal,7,SELVAKUMAR.V,IND,287,60.3,GEN,Chennai Metro,0.10479424544491912
Maduravoyal,7,MURUGAN.D,IND,161,60.3,GEN,Chennai Metro,0.05878701573739366
Maduravoyal,7,BENJAMIN MOSES.S,IND,149,60.3,GEN,Chennai Metro,0.05440537481286742
Maduravoyal,7,ABARAJITHAN.R,IND,143,60.3,GEN,Chennai Metro,0.052214554350604306
Maduravoyal,7,NEVIS STELLA MARY.B,Anaithu Makkal Arasiyal Katchi,124,60.3,GEN,Chennai Metro,0.04527695622010443
Maduravoyal,7,GANAPATHY.R,IND,96,60.3,GEN,Chennai Metro,0.03505312739620988
Maduravoyal,7,ARUNKUMAR.A,IND,95,60.3,GEN,Chennai Metro,0.03468799065249936
Maduravoyal,7,MUTHURAMAN.S,Anna MGR Dravida Makkal Kalgam,69,60.3,GEN,Chennai Metro,0.025194435316025852
Maduravoyal,7,AMALRAJ.S,IND,69,60.3,GEN,Chennai Metro,0.025194435316025852
Maduravoyal,7,SUMITHRA.R,Bahujan Dravida Party,64,60.3,GEN,Chennai Metro,0.02336875159747325
Maduravoyal,7,RAVI.C.V,IND,48,60.3,GEN,Chennai Metro,0.01752656369810494
Ambattur,8,JOSEPH SAMUEL,DMK,114554,62.01,GEN,Chennai Metro,47.67144266101815
Ambattur,8,V ALEXANDER,AIADMK,72408,62.01,GEN,Chennai Metro,30.13245997694539
Ambattur,8,R ANBU THENARASAN,NTK,22701,62.01,GEN,Chennai Metro,9.44698063662354
Ambattur,8,S VAITHESWARAN,MNM,22370,62.01,GEN,Chennai Metro,9.309235577343227
Ambattur,8,S VEDHACHALAM,AMMK,2631,62.01,GEN,Chennai Metro,1.0948859545815837
Ambattur,8,NONE OF THE ABOVE,NOTA,2358,62.01,GEN,Chennai Metro,0.9812774917914765
Ambattur,8,K BHARATHI,IND,807,62.01,GEN,Chennai Metro,0.33583160978614146
Ambattur,8,R RADHA,NCP,615,62.01,GEN,Chennai Metro,0.25593115243925274
Ambattur,8,S PRAVEEN,IND,251,62.01,GEN,Chennai Metro,0.10445320205244299
Ambattur,8,S VEENA,Anaithu Makkal Arasiyal Katchi,233,62.01,GEN,Chennai Metro,0.09696253417617219
Ambattur,8,NARMADA NANDHAKUMAR,IND,177,62.01,GEN,Chennai Metro,0.07365823411666299
Ambattur,8,T JOSEPH SAMUVEL SANTHAKUMAR,IND,162,62.01,GEN,Chennai Metro,0.06741601088643731
Ambattur,8,T MUNIANDI,IND,156,62.01,GEN,Chennai Metro,0.06491912159434704
Ambattur,8,M S ARUMUGAM,IND,142,62.01,GEN,Chennai Metro,0.059093046579469746
Ambattur,8,C RAGHUL,IND,139,62.01,GEN,Chennai Metro,0.057844601933424604
Ambattur,8,BHARADAN,IND,111,62.01,GEN,Chennai Metro,0.04619245190367001
Ambattur,8,A R MURUGAVEL,IND,95,62.01,GEN,Chennai Metro,0.039534080458095956
Ambattur,8,G SOMA SUNDARAM,IND,80,62.01,GEN,Chennai Metro,0.03329185722787028
Ambattur,8,A S KESAVAN,IND,59,62.01,GEN,Chennai Metro,0.024552744705554328
Ambattur,8,G SRINIVASAN,IND,57,62.01,GEN,Chennai Metro,0.023720448274857572
Ambattur,8,N GANESAN,IND,55,62.01,GEN,Chennai Metro,0.022888151844160817
Ambattur,8,P DHANRAJ,IND,55,62.01,GEN,Chennai Metro,0.022888151844160817
Ambattur,8,RAVI,IND,44,62.01,GEN,Chennai Metro,0.01831052147532865
Ambattur,8,G VIJAYAKUMAR,IND,39,62.01,GEN,Chennai Metro,0.01622978039858676
Madavaram,9,SUDHARSANAM. S,DMK,151485,66.37,GEN,Chennai Metro,50.04459861248761
Madavaram,9,MOORTHY. V,AIADMK,94414,66.37,GEN,Chennai Metro,31.190617773372974
Madavaram,9,ELUMALAI. R,NTK,27453,66.37,GEN,Chennai Metro,9.069375619425173
Madavaram,9,RAMESH,MNM,15877,66.37,GEN,Chennai Metro,5.245127188635613
Madavaram,9,DHAKSHNAMOORTHY. D,AMMK,7104,66.37,GEN,Chennai Metro,2.346878097125867
Madavaram,9,NONE OF THE ABOVE,NOTA,2166,66.37,GEN,Chennai Metro,0.7155599603567888
Madavaram,9,DEEPAK. S,BSP,1393,66.37,GEN,Chennai Metro,0.46019160885365046
Madavaram,9,ARAVIND KUMAR. P,Desiya Makkal Sakthi Katchi,465,66.37,GEN,Chennai Metro,0.15361744301288405
Madavaram,9,MOORTHY. S,IND,437,66.37,GEN,Chennai Metro,0.1443673604228609
Madavaram,9,RAMU. S,IND,431,66.37,GEN,Chennai Metro,0.14238519986785597
Madavaram,9,BABU. M.G,IND,413,66.37,GEN,Chennai Metro,0.1364387182028411
Madavaram,9,SAMBATH. E,SHS,175,66.37,GEN,Chennai Metro,0.057813016187644534
Madavaram,9,SUDHARSANAN. D,IND,170,66.37,GEN,Chennai Metro,0.0561612157251404
Madavaram,9,JAYASEELAN. S,IND,119,66.37,GEN,Chennai Metro,0.039312851007598286
Madavaram,9,VINOTH KUMAR. M,Naadaalum Makkal Katchi,114,66.37,GEN,Chennai Metro,0.03766105054509415
Madavaram,9,ARIVUNITHI. S,IND,108,66.37,GEN,Chennai Metro,0.035678889990089196
Madavaram,9,NIRMAL KUMAR. M,IND,101,66.37,GEN,Chennai Metro,0.03336636934258341
Madavaram,9,SAKTHIVEL. A,IND,85,66.37,GEN,Chennai Metro,0.0280806078625702
Madavaram,9,YUVARAJ. M,Anna MGR Dravida Makkal Kalgam,81,66.37,GEN,Chennai Metro,0.026759167492566897
Madavaram,9,SATHISH KUMAR. S,IND,62,66.37,GEN,Chennai Metro,0.020482325735051207
Madavaram,9,RAMESH. G,IND,47,66.37,GEN,Chennai Metro,0.015526924347538816
Thiruvottiyur,10,K.P.SHANKAR,DMK,88185,65.15,GEN,Chennai Metro,44.093381867637355
Thiruvottiyur,10,K.KUPPAN,AIADMK,50524,65.15,GEN,Chennai Metro,25.262505250105
Thiruvottiyur,10,SEEMAN,NTK,48597,65.15,GEN,Chennai Metro,24.298985979719596
Thiruvottiyur,10,D.MOHAN,MNM,7053,65.15,GEN,Chennai Metro,3.5265705314106284
Thiruvottiyur,10,M.SOUNDARA PANDIAN,AMMK,1417,65.15,GEN,Chennai Metro,0.7085141702834057
Thiruvottiyur,10,NONE OF THE ABOVE,NOTA,1111,65.15,GEN,Chennai Metro,0.5555111102222045
Thiruvottiyur,10,M.A.MICHAEL RAJ,IND,603,65.15,GEN,Chennai Metro,0.3015060301206024
Thiruvottiyur,10,N.RAMESH KUMAR,IND,585,65.15,GEN,Chennai Metro,0.29250585011700236
Thiruvottiyur,10,M.KOTTESWARAN,BSP,367,65.15,GEN,Chennai Metro,0.18350367007340146
Thiruvottiyur,10,D.SASIRAJ,Samata Party,291,65.15,GEN,Chennai Metro,0.14550291005820118
Thiruvottiyur,10,R.EGAVALLI,Naadaalum Makkal Katchi,253,65.15,GEN,Chennai Metro,0.12650253005060103
Thiruvottiyur,10,U.VENKATESH,IND,224,65.15,GEN,Chennai Metro,0.1120022400448009
Thiruvottiyur,10,M.CHELLAM,IND,184,65.15,GEN,Chennai Metro,0.09200184003680074
Thiruvottiyur,10,C.DHANRAJ,IND,115,65.15,GEN,Chennai Metro,0.057501150023000464
Thiruvottiyur,10,D.THAMIZHIZHAN,IND,103,65.15,GEN,Chennai Metro,0.05150103002060041
Thiruvottiyur,10,K.GOPINATH,IND,96,65.15,GEN,Chennai Metro,0.04800096001920039
Thiruvottiyur,10,B.DHANASEKARAN,IND,88,65.15,GEN,Chennai Metro,0.04400088001760035
Thiruvottiyur,10,B.ZAKIR HUSSAIN,IND,71,65.15,GEN,Chennai Metro,0.035500710014200285
Thiruvottiyur,10,PRAVINA,IND,52,65.15,GEN,Chennai Metro,0.026000520010400204
Thiruvottiyur,10,N.RAJESH KUMAR,IND,48,65.15,GEN,Chennai Metro,0.024000480009600193
Thiruvottiyur,10,V.SURESHBALAJI,IND,29,65.15,GEN,Chennai Metro,0.014500290005800116
Dr. Radhakrishnan Nagar,11,EBENEZER. J.J. (@)  JOHN EBENEZER.J,DMK,95763,70.98,GEN,Chennai Metro,51.2027675148508
Dr. Radhakrishnan Nagar,11,RAAJESH.R.S.,AIADMK,53284,70.98,GEN,Chennai Metro,28.49000411705262
Dr. Radhakrishnan Nagar,11,GOWRISHANKAR . K,NTK,20437,70.98,GEN,Chennai Metro,10.927299266950762
Dr. Radhakrishnan Nagar,11,FAZIL . A,MNM,11198,70.98,GEN,Chennai Metro,5.987370807423527
Dr. Radhakrishnan Nagar,11,DR. KALIDAS . P,AMMK,1852,70.98,GEN,Chennai Metro,0.9902313569698493
Dr. Radhakrishnan Nagar,11,NONE OF THE ABOVE,NOTA,1704,70.98,GEN,Chennai Metro,0.9110983975575718
Dr. Radhakrishnan Nagar,11,SANTHAKUMAR . A,IND,557,70.98,GEN,Chennai Metro,0.2978179621124223
Dr. Radhakrishnan Nagar,11,VIJAYAN.P,BSP,361,70.98,GEN,Chennai Metro,0.19302025910697385
Dr. Radhakrishnan Nagar,11,SASIDARAN.S,IND,241,70.98,GEN,Chennai Metro,0.12885840012404626
Dr. Radhakrishnan Nagar,11,DANIEL SACHIN MANI.E,IND,222,70.98,GEN,Chennai Metro,0.11869943911841606
Dr. Radhakrishnan Nagar,11,SIVAKUMAR.S,SUCI,215,70.98,GEN,Chennai Metro,0.11495666401107861
Dr. Radhakrishnan Nagar,11,BABU MAILAN . A,RPI(A),115,70.98,GEN,Chennai Metro,0.06148844819197228
Dr. Radhakrishnan Nagar,11,KANDEEPAN.G,IND,111,70.98,GEN,Chennai Metro,0.05934971955920803
Dr. Radhakrishnan Nagar,11,RAMADASS . E,Makkal Nalvaazhvuk Katchi,104,70.98,GEN,Chennai Metro,0.05560694445187059
Dr. Radhakrishnan Nagar,11,GUNASEKARAN.G,IND,92,70.98,GEN,Chennai Metro,0.049190758553577824
Dr. Radhakrishnan Nagar,11,MOHAN . R,United States of India Party,79,70.98,GEN,Chennai Metro,0.042239890497094
Dr. Radhakrishnan Nagar,11,PREMKUMAR.P,IND,79,70.98,GEN,Chennai Metro,0.042239890497094
Dr. Radhakrishnan Nagar,11,KALIDASS,IND,67,70.98,GEN,Chennai Metro,0.03582370459880124
Dr. Radhakrishnan Nagar,11,SRIDHAR . C,IND,55,70.98,GEN,Chennai Metro,0.029407518700508485
Dr. Radhakrishnan Nagar,11,DEVAKUMAR.R,IND,48,70.98,GEN,Chennai Metro,0.02566474359317104
Dr. Radhakrishnan Nagar,11,DEVARAJ.M,IND,48,70.98,GEN,Chennai Metro,0.02566474359317104
Dr. Radhakrishnan Nagar,11,RAJESH . I,IND,47,70.98,GEN,Chennai Metro,0.025130061434979974
Dr. Radhakrishnan Nagar,11,FRANKLIN.D,IND,44,70.98,GEN,Chennai Metro,0.023526014960406787
Dr. Radhakrishnan Nagar,11,PURUSHOTHAMAN . K,IND,44,70.98,GEN,Chennai Metro,0.023526014960406787
Dr. Radhakrishnan Nagar,11,BOOTHIRAJAN.G,IND,39,70.98,GEN,Chennai Metro,0.02085260416945147
Dr. Radhakrishnan Nagar,11,MARIMUTHU.P,IND,38,70.98,GEN,Chennai Metro,0.020317922011260404
Dr. Radhakrishnan Nagar,11,RAJESH . S,IND,37,70.98,GEN,Chennai Metro,0.019783239853069342
Dr. Radhakrishnan Nagar,11,VENKATRAMAN . C,IND,37,70.98,GEN,Chennai Metro,0.019783239853069342
Dr. Radhakrishnan Nagar,11,VENUGOPAL.D,SHS,34,70.98,GEN,Chennai Metro,0.018179193378496154
Dr. Radhakrishnan Nagar,11,VIVEK.C,IND,27,70.98,GEN,Chennai Metro,0.01443641827115871
Dr. Radhakrishnan Nagar,11,ETHIRAJ.R,IND,26,70.98,GEN,Chennai Metro,0.013901736112967647
Dr. Radhakrishnan Nagar,11,MADHAN RAJ . D,IND,22,70.98,GEN,Chennai Metro,0.011763007480203393
Perambur,12,SHEKAR. R.D,DMK,105267,63.0,GEN,Chennai Metro,52.53185086856932
Perambur,12,DHANAPALAN N.R,AIADMK,50291,63.0,GEN,Chennai Metro,25.096937426080533
Perambur,12,MERLIN SUGANTHI. S,NTK,19821,63.0,GEN,Chennai Metro,9.891360217978212
Perambur,12,PONNUSAMY. A,MNM,17072,63.0,GEN,Chennai Metro,8.519514738980073
Perambur,12,LAKSHMI NARAYANAN. E,AMMK,4042,63.0,GEN,Chennai Metro,2.0170969174647055
Perambur,12,NONE OF THE ABOVE,NOTA,1515,63.0,GEN,Chennai Metro,0.756037068272892
Perambur,12,SURESH. C,BSP,515,63.0,GEN,Chennai Metro,0.25700269977593354
Perambur,12,SOOSAI. M.A,RPI(A),296,63.0,GEN,Chennai Metro,0.14771417307509968
Perambur,12,SEBASTIN. J,SUCI,194,63.0,GEN,Chennai Metro,0.09681266748840993
Perambur,12,SATHEESH. J,IND,174,63.0,GEN,Chennai Metro,0.08683198011847075
Perambur,12,PARTHIPAN. P,IND,172,63.0,GEN,Chennai Metro,0.08583391138147685
Perambur,12,SEKAR. P,IND,166,63.0,GEN,Chennai Metro,0.08283970517049509
Perambur,12,RAJESH. K,IND,163,63.0,GEN,Chennai Metro,0.08134260206500421
Perambur,12,PREM ANAND. J,IND,112,63.0,GEN,Chennai Metro,0.055891849271659334
Perambur,12,SATHISHKUMAR. S,IND,106,63.0,GEN,Chennai Metro,0.05289764306067758
Perambur,12,RAJESH KUMAR. S,IND,90,63.0,GEN,Chennai Metro,0.044913093164726255
Perambur,12,SELVARAJ. R,IND,87,63.0,GEN,Chennai Metro,0.043415990059235375
Perambur,12,SARAVANA PERUMAL. R,IND,65,63.0,GEN,Chennai Metro,0.032437233952302295
Perambur,12,UDAYAKUMAR. S,IND,60,63.0,GEN,Chennai Metro,0.0299420621098175
Perambur,12,KADHIRAVAN. M,IND,48,63.0,GEN,Chennai Metro,0.023953649687854
Perambur,12,VENKATESH. L,IND,46,63.0,GEN,Chennai Metro,0.022955580950860085
Perambur,12,VINOTHKUMAR. G,IND,45,63.0,GEN,Chennai Metro,0.022456546582363127
Perambur,12,VASANTHA KUMAR. M,IND,40,63.0,GEN,Chennai Metro,0.019961374739878336
Kolathur,13,M.K. STALIN,DMK,105522,61.04,GEN,Chennai Metro,60.85888296767943
Kolathur,13,AADIRAJARAM,AIADMK,35138,61.04,GEN,Chennai Metro,20.265531640021226
Kolathur,13,A.JAGADISH KUMAR,MNM,14076,61.04,GEN,Chennai Metro,8.118208872586338
Kolathur,13,F.CAMILUS SELVA,NTK,11279,61.04,GEN,Chennai Metro,6.505063787574689
Kolathur,13,NONE OF THE ABOVE,NOTA,1529,61.04,GEN,Chennai Metro,0.8818372667081921
Kolathur,13,MJS.JAMAL MOHAMED MEERA,BSP,1295,61.04,GEN,Chennai Metro,0.7468798302073961
Kolathur,13,J.ARUMUGAM,AMMK,1080,61.04,GEN,Chennai Metro,0.6228804761575195
Kolathur,13,AGNI SRI RAMACHANDRAN,IND,681,61.04,GEN,Chennai Metro,0.3927607446882137
Kolathur,13,SURESH,Tamil Nadu Ilangyar Katchi,620,61.04,GEN,Chennai Metro,0.3575795326089464
Kolathur,13,ASHOK KUMAR.S,New Generation People’s Party,257,61.04,GEN,Chennai Metro,0.14822248367822455
Kolathur,13,AL. NARESH KUMAR,IND,198,61.04,GEN,Chennai Metro,0.11419475396221193
Kolathur,13,DIVYA,IND,181,61.04,GEN,Chennai Metro,0.10439015387454725
Kolathur,13,G.VELMURUGAN,SHS,132,61.04,GEN,Chennai Metro,0.07612983597480794
Kolathur,13,L.KATHIRESAN,IND,118,61.04,GEN,Chennai Metro,0.06805545943202529
Kolathur,13,VIVEKRAJ.J,Thamizhaga Munnetra Congress,116,61.04,GEN,Chennai Metro,0.06690197706877063
Kolathur,13,J.SURIYAMUTHU,IND,110,61.04,GEN,Chennai Metro,0.06344152997900662
Kolathur,13,MIRZA SAFDAR ALI,IND,97,61.04,GEN,Chennai Metro,0.05594389461785129
Kolathur,13,MALARVIZHI,IND,92,61.04,GEN,Chennai Metro,0.05306018870971463
Kolathur,13,D.SURESHBABU,Desiya Makkal Sakthi Katchi,87,61.04,GEN,Chennai Metro,0.050176482801577965
Kolathur,13,SATHIYASEELAN,IND,86,61.04,GEN,Chennai Metro,0.04959974161995063
Kolathur,13,ELUMALAI.K,Veerath Thiyagi Viswanathadoss Thozhilalarkal Katchi,69,61.04,GEN,Chennai Metro,0.03979514153228597
Kolathur,13,M.RAJENDRAN,National Democratic Party of South India,65,61.04,GEN,Chennai Metro,0.03748817680577664
Kolathur,13,RAMA DEVI,IND,61,61.04,GEN,Chennai Metro,0.035181212079267304
Kolathur,13,C.JEEVAKUMAR,IND,52,61.04,GEN,Chennai Metro,0.029990541444621314
Kolathur,13,D.NILAMANI,IND,45,61.04,GEN,Chennai Metro,0.025953353173229977
Kolathur,13,S.SURESHKUMAR,Makkalatchi Katchi,43,61.04,GEN,Chennai Metro,0.024799870809975314
Kolathur,13,A.SEETHA,Bahujan Dravida Party,41,61.04,GEN,Chennai Metro,0.02364638844672065
Kolathur,13,K. PANNERSELVAM,IND,40,61.04,GEN,Chennai Metro,0.023069647265093318
Kolathur,13,P.SENTHIL KUMAR,IND,38,61.04,GEN,Chennai Metro,0.02191616490183865
Kolathur,13,P.HARISHKUMAR,IND,38,61.04,GEN,Chennai Metro,0.02191616490183865
Kolathur,13,DEVIKARANI,IND,37,61.04,GEN,Chennai Metro,0.021339423720211317
Kolathur,13,M.A.S. SENTHIL KUMAR,IND,33,61.04,GEN,Chennai Metro,0.019032458993701984
Kolathur,13,R.SELVAM,IND,33,61.04,GEN,Chennai Metro,0.019032458993701984
Kolathur,13,E.RAJENDRAN,Anna MGR Dravida Makkal Kalgam,30,61.04,GEN,Chennai Metro,0.017302235448819987
Kolathur,13,NIRMALA DEVI,IND,29,61.04,GEN,Chennai Metro,0.016725494267192657
Kolathur,13,V.SURESHKUMAR,IND,22,61.04,GEN,Chennai Metro,0.012688305995801324
Kolathur,13,B.VIJAYA KUMAR,IND,18,61.04,GEN,Chennai Metro,0.010381341269291992
Villivakkam,14,A . VETRIAZHAGAN,DMK,76127,55.92,GEN,Chennai Metro,52.832218304971825
Villivakkam,14,J.C.D.PRABHAKAR,AIADMK,38890,55.92,GEN,Chennai Metro,26.989701024345557
Villivakkam,14,SRIHARAN,MNM,13364,55.92,GEN,Chennai Metro,9.274630097437749
Villivakkam,14,R.SRIDAR,NTK,10914,55.92,GEN,Chennai Metro,7.5743275129778205
Villivakkam,14,NONE OF THE ABOVE,NOTA,1444,55.92,GEN,Chennai Metro,1.0021375232490355
Villivakkam,14,D.SUBAMANGALAM,DMDK,1094,55.92,GEN,Chennai Metro,0.7592371540404741
Villivakkam,14,SYED RAYHAN,IND,409,55.92,GEN,Chennai Metro,0.2838464314465758
Villivakkam,14,JAGADESH JAYAKUMAR,Valamaana  Tamizhagam   Katchi,261,55.92,GEN,Chennai Metro,0.18113427532409848
Villivakkam,14,A.PALANIVEL,BSP,222,55.92,GEN,Chennai Metro,0.15406823418371596
Villivakkam,14,M.GUNASEKARAN,IND,206,55.92,GEN,Chennai Metro,0.14296421730561032
Villivakkam,14,S.CHANDRIKA,IND,194,55.92,GEN,Chennai Metro,0.13463620464703108
Villivakkam,14,L.GOVINDARAJ,Nam India Naam Indiyar Katchi,189,55.92,GEN,Chennai Metro,0.13116619937262305
Villivakkam,14,S.BASKAR,IND,171,55.92,GEN,Chennai Metro,0.11867418038475418
Villivakkam,14,M.MURALI VINODH,IND,98,55.92,GEN,Chennai Metro,0.06801210337839714
Villivakkam,14,S. RAJU BHARATHI,Desiya Makkal Sakthi Katchi,88,55.92,GEN,Chennai Metro,0.0610720928295811
Villivakkam,14,A . AJITH KUMAR,IND,80,55.92,GEN,Chennai Metro,0.055520084390528274
Villivakkam,14,S.KANDASAMY,IND,74,55.92,GEN,Chennai Metro,0.05135607806123865
Villivakkam,14,C.MOHAN,IND,54,55.92,GEN,Chennai Metro,0.037476056963606584
Villivakkam,14,M .JALAL,IND,43,55.92,GEN,Chennai Metro,0.029842045359908947
Villivakkam,14,A.S.KUMAR,IND,42,55.92,GEN,Chennai Metro,0.029148044305027345
Villivakkam,14,C.A.ASHOK KUMAR,IND,40,55.92,GEN,Chennai Metro,0.027760042195264137
Villivakkam,14,G.IYANAR,IND,36,55.92,GEN,Chennai Metro,0.02498403797573772
Villivakkam,14,G. DEVAPRIYAN,IND,27,55.92,GEN,Chennai Metro,0.018738028481803292
Villivakkam,14,C.RAGHUL,IND,25,55.92,GEN,Chennai Metro,0.017350026372040087
Thiru-Vi-Ka-Nagar,15,SIVAKUMAR.P,DMK,81727,60.62,SC,Chennai Metro,61.12897917663954
Thiru-Vi-Ka-Nagar,15,KALYANI.P.L,AIADMK,26714,60.62,SC,Chennai Metro,19.981151268549546
Thiru-Vi-Ka-Nagar,15,ILLAVANJI.DR.R,NTK,10921,60.62,SC,Chennai Metro,8.168531594064147
Thiru-Vi-Ka-Nagar,15,OBATH.S,MNM,9710,60.62,SC,Chennai Metro,7.2627453326950695
Thiru-Vi-Ka-Nagar,15,SEKAR.M.P,DMDK,1787,60.62,SC,Chennai Metro,1.336614408808042
Thiru-Vi-Ka-Nagar,15,NONE OF THE ABOVE,NOTA,1046,60.62,SC,Chennai Metro,0.7823719483006223
Thiru-Vi-Ka-Nagar,15,BAGAVATH SINGH.M,BSP,355,60.62,SC,Chennai Metro,0.26552776448061277
Thiru-Vi-Ka-Nagar,15,SIHAMANI.G,IND,214,60.62,SC,Chennai Metro,0.16006462422211584
Thiru-Vi-Ka-Nagar,15,SUNDAR.G,IND,144,60.62,SC,Chennai Metro,0.1077070368597415
Thiru-Vi-Ka-Nagar,15,SELVAKUMAR.A,IND,136,60.62,SC,Chennai Metro,0.10172331258975587
Thiru-Vi-Ka-Nagar,15,KALYANI.K,IND,129,60.62,SC,Chennai Metro,0.09648755385351844
Thiru-Vi-Ka-Nagar,15,SEKAR.E,IND,125,60.62,SC,Chennai Metro,0.09349569171852562
Thiru-Vi-Ka-Nagar,15,RAMESH BABU.M,IND,106,60.62,SC,Chennai Metro,0.07928434657730972
Thiru-Vi-Ka-Nagar,15,KOLANJI.M,IND,85,60.62,SC,Chennai Metro,0.06357707036859742
Thiru-Vi-Ka-Nagar,15,PRABHAKARAN.K,Makkalatchi Katchi,79,60.62,SC,Chennai Metro,0.05908927716610819
Thiru-Vi-Ka-Nagar,15,UDAYA CHANDRAN .R,IND,77,60.62,SC,Chennai Metro,0.05759334609861178
Thiru-Vi-Ka-Nagar,15,RAVIKUMAR.S,Republican Party of India  (Sivaraj),62,60.62,SC,Chennai Metro,0.0463738630923887
Thiru-Vi-Ka-Nagar,15,MALATHI.S,IND,57,60.62,SC,Chennai Metro,0.04263403542364768
Thiru-Vi-Ka-Nagar,15,PREMKUMAR.G,IND,44,60.62,SC,Chennai Metro,0.03291048348492102
Thiru-Vi-Ka-Nagar,15,RAVIPARAIYANAR.D,RPI(A),41,60.62,SC,Chennai Metro,0.0306665868836764
Thiru-Vi-Ka-Nagar,15,SANTHANU.S,IND,38,60.62,SC,Chennai Metro,0.028422690282431787
Thiru-Vi-Ka-Nagar,15,RANGANATHAN.M,IND,37,60.62,SC,Chennai Metro,0.02767472474868358
Thiru-Vi-Ka-Nagar,15,GOVINDARAJ.G,IND,33,60.62,SC,Chennai Metro,0.02468286261369076
Thiru-Vi-Ka-Nagar,15,BIRLABOSE.M,IND,29,60.62,SC,Chennai Metro,0.02169100047869794
Egmore,16,I.PARANTHAMEN,DMK,68832,61.13,SC,Chennai Metro,57.71059184546118
Egmore,16,B.JOHN PANDIAN,AIADMK,30064,61.13,SC,Chennai Metro,25.20646259358939
Egmore,16,U. PRIYADARSINI,MNM,9990,61.13,SC,Chennai Metro,8.375883492215207
Egmore,16,P.GEETHA LAKSHMI,NTK,6276,61.13,SC,Chennai Metro,5.261966446160424
Egmore,16,T.PRABHU,DMDK,1293,61.13,SC,Chennai Metro,1.084085821364791
Egmore,16,NONE OF THE ABOVE,NOTA,1176,61.13,SC,Chennai Metro,0.9859898885730813
Egmore,16,V. PRABHU,IND,492,61.13,SC,Chennai Metro,0.41250597379077897
Egmore,16,K.P.SUNDARAPRATHABAN,BSP,361,61.13,SC,Chennai Metro,0.3026720661351041
Egmore,16,S.JAYAKALPANA,IND,171,61.13,SC,Chennai Metro,0.14337097869557563
Egmore,16,DR.N. GUNASEKAR,IND,109,61.13,SC,Chennai Metro,0.09138851858372948
Egmore,16,A.PARANTHAMAN,IND,98,61.13,SC,Chennai Metro,0.0821658240477568
Egmore,16,J.CHANDRAKALA,LJP,92,61.13,SC,Chennai Metro,0.07713526339177168
Egmore,16,G.R.RAJENDRAN,IND,84,61.13,SC,Chennai Metro,0.07042784918379154
Egmore,16,G.SHEEJA,Nam India Naam Indiyar Katchi,55,61.13,SC,Chennai Metro,0.0461134726798635
Egmore,16,R.REVANTH,Anaithu Makkal Arasiyal Katchi,45,61.13,SC,Chennai Metro,0.03772920491988832
Egmore,16,M.UTHAYAKUMAR,IND,41,61.13,SC,Chennai Metro,0.03437549781589825
Egmore,16,N.ARAVINTH KUMAR,IND,38,61.13,SC,Chennai Metro,0.0318602174879057
Egmore,16,V.SEKAR,IND,28,61.13,SC,Chennai Metro,0.02347594972793051
Egmore,16,V.ESWARAN,IND,26,61.13,SC,Chennai Metro,0.021799096175935475
Royapuram,17,MURTHY.R.IDREAM,DMK,64424,62.6,GEN,Chennai Metro,53.15906296672195
Royapuram,17,JAYAKUMAR.D,AIADMK,36645,62.6,GEN,Chennai Metro,30.237393865881128
Royapuram,17,GUNASEKARAN.S,MNM,8166,62.6,GEN,Chennai Metro,6.738124118127583
Royapuram,17,KAMALI.S,NTK,7953,62.6,GEN,Chennai Metro,6.562368492709855
Royapuram,17,RAMAJAYAM.C,AMMK,1128,62.6,GEN,Chennai Metro,0.9307621853107904
Royapuram,17,NONE OF THE ABOVE,NOTA,901,62.6,GEN,Chennai Metro,0.7434545469548068
Royapuram,17,JAMES MARTIN.M,Tamil Nadu Ilangyar Katchi,557,62.6,GEN,Chennai Metro,0.45960508618626794
Royapuram,17,SUGANTHAN.T,IND,205,62.6,GEN,Chennai Metro,0.1691544751672979
Royapuram,17,KUMAR.S,BSP,180,62.6,GEN,Chennai Metro,0.1485258806347006
Royapuram,17,MOHAN.A,Tipu Sultan Party,172,62.6,GEN,Chennai Metro,0.14192473038426945
Royapuram,17,SELVAKUMAR.J,IND,133,62.6,GEN,Chennai Metro,0.10974412291341767
Royapuram,17,DHANASEKARAN.G,IND,109,62.6,GEN,Chennai Metro,0.08994067216212426
Royapuram,17,SUBRAMANI.S.N,IND,85,62.6,GEN,Chennai Metro,0.07013722141083084
Royapuram,17,SUNDARAPANDIAN.R,IND,60,62.6,GEN,Chennai Metro,0.04950862687823353
Royapuram,17,PRASATH.K,IND,58,62.6,GEN,Chennai Metro,0.04785833931562575
Royapuram,17,DINAKARAN.S,IND,56,62.6,GEN,Chennai Metro,0.04620805175301797
Royapuram,17,PRABHAKARAN.V,IND,55,62.6,GEN,Chennai Metro,0.04538290797171407
Royapuram,17,GOKUL.G,IND,52,62.6,GEN,Chennai Metro,0.04290747662780239
Royapuram,17,CHELLAPPPAN.T,IND,50,62.6,GEN,Chennai Metro,0.04125718906519461
Royapuram,17,MURTHY.T.C.S,IND,43,62.6,GEN,Chennai Metro,0.03548118259606736
Royapuram,17,SATHISH.S,IND,30,62.6,GEN,Chennai Metro,0.024754313439116764
Royapuram,17,KALIDASS.K.R,IND,27,62.6,GEN,Chennai Metro,0.022278882095205087
Royapuram,17,VELU.G,IND,27,62.6,GEN,Chennai Metro,0.022278882095205087
Royapuram,17,KARUNAKARAN.H,IND,26,62.6,GEN,Chennai Metro,0.021453738313901197
Royapuram,17,KARTHICK.V,IND,21,62.6,GEN,Chennai Metro,0.017328019407381736
Royapuram,17,PRABHU.D,IND,18,62.6,GEN,Chennai Metro,0.014852588063470059
Royapuram,17,VINDHAN.A,IND,10,62.6,GEN,Chennai Metro,0.008251437813038923
Harbour,18,SEKARBABU. P.K,DMK,59317,57.64,GEN,Chennai Metro,58.3541564190851
Harbour,18,VINOJ. P. SELVAM,BJP,32043,57.64,GEN,Chennai Metro,31.52287260206591
Harbour,18,RAMESH. A,MNM,3763,57.64,GEN,Chennai Metro,3.7019183472700448
Harbour,18,AHAMED FAZIL. M,NTK,3357,57.64,GEN,Chennai Metro,3.302508607968519
Harbour,18,NONE OF THE ABOVE,NOTA,912,57.64,GEN,Chennai Metro,0.897196261682243
Harbour,18,SANTHANA KRISHNAN. P,AMMK,775,57.64,GEN,Chennai Metro,0.7624200688637481
Harbour,18,RAVIKUMAR. C,BSP,410,57.64,GEN,Chennai Metro,0.4033448106246926
Harbour,18,SELVAM. P,IND,247,57.64,GEN,Chennai Metro,0.24299065420560748
Harbour,18,VIVEK RAM. A,IND,166,57.64,GEN,Chennai Metro,0.1633054599114609
Harbour,18,SURESH. R,IND,117,57.64,GEN,Chennai Metro,0.11510083620265618
Harbour,18,GANESH. S,IND,68,57.64,GEN,Chennai Metro,0.06689621249385146
Harbour,18,SELVARAJ. S,IND,63,57.64,GEN,Chennai Metro,0.06197737333989179
Harbour,18,KAMAL. J,IND,47,57.64,GEN,Chennai Metro,0.046237088047220855
Harbour,18,SIVARAMAN. G,IND,40,57.64,GEN,Chennai Metro,0.039350713231677326
Harbour,18,SHANKAR. A,IND,38,57.64,GEN,Chennai Metro,0.037383177570093455
Harbour,18,SELVAKUMAR. R,IND,37,57.64,GEN,Chennai Metro,0.03639940973930152
Harbour,18,RAMKI. P,IND,33,57.64,GEN,Chennai Metro,0.032464338416133796
Harbour,18,PUGALENTHI. P,IND,28,57.64,GEN,Chennai Metro,0.027545499262174127
Harbour,18,UDHAYAKUMAR. V,IND,25,57.64,GEN,Chennai Metro,0.024594195769798325
Harbour,18,SRINIVASAN. P,IND,25,57.64,GEN,Chennai Metro,0.024594195769798325
Harbour,18,KRISHNAKUMAR. G,IND,22,57.64,GEN,Chennai Metro,0.02164289227742253
Harbour,18,ANANDRAJ. T.K,IND,21,57.64,GEN,Chennai Metro,0.020659124446630595
Harbour,18,DAMODHARAN. A.G,IND,20,57.64,GEN,Chennai Metro,0.019675356615838663
Harbour,18,ZIONRAJ. M,IND,18,57.64,GEN,Chennai Metro,0.017707820954254796
Harbour,18,CHANDRAN. R,IND,13,57.64,GEN,Chennai Metro,0.01278898180029513
Harbour,18,RAGHUNATH. K,IND,13,57.64,GEN,Chennai Metro,0.01278898180029513
Harbour,18,RAMESH. D,IND,12,57.64,GEN,Chennai Metro,0.011805213969503198
Harbour,18,NAGARAJ. S,IND,10,57.64,GEN,Chennai Metro,0.009837678307919331
Harbour,18,MAHALINGAM. D,IND,10,57.64,GEN,Chennai Metro,0.009837678307919331
Chepauk-Thiruvallikeni,19,UDHAYANIDHI STALIN,DMK,93285,58.33,GEN,Chennai Metro,67.89054255667553
Chepauk-Thiruvallikeni,19,KASSALI A.V.A,PMK,23930,58.33,GEN,Chennai Metro,17.41566900767803
Chepauk-Thiruvallikeni,19,JAYASIMMARAJA  S M,NTK,9193,58.33,GEN,Chennai Metro,6.690440668097959
Chepauk-Thiruvallikeni,19,MOHAMMED IDRIS K,IJK,4096,58.33,GEN,Chennai Metro,2.9809686692623996
Chepauk-Thiruvallikeni,19,NONE OF THE ABOVE,NOTA,2061,58.33,GEN,Chennai Metro,1.4999454168334485
Chepauk-Thiruvallikeni,19,RAJENDRAN L,AMMK,1873,58.33,GEN,Chennai Metro,1.3631236126778503
Chepauk-Thiruvallikeni,19,RAGHU C,BSP,723,58.33,GEN,Chennai Metro,0.5261817255558385
Chepauk-Thiruvallikeni,19,TABREZ,Tipu Sultan Party,367,58.33,GEN,Chennai Metro,0.2670936283250246
Chepauk-Thiruvallikeni,19,RAVI E,IND,367,58.33,GEN,Chennai Metro,0.2670936283250246
Chepauk-Thiruvallikeni,19,SENTHIL KUMAR H,IND,244,58.33,GEN,Chennai Metro,0.17757723518067028
Chepauk-Thiruvallikeni,19,SRINIVASAN,IND,139,58.33,GEN,Chennai Metro,0.10116080200866054
Chepauk-Thiruvallikeni,19,CHANDRANATHAN S,IND,118,58.33,GEN,Chennai Metro,0.08587751537425858
Chepauk-Thiruvallikeni,19,MOHAMED RIOZ,Anaithu Makkal Arasiyal Katchi,112,58.33,GEN,Chennai Metro,0.08151086205014374
Chepauk-Thiruvallikeni,19,NAGARAJAN,IND,110,58.33,GEN,Chennai Metro,0.08005531094210545
Chepauk-Thiruvallikeni,19,ABID BAKSHQ H HUSSAIN,RPI(A),105,58.33,GEN,Chennai Metro,0.07641643317200975
Chepauk-Thiruvallikeni,19,RAVI M L,Desiya Makkal Sakthi Katchi,89,58.33,GEN,Chennai Metro,0.0647720243077035
Chepauk-Thiruvallikeni,19,ANANDAN  K,IND,88,58.33,GEN,Chennai Metro,0.06404424875368436
Chepauk-Thiruvallikeni,19,MUNIYANDI,IND,81,58.33,GEN,Chennai Metro,0.05894981987555038
Chepauk-Thiruvallikeni,19,KANNAN C,IND,65,58.33,GEN,Chennai Metro,0.047305411011244136
Chepauk-Thiruvallikeni,19,KRISHNADASAN S,IND,57,58.33,GEN,Chennai Metro,0.041483206579091006
Chepauk-Thiruvallikeni,19,BALAJI C,IND,53,58.33,GEN,Chennai Metro,0.03857210436301445
Chepauk-Thiruvallikeni,19,MANIKANDAN E,IND,50,58.33,GEN,Chennai Metro,0.036388777700957026
Chepauk-Thiruvallikeni,19,DILLIRAJ P,IND,49,58.33,GEN,Chennai Metro,0.03566100214693788
Chepauk-Thiruvallikeni,19,MADHANA GOPAL T,IND,42,58.33,GEN,Chennai Metro,0.030566573268803902
Chepauk-Thiruvallikeni,19,GANESAN P,IND,39,58.33,GEN,Chennai Metro,0.02838324660674648
Chepauk-Thiruvallikeni,19,BALAJI K,IND,35,58.33,GEN,Chennai Metro,0.02547214439066992
Chepauk-Thiruvallikeni,19,MOHAMMED HUSSAIN,IND,34,58.33,GEN,Chennai Metro,0.024744368836650776
Thousand Lights,20,EZHILAN N,DMK,71867,56.25,GEN,Chennai Metro,52.86670589966162
Thousand Lights,20,KUSHBOO SUNDAR,BJP,39405,56.25,GEN,Chennai Metro,28.98705311166691
Thousand Lights,20,K M SHARIFF,MNM,11791,56.25,GEN,Chennai Metro,8.673679564513757
Thousand Lights,20,SHERINE AJ,NTK,8884,56.25,GEN,Chennai Metro,6.535236133588347
Thousand Lights,20,NONE OF THE ABOVE,NOTA,1385,56.25,GEN,Chennai Metro,1.0188318375754009
Thousand Lights,20,VAIDHYANATHAN N,AMMK,1155,56.25,GEN,Chennai Metro,0.8496395468589083
Thousand Lights,20,WILLIAMS D,BSP,246,56.25,GEN,Chennai Metro,0.18096218920111815
Thousand Lights,20,RADHA KRISHNAN S,IND,231,56.25,GEN,Chennai Metro,0.16992790937178168
Thousand Lights,20,MANIVANNAN N,IND,229,56.25,GEN,Chennai Metro,0.16845667206120346
Thousand Lights,20,PARTHIBAN V,IND,154,56.25,GEN,Chennai Metro,0.11328527291452112
Thousand Lights,20,DOMNIC A,Nam India Naam Indiyar Katchi,72,56.25,GEN,Chennai Metro,0.05296454318081507
Thousand Lights,20,SANJEEVI S,IND,66,56.25,GEN,Chennai Metro,0.048550831249080474
Thousand Lights,20,SUDAKAR R,IND,66,56.25,GEN,Chennai Metro,0.048550831249080474
Thousand Lights,20,BABU A,IND,65,56.25,GEN,Chennai Metro,0.04781521259379138
Thousand Lights,20,A GEORGE BENNY,IND,62,56.25,GEN,Chennai Metro,0.04560835662792408
Thousand Lights,20,NIRMAL KUMAR S,IND,53,56.25,GEN,Chennai Metro,0.0389877887303222
Thousand Lights,20,RIAZ(A) SYED ZAKEERULLA,Anaithu Makkal Arasiyal Katchi,52,56.25,GEN,Chennai Metro,0.0382521700750331
Thousand Lights,20,P PARIMALA,IND,47,56.25,GEN,Chennai Metro,0.03457407679858761
Thousand Lights,20,VELRAJ S,IND,42,56.25,GEN,Chennai Metro,0.03089598352214212
Thousand Lights,20,DEEBAN M,IND,37,56.25,GEN,Chennai Metro,0.027217890245696628
Thousand Lights,20,SEKAR K,IND,31,56.25,GEN,Chennai Metro,0.02280417831396204
Anna Nagar,21,M.K. MOHAN,DMK,80054,57.33,GEN,Chennai Metro,48.489363764113
Anna Nagar,21,S. GOKULA INDIRA,AIADMK,52609,57.33,GEN,Chennai Metro,31.865702379221787
Anna Nagar,21,V. PONRAJ,MNM,17522,57.33,GEN,Chennai Metro,10.613218975626303
Anna Nagar,21,S. SHANKAR,NTK,10406,57.33,GEN,Chennai Metro,6.302999466976789
Anna Nagar,21,NONE OF THE ABOVE,NOTA,1545,57.33,GEN,Chennai Metro,0.9358191597615932
Anna Nagar,21,K.N. GUNASEKARAN,AMMK,1169,57.33,GEN,Chennai Metro,0.7080728788099045
Anna Nagar,21,S.D. PRABHAKAR,Tamil Nadu Ilangyar Katchi,408,57.33,GEN,Chennai Metro,0.24712894316034306
Anna Nagar,21,D. JEEVITHKUMAR,BSP,220,57.33,GEN,Chennai Metro,0.13325580268449871
Anna Nagar,21,S. SATHYANARAYANAN,IND,158,57.33,GEN,Chennai Metro,0.09570189465523089
Anna Nagar,21,HARI SHANKAR,IND,142,57.33,GEN,Chennai Metro,0.08601056355090372
Anna Nagar,21,K. SATHISH KUMAR,IND,125,57.33,GEN,Chennai Metro,0.07571352425255609
Anna Nagar,21,R. SARAVANAN,IND,122,57.33,GEN,Chennai Metro,0.07389639967049474
Anna Nagar,21,V.M. NAGARAJAN,IND,86,57.33,GEN,Chennai Metro,0.05209090468575859
Anna Nagar,21,L. KASINATHAN,IND,74,57.33,GEN,Chennai Metro,0.0448224063575132
Anna Nagar,21,V. PAULRAJ GUNA,RPI(A),73,57.33,GEN,Chennai Metro,0.04421669816349275
Anna Nagar,21,ANSAR AHAMED,Anaithu Makkal Arasiyal Katchi,69,57.33,GEN,Chennai Metro,0.041793865387410964
Anna Nagar,21,P.E. GOPINATH,IND,62,57.33,GEN,Chennai Metro,0.03755390802926782
Anna Nagar,21,P. DHANASEKAR,Nam India Naam Indiyar Katchi,59,57.33,GEN,Chennai Metro,0.035736783447206474
Anna Nagar,21,S. YUVARAJA,Veerath Thiyagi Viswanathadoss Thozhilalarkal Katchi,56,57.33,GEN,Chennai Metro,0.03391965886514513
Anna Nagar,21,J. NAGARAJ,New Generation People’s Party,53,57.33,GEN,Chennai Metro,0.03210253428308378
Anna Nagar,21,M. VERIYANDI,Anna MGR Dravida Makkal Kalgam,32,57.33,GEN,Chennai Metro,0.01938266220865436
Anna Nagar,21,M. MANOKARAN,IND,27,57.33,GEN,Chennai Metro,0.016354121238552115
Anna Nagar,21,P. MANIMARAN,IND,13,57.33,GEN,Chennai Metro,0.007874206522265833
Anna Nagar,21,A. JAYAPRAKASH,IND,12,57.33,GEN,Chennai Metro,0.007268498328245384
Virugampakkam,22,AMV.PRABHAKARA RAJA,DMK,74351,57.59,GEN,Chennai Metro,43.97203806324555
Virugampakkam,22,VIRUGAI V.N.RAVI,AIADMK,55984,57.59,GEN,Chennai Metro,33.10958264088901
Virugampakkam,22,SENEGAN,MNM,16939,57.59,GEN,Chennai Metro,10.017919769112941
Virugampakkam,22,T.S.RAJENDRAN,NTK,10185,57.59,GEN,Chennai Metro,6.023526350340357
Virugampakkam,22,M.GUNASEKARAN (A) STAR M.GUNASEKARAN,IND,5186,57.59,GEN,Chennai Metro,3.0670601524658903
Virugampakkam,22,B.PARTHASARATHY,DMDK,1585,57.59,GEN,Chennai Metro,0.9373872621786418
Virugampakkam,22,NONE OF THE ABOVE,NOTA,1563,57.59,GEN,Chennai Metro,0.9243762086972979
Virugampakkam,22,R.MAYILSAMY,IND,1440,57.59,GEN,Chennai Metro,0.8516325915061478
Virugampakkam,22,SATHASIVAM,IND,344,57.59,GEN,Chennai Metro,0.20344556352646861
Virugampakkam,22,M.S.ISMAIL KHAN,All India Jananayaka Makkal Kazhagam,209,57.59,GEN,Chennai Metro,0.12360500807276727
Virugampakkam,22,M.MANNU,IND,148,57.59,GEN,Chennai Metro,0.08752890523813185
Virugampakkam,22,V.GUNASEKARAN,IND,131,57.59,GEN,Chennai Metro,0.07747490936618427
Virugampakkam,22,M.SIVAKUMAR,IND,119,57.59,GEN,Chennai Metro,0.07037797110363303
Virugampakkam,22,G.THANIGACHALAM,Veerath Thiyagi Viswanathadoss Thozhilalarkal Katchi,90,57.59,GEN,Chennai Metro,0.05322703696913424
Virugampakkam,22,MANJU,Anaithu Makkal Arasiyal Katchi,90,57.59,GEN,Chennai Metro,0.05322703696913424
Virugampakkam,22,S.GUNASEKAR,IND,88,57.59,GEN,Chennai Metro,0.05204421392537569
Virugampakkam,22,G.RAVI,RJD,73,57.59,GEN,Chennai Metro,0.04317304109718666
Virugampakkam,22,M.ELLANGOVAN,IND,72,57.59,GEN,Chennai Metro,0.04258162957530739
Virugampakkam,22,E.SANKAR,IND,68,57.59,GEN,Chennai Metro,0.04021598348779031
Virugampakkam,22,R.PRABAHARAN,Tamizhaga Murpokku Makkal Katchi,65,57.59,GEN,Chennai Metro,0.038441748922152505
Virugampakkam,22,D.SUNDAR SINGH,IND,56,57.59,GEN,Chennai Metro,0.03311904522523908
Virugampakkam,22,D.PRABAKARAN,IND,56,57.59,GEN,Chennai Metro,0.03311904522523908
Virugampakkam,22,M.SRINIVASAN,IND,49,57.59,GEN,Chennai Metro,0.028979164572084194
Virugampakkam,22,V.THALAPATHI,IND,49,57.59,GEN,Chennai Metro,0.028979164572084194
Virugampakkam,22,V.K.KATHIR,IND,48,57.59,GEN,Chennai Metro,0.028387753050204922
Virugampakkam,22,S.R.DINESH KUMAR,Anna MGR Dravida Makkal Kalgam,41,57.59,GEN,Chennai Metro,0.02424787239705004
Virugampakkam,22,K.BOOPATHY,IND,34,57.59,GEN,Chennai Metro,0.020107991743895156
Virugampakkam,22,V.K.SENTHIL KUMAR,IND,24,57.59,GEN,Chennai Metro,0.014193876525102461
Saidapet,23,SUBRAMANIAN. MA,DMK,80194,57.36,GEN,Chennai Metro,50.01902362047566
Saidapet,23,SAIDAI DURAISAMY,AIADMK,50786,57.36,GEN,Chennai Metro,31.676511130377293
Saidapet,23,SNEGAPRIYA,MNM,13454,57.36,GEN,Chennai Metro,8.391599668178161
Saidapet,23,SURESH KUMAR. B,NTK,10717,57.36,GEN,Chennai Metro,6.684463627461376
Saidapet,23,SENTHAMIZHAN. G,AMMK,2081,57.36,GEN,Chennai Metro,1.2979722691748738
Saidapet,23,NONE OF THE ABOVE,NOTA,1158,57.36,GEN,Chennai Metro,0.7222738528133128
Saidapet,23,KOTTUR KUMAR. R,BSP,274,57.36,GEN,Chennai Metro,0.17090072165012754
Saidapet,23,SAGAYAMARY. N,RPI(A),209,57.36,GEN,Chennai Metro,0.1303585796528345
Saidapet,23,SIVASANKAR. S. R,IND,182,57.36,GEN,Chennai Metro,0.1135179975924205
Saidapet,23,BALAJI. V,IND,145,57.36,GEN,Chennai Metro,0.0904401629170383
Saidapet,23,KANDHASAMY. R,IND,141,57.36,GEN,Chennai Metro,0.08794526187105105
Saidapet,23,MURTHI. R,IND,125,57.36,GEN,Chennai Metro,0.07796565768710198
Saidapet,23,SATHISH KUMAR. S,IND,121,57.36,GEN,Chennai Metro,0.07547075664111472
Saidapet,23,SARAVANAN. D,IND,91,57.36,GEN,Chennai Metro,0.05675899879621025
Saidapet,23,SIVAGNANASAMBANDAN. T,Desiya Makkal Sakthi Katchi,89,57.36,GEN,Chennai Metro,0.05551154827321661
Saidapet,23,JOTHI SAIRAM. S,IND,66,57.36,GEN,Chennai Metro,0.041165867258789846
Saidapet,23,KOTHANDAPANI. K,IND,48,57.36,GEN,Chennai Metro,0.029938812551847164
Saidapet,23,IMRAN KHAN. M,IND,47,57.36,GEN,Chennai Metro,0.029315087290350348
Saidapet,23,MANIMARAN. S,IND,43,57.36,GEN,Chennai Metro,0.02682018624436308
Saidapet,23,PREM KUMAR. A,IND,40,57.36,GEN,Chennai Metro,0.024949010459872637
Saidapet,23,ASHOK KUMAR. V,IND,38,57.36,GEN,Chennai Metro,0.023701559936879005
Saidapet,23,VIJAYA KUMAR. R,IND,37,57.36,GEN,Chennai Metro,0.023077834675382186
Saidapet,23,LOGANATHAN. J,IND,34,57.36,GEN,Chennai Metro,0.021206658890891742
Saidapet,23,VENKATESH. K,IND,32,57.36,GEN,Chennai Metro,0.019959208367898107
Saidapet,23,RISHI KUMAR. A,IND,31,57.36,GEN,Chennai Metro,0.01933548310640129
Saidapet,23,ARUN KUMAR. M,IND,30,57.36,GEN,Chennai Metro,0.018711757844904475
Saidapet,23,VASANTH. H,IND,30,57.36,GEN,Chennai Metro,0.018711757844904475
Saidapet,23,ELANGO. K,IND,23,57.36,GEN,Chennai Metro,0.014345681014426764
Saidapet,23,RAJESH. N,IND,23,57.36,GEN,Chennai Metro,0.014345681014426764
Saidapet,23,PRAKASH. C,IND,20,57.36,GEN,Chennai Metro,0.012474505229936319
Saidapet,23,ALAGANATHAN. B,IND,18,57.36,GEN,Chennai Metro,0.011227054706942687
Theayagaraya Nagar,24,KARUNANITHI J,DMK,56035,55.99,GEN,Chennai Metro,40.57155682986519
Theayagaraya Nagar,24,SATHIYANAARAYANAN B,AIADMK,55898,55.99,GEN,Chennai Metro,40.47236340993672
Theayagaraya Nagar,24,KARUPPIAH PALA,MNM,14567,55.99,GEN,Chennai Metro,10.547084292685753
Theayagaraya Nagar,24,SIVASANKARI S,NTK,8284,55.99,GEN,Chennai Metro,5.9979437276452785
Theayagaraya Nagar,24,NONE OF THE ABOVE,NOTA,1617,55.99,GEN,Chennai Metro,1.1707719709804945
Theayagaraya Nagar,24,BHARANEESWARAN R,AMMK,782,55.99,GEN,Chennai Metro,0.5661989371099236
Theayagaraya Nagar,24,JOHNSON R,BSP,269,55.99,GEN,Chennai Metro,0.1947666420493216
Theayagaraya Nagar,24,PALAYAN R,IND,124,55.99,GEN,Chennai Metro,0.08978090562868354
Theayagaraya Nagar,24,DHANUSH M,United States of India Party,109,55.99,GEN,Chennai Metro,0.07892031220585893
Theayagaraya Nagar,24,RAJASEKARAN D,IND,92,55.99,GEN,Chennai Metro,0.06661163965999102
Theayagaraya Nagar,24,VETRI SELVI,Anaithu Makkal Arasiyal Katchi,88,55.99,GEN,Chennai Metro,0.06371548141390446
Theayagaraya Nagar,24,KANNAN S,IND,88,55.99,GEN,Chennai Metro,0.06371548141390446
Theayagaraya Nagar,24,DHANASEKARAN R,Desiya Makkal Sakthi Katchi,74,55.99,GEN,Chennai Metro,0.05357892755260147
Theayagaraya Nagar,24,ELLAPPAN A.K.D,Mahathma Makkal Munnetra Kazhakam,52,55.99,GEN,Chennai Metro,0.03765005719912536
Theayagaraya Nagar,24,THIRUNAVUKKARASU V,Makkalatchi Katchi,35,55.99,GEN,Chennai Metro,0.025341384653257453
Mylapore,25,VELU.DHA,DMK,68392,56.6,GEN,Chennai Metro,44.57537639314345
Mylapore,25,NATARAJ.R,AIADMK,55759,56.6,GEN,Chennai Metro,36.341654174542136
Mylapore,25,SRIPRIYA,MNM,14904,56.6,GEN,Chennai Metro,9.713876034673792
Mylapore,25,MAHALAKSHMI.K,NTK,10124,56.6,GEN,Chennai Metro,6.59844880401486
Mylapore,25,NONE OF THE ABOVE,NOTA,1287,56.6,GEN,Chennai Metro,0.8388190054096331
Mylapore,25,KARTHICK.D,AMMK,1118,56.6,GEN,Chennai Metro,0.7286710552043277
Mylapore,25,BALAJI,BSP,413,56.6,GEN,Chennai Metro,0.2691781268330835
Mylapore,25,RADHA M (TRANSGENDER),IND,203,56.6,GEN,Chennai Metro,0.1323078928501597
Mylapore,25,NALLAPPAN.G,IND,181,56.6,GEN,Chennai Metro,0.11796910643290101
Mylapore,25,NATARAJAN P,IND,129,56.6,GEN,Chennai Metro,0.0840774294466532
Mylapore,25,PASUPATHI PRAGALATHAN,IND,117,56.6,GEN,Chennai Metro,0.07625627321905755
Mylapore,25,MOHANRAJ.J,Jebamani Janata,113,56.6,GEN,Chennai Metro,0.07364922114319233
Mylapore,25,SELVAKUMAR,IND,112,56.6,GEN,Chennai Metro,0.07299745812422603
Mylapore,25,RANGARAJAN.R,IND,93,56.6,GEN,Chennai Metro,0.060613960763866256
Mylapore,25,NANDAGOPAL.G,IND,87,56.6,GEN,Chennai Metro,0.05670338265006844
Mylapore,25,SENTHIL KUMAR.D,Anaithu Makkal Arasiyal Katchi,82,56.6,GEN,Chennai Metro,0.05344456755523692
Mylapore,25,ARUNRAJ BALAN,IND,76,56.6,GEN,Chennai Metro,0.04953398944143909
Mylapore,25,VARATHARAJAN.V.S,IND,50,56.6,GEN,Chennai Metro,0.032588150948315193
Mylapore,25,KAJENDRAN.M,IND,38,56.6,GEN,Chennai Metro,0.024766994720719544
Mylapore,25,V. VIJAYA KRISHNA,IND,38,56.6,GEN,Chennai Metro,0.024766994720719544
Mylapore,25,SHANMUGARAJAN B,IND,35,56.6,GEN,Chennai Metro,0.022811705663820635
Mylapore,25,MALAR KANNAN.R,IND,29,56.6,GEN,Chennai Metro,0.018901127550022812
Mylapore,25,KUPPUSWAMY.T.M,IND,26,56.6,GEN,Chennai Metro,0.0169458384931239
Mylapore,25,VENKATESH,IND,24,56.6,GEN,Chennai Metro,0.015642312455191293
Velachery,26,JMH.AASSAN MAULAANA,INC,68493,56.18,GEN,Chennai Metro,38.75923809092659
Velachery,26,M.K.ASHOK,AIADMK,64141,56.18,GEN,Chennai Metro,36.2965016919995
Velachery,26,DR. SANTHOSH BABU IAS (RETD),MNM,23072,56.18,GEN,Chennai Metro,13.056124585488416
Velachery,26,M.KEERTHANA,NTK,14171,56.18,GEN,Chennai Metro,8.019172221782087
Velachery,26,M.CHANDRABOSE,AMMK,1977,56.18,GEN,Chennai Metro,1.118756861369218
Velachery,26,NONE OF THE ABOVE,NOTA,1742,56.18,GEN,Chennai Metro,0.9857736229161245
Velachery,26,V.L.REVATHI JAYAKUMARI,Tamil Nadu Ilangyar Katchi,750,56.18,GEN,Chennai Metro,0.4244145908077458
Velachery,26,C.VELU,BSP,477,56.18,GEN,Chennai Metro,0.2699276797537264
Velachery,26,V.SIVARAMAN,IND,282,56.18,GEN,Chennai Metro,0.15957988614371243
Velachery,26,GEETHA,New Generation People’s Party,278,56.18,GEN,Chennai Metro,0.15731634165940447
Velachery,26,A.TAMIL AZHAGAN,IND,229,56.18,GEN,Chennai Metro,0.12958792172663172
Velachery,26,V.HARIHARAN,IND,170,56.18,GEN,Chennai Metro,0.09620064058308905
Velachery,26,N.MAHALAKSHMI,IND,143,56.18,GEN,Chennai Metro,0.0809217153140102
Velachery,26,S.JOTHI KANNAN,IND,117,56.18,GEN,Chennai Metro,0.06620867616600835
Velachery,26,MURALI BALAJI,IND,116,56.18,GEN,Chennai Metro,0.06564279004493136
Velachery,26,S.GOKUL,IND,89,56.18,GEN,Chennai Metro,0.0503638647758525
Velachery,26,R.KANCHANA,Tamizhaga Murpokku Makkal Katchi,87,56.18,GEN,Chennai Metro,0.04923209253369852
Velachery,26,A.CHANDRAN,MGR Makkal Katchi,85,56.18,GEN,Chennai Metro,0.04810032029154453
Velachery,26,J.VICTOR PAUL,RPI(A),69,56.18,GEN,Chennai Metro,0.03904614235431262
Velachery,26,D.VENKATESHAN,Anaithu Makkal Arasiyal Katchi,63,56.18,GEN,Chennai Metro,0.03565082562785065
Velachery,26,K.KANNAN,IND,57,56.18,GEN,Chennai Metro,0.03225550890138868
Velachery,26,G.YESUDASAN,IND,48,56.18,GEN,Chennai Metro,0.027162533811695734
Velachery,26,M.VIGNESH,IND,34,56.18,GEN,Chennai Metro,0.01924012811661781
Velachery,26,A.VETRISELVAN,IND,24,56.18,GEN,Chennai Metro,0.013581266905847867
Shozhinganallur,27,S.ARAVINDRAMESH,DMK,171558,55.51,GEN,Chennai Metro,44.17556102020059
Shozhinganallur,27,K.P.KANDAN,AIADMK,136153,55.51,GEN,Chennai Metro,35.05890229300511
Shozhinganallur,27,S.MICHAEL,NTK,38872,55.51,GEN,Chennai Metro,10.009398617244532
Shozhinganallur,27,RAJIV KUMAR,MNM,30284,55.51,GEN,Chennai Metro,7.798019852969578
Shozhinganallur,27,R.MURUGAN,DMDK,3912,55.51,GEN,Chennai Metro,1.0073257715234774
Shozhinganallur,27,NONE OF THE ABOVE,NOTA,3030,55.51,GEN,Chennai Metro,0.7802139794775399
Shozhinganallur,27,K.SURJITHKUMAR,IND,676,55.51,GEN,Chennai Metro,0.17406754129597918
Shozhinganallur,27,G.PRAKASH ROBERT,BSP,554,55.51,GEN,Chennai Metro,0.1426529850265865
Shozhinganallur,27,S.SENTHIL,IND,477,55.51,GEN,Chennai Metro,0.12282576508606816
Shozhinganallur,27,H.ARAVINDHKUMAR,IND,452,55.51,GEN,Chennai Metro,0.11638835601447131
Shozhinganallur,27,M.RAJESWARIPRIYA,Anaithu Makkal Arasiyal Katchi,427,55.51,GEN,Chennai Metro,0.10995094694287444
Shozhinganallur,27,K.SENTHILKUMAR,IND,310,55.51,GEN,Chennai Metro,0.07982387248780111
Shozhinganallur,27,R.SELVAVIGNESH,IND,176,55.51,GEN,Chennai Metro,0.04531935986404192
Shozhinganallur,27,A.I.AHAMED SHAH,IND,172,55.51,GEN,Chennai Metro,0.04428937441258642
Shozhinganallur,27,T.ELUMALAI,Anna MGR Dravida Munnetra Kazhagam,160,55.51,GEN,Chennai Metro,0.041199418058219923
Shozhinganallur,27,D.SRINIVASAN,IND,149,55.51,GEN,Chennai Metro,0.03836695806671731
Shozhinganallur,27,DR. V.KANDAN,IND,147,55.51,GEN,Chennai Metro,0.03785196534098956
Shozhinganallur,27,G.VELAVAN,IND,134,55.51,GEN,Chennai Metro,0.034504512623759184
Shozhinganallur,27,E.RAJESH,IND,127,55.51,GEN,Chennai Metro,0.03270203808371207
Shozhinganallur,27,D.VENUGOPAL,IND,117,55.51,GEN,Chennai Metro,0.03012707445507332
Shozhinganallur,27,D.KALANITHI,IND,96,55.51,GEN,Chennai Metro,0.024719650834931953
Shozhinganallur,27,R.RAVICHANDRAN,IND,95,55.51,GEN,Chennai Metro,0.024462154472068082
Shozhinganallur,27,P.ARULRAJ,IND,72,55.51,GEN,Chennai Metro,0.018539738126198968
Shozhinganallur,27,K.NARASIMMAN,IND,58,55.51,GEN,Chennai Metro,0.014934789046104725
Shozhinganallur,27,A.DHANASEKAR,IND,57,55.51,GEN,Chennai Metro,0.014677292683240849
Shozhinganallur,27,S.PRITHIVIRAJ,IND,45,55.51,GEN,Chennai Metro,0.011587336328874355
Shozhinganallur,27,A.MOHAMMED GANI,IND,45,55.51,GEN,Chennai Metro,0.011587336328874355
Alandur,28,T.M.ANBARASAN,DMK,116785,60.82,GEN,Chennai Metro,49.12071873514728
Alandur,28,B.VALARMATHI,AIADMK,76214,60.82,GEN,Chennai Metro,32.05622689284167
Alandur,28,SARATHBABU,MNM,21117,60.82,GEN,Chennai Metro,8.881981568952392
Alandur,28,DR.R.KARTHIKEYAN,NTK,16506,60.82,GEN,Chennai Metro,6.942557549705364
Alandur,28,NONE OF THE ABOVE,NOTA,1888,60.82,GEN,Chennai Metro,0.7941081215220966
Alandur,28,M MOHAMMED THAMEEM ANSARI,SDPI,1761,60.82,GEN,Chennai Metro,0.7406908908900488
Alandur,28,G KAMALAKANNAN,Tamil Nadu Ilangyar Katchi,1105,60.82,GEN,Chennai Metro,0.4647719673103373
Alandur,28,N.RAJA,Desiya Makkal Sakthi Katchi,265,60.82,GEN,Chennai Metro,0.11146115053143836
Alandur,28,A.ABRAHAMLINCON,IND,260,60.82,GEN,Chennai Metro,0.10935810995537348
Alandur,28,M.VALARMATHI,IND,239,60.82,GEN,Chennai Metro,0.10052533953590101
Alandur,28,ALI MOHAMED,IND,220,60.82,GEN,Chennai Metro,0.09253378534685448
Alandur,28,E.ANBARASU,IND,202,60.82,GEN,Chennai Metro,0.08496283927302092
Alandur,28,SUBASHREE,Anaithu Makkal Arasiyal Katchi,187,60.82,GEN,Chennai Metro,0.07865371754482632
Alandur,28,S.SRIDHAR,IND,156,60.82,GEN,Chennai Metro,0.06561486597322409
Alandur,28,P.SATHIYARAJ,IND,140,60.82,GEN,Chennai Metro,0.058885136129816495
Alandur,28,M ANBARASU,IND,108,60.82,GEN,Chennai Metro,0.045425676443001294
Alandur,28,NITHYANANDHAM S,IND,107,60.82,GEN,Chennai Metro,0.04500506832778832
Alandur,28,S.ANBARASU,IND,84,60.82,GEN,Chennai Metro,0.03533108167788989
Alandur,28,M.ASHOK KUMAR,IND,74,60.82,GEN,Chennai Metro,0.031125000525760144
Alandur,28,DR.R.SURESH,Bhartiya Manavadhikaar Federal Party,63,60.82,GEN,Chennai Metro,0.02649831125841742
Alandur,28,RAJESH CHINNADURAI,National Democratic Party of South India,60,60.82,GEN,Chennai Metro,0.025236486912778498
Alandur,28,S.V.SARAVANAN,IND,56,60.82,GEN,Chennai Metro,0.023554054451926595
Alandur,28,J.VINCENT,RPI(A),46,60.82,GEN,Chennai Metro,0.019347973299796845
Alandur,28,K SARAVANAN,IND,40,60.82,GEN,Chennai Metro,0.016824324608518997
Alandur,28,C SARAVANAN,IND,40,60.82,GEN,Chennai Metro,0.016824324608518997
Alandur,28,B RAJI,IND,28,60.82,GEN,Chennai Metro,0.011777027225963297
Sriperumbudur,29,SELVAPERUNTHAGAI,INC,115353,73.94,SC,Chennai Metro,43.65099787332269
Sriperumbudur,29,PALANI,AIADMK,104474,73.94,SC,Chennai Metro,39.534250100279266
Sriperumbudur,29,PUSHPARAJ,NTK,22034,73.94,SC,Chennai Metro,8.337937350054112
Sriperumbudur,29,THANIGAIVEL,MNM,8870,73.94,SC,Chennai Metro,3.356517395614958
Sriperumbudur,29,VAIRAMUTHU,IND,6340,73.94,SC,Chennai Metro,2.3991341925816045
Sriperumbudur,29,PERUMAL,AMMK,3144,73.94,SC,Chennai Metro,1.1897283756272183
Sriperumbudur,29,NONE OF THE ABOVE,NOTA,2139,73.94,SC,Chennai Metro,0.8094239807463806
Sriperumbudur,29,VINOTH,BSP,803,73.94,SC,Chennai Metro,0.30386510357145563
Sriperumbudur,29,SAROJA,IND,282,73.94,SC,Chennai Metro,0.10671227796656348
Sriperumbudur,29,LEENA,IND,138,73.94,SC,Chennai Metro,0.052220901983637456
Sriperumbudur,29,VEDHAGIRI,IND,135,73.94,SC,Chennai Metro,0.05108566498399316
Sriperumbudur,29,DEVARAJAN,IND,129,73.94,SC,Chennai Metro,0.04881519098470457
Sriperumbudur,29,VASANTHI,IND,124,73.94,SC,Chennai Metro,0.046923129318630755
Sriperumbudur,29,LOKESH,Desiya Makkal Sakthi Katchi,123,73.94,SC,Chennai Metro,0.04654471698541599
Sriperumbudur,29,SUDHAKAR,IND,100,73.94,SC,Chennai Metro,0.03784123332147641
Sriperumbudur,29,PARTHIBAN,IND,74,73.94,SC,Chennai Metro,0.028002512657892546
Pallavaram,30,KARUNANITHI,DMK,126427,60.86,GEN,Chennai Metro,47.49430866210358
Pallavaram,30,RAJENDRAN,AIADMK,88646,60.86,GEN,Chennai Metro,33.301276512618614
Pallavaram,30,MINISHREE KANAGARAJ,NTK,21362,60.86,GEN,Chennai Metro,8.024974266888059
Pallavaram,30,SENTHIL KUMAR,MNM,20612,60.86,GEN,Chennai Metro,7.743224866075119
Pallavaram,30,MURUGESAN,DMDK,3718,60.86,GEN,Chennai Metro,1.3967256962966859
Pallavaram,30,NONE OF THE ABOVE,NOTA,1945,60.86,GEN,Chennai Metro,0.7306701127748936
Pallavaram,30,SERMA SELVARAJ,Desiya Makkal Sakthi Katchi,525,60.86,GEN,Chennai Metro,0.19722458056905864
Pallavaram,30,KARTHICK,BSP,519,60.86,GEN,Chennai Metro,0.19497058536255513
Pallavaram,30,GOKULKRISHNAN,Tamil Nadu Ilangyar Katchi,432,60.86,GEN,Chennai Metro,0.16228765486825397
Pallavaram,30,KUMARA DOSS,IND,274,60.86,GEN,Chennai Metro,0.10293244776366109
Pallavaram,30,SADAM HUSSAIN,IND,267,60.86,GEN,Chennai Metro,0.10030278668940697
Pallavaram,30,SATHYASEELAN,LJP,234,60.86,GEN,Chennai Metro,0.08790581305363757
Pallavaram,30,AJITHKUMAR,Puthiya Tamilagam,202,60.86,GEN,Chennai Metro,0.07588450528561876
Pallavaram,30,VEERALAKSHMI,My India Party,171,60.86,GEN,Chennai Metro,0.06423886338535054
Pallavaram,30,BALAJI,IND,167,60.86,GEN,Chennai Metro,0.06273619991434819
Pallavaram,30,KANAGARAJ,IND,133,60.86,GEN,Chennai Metro,0.049963560410828195
Pallavaram,30,MICHAEL,IND,124,60.86,GEN,Chennai Metro,0.0465825676010729
Pallavaram,30,RAMACHANDRAN.R,IND,96,60.86,GEN,Chennai Metro,0.03606392330405644
Pallavaram,30,PERUMAL,IND,86,60.86,GEN,Chennai Metro,0.032307264626550564
Pallavaram,30,SASIKUMAR LAKSHMIPATHY,National Democratic Party of South India,85,60.86,GEN,Chennai Metro,0.03193159875879997
Pallavaram,30,SRIDHARAN,Dravida Murpokku Makkal Katchi,69,60.86,GEN,Chennai Metro,0.025920944874790568
Pallavaram,30,KUMAR,Anna MGR Dravida Makkal Kalgam,59,60.86,GEN,Chennai Metro,0.022164286197284687
Pallavaram,30,BHASKARAN,IND,41,60.86,GEN,Chennai Metro,0.015402300577774104
Tambaram,31,RAJA.S.R,DMK,116840,59.55,GEN,Chennai Metro,46.929725908550495
Tambaram,31,CHINNAIYAH.T.K.M,AIADMK,80016,59.55,GEN,Chennai Metro,32.13907008129559
Tambaram,31,ELANGO.SIVA,MNM,22530,59.55,GEN,Chennai Metro,9.04935574049677
Tambaram,31,SURESHKUMAR.T,NTK,19494,59.55,GEN,Chennai Metro,7.829921917676168
Tambaram,31,KARIKALAN.M,AMMK,4207,59.55,GEN,Chennai Metro,1.6897753928215675
Tambaram,31,NONE OF THE ABOVE,NOTA,2284,59.55,GEN,Chennai Metro,0.9173869734263038
Tambaram,31,ABDULNAZAR P A,Tamil Nadu Ilangyar Katchi,1351,59.55,GEN,Chennai Metro,0.5426400179942804
Tambaram,31,HARIKRISHNAN.R,BSP,317,59.55,GEN,Chennai Metro,0.12732560007711835
Tambaram,31,LAKSMANAN N.,IND,264,59.55,GEN,Chennai Metro,0.10603772372353074
Tambaram,31,SIGAMANI S,IND,247,59.55,GEN,Chennai Metro,0.0992095369686064
Tambaram,31,KRISHNA T V N H S R.,IND,215,59.55,GEN,Chennai Metro,0.08635647954757238
Tambaram,31,KAMATCHI U.,Anaithu Makkal Arasiyal Katchi,199,59.55,GEN,Chennai Metro,0.07992995083705536
Tambaram,31,SIVARAMAN.S,IND,169,59.55,GEN,Chennai Metro,0.06788020950483596
Tambaram,31,RATHINAKUMAR R.,IND,151,59.55,GEN,Chennai Metro,0.06065036470550432
Tambaram,31,ANAND PRABHU B.,IND,122,59.55,GEN,Chennai Metro,0.04900228141769223
Tambaram,31,KANNAIRAM.B,IND,117,59.55,GEN,Chennai Metro,0.046993991195655664
Tambaram,31,MANOJKUMAR A.,SHS,88,59.55,GEN,Chennai Metro,0.03534590790784358
Tambaram,31,VENKATESAN.C,Veerath Thiyagi Viswanathadoss Thozhilalarkal Katchi,73,59.55,GEN,Chennai Metro,0.02932103724173388
Tambaram,31,VENKATESAN BALAJI B.,IND,71,59.55,GEN,Chennai Metro,0.02851772115291925
Tambaram,31,JUSTIN CHARLES.P,RPI(A),64,59.55,GEN,Chennai Metro,0.02570611484206806
Tambaram,31,RAMU A,National Democratic Party of South India,56,59.55,GEN,Chennai Metro,0.02249285048680955
Tambaram,31,THANGARAJ V.,IND,47,59.55,GEN,Chennai Metro,0.018877928087143732
Tambaram,31,BALAKRISHNAN G.,IND,46,59.55,GEN,Chennai Metro,0.018476270042736415
Chengalpattu,32,VARALAKSHMI.M,DMK,130573,63.54,GEN,Chennai Metro,47.639253229813896
Chengalpattu,32,GAJENDRAN.M,AIADMK,103908,63.54,GEN,Chennai Metro,37.91059043296471
Chengalpattu,32,SANJEEVINATHAN.K,NTK,26868,63.54,GEN,Chennai Metro,9.802726871394848
Chengalpattu,32,MUTHAMILSELVAN.S,IJK,4146,63.54,GEN,Chennai Metro,1.5126583894894687
Chengalpattu,32,NONE OF THE ABOVE,NOTA,3075,63.54,GEN,Chennai Metro,1.1219065479209156
Chengalpattu,32,SATHISHKUMAR.A,AMMK,3069,63.54,GEN,Chennai Metro,1.1197174619737529
Chengalpattu,32,ERANIAPPAN.S,CPI(ML)(L),684,63.54,GEN,Chennai Metro,0.2495557979765549
Chengalpattu,32,DILLIBABU.S,Tipu Sultan Party,404,63.54,GEN,Chennai Metro,0.147398453775626
Chengalpattu,32,VEERADOSS.E,IND,344,63.54,GEN,Chennai Metro,0.12550759430399835
Chengalpattu,32,SEETHALAKSHMI.I,IND,317,63.54,GEN,Chennai Metro,0.11565670754176594
Chengalpattu,32,RAJAGOPAL.G,IND,233,63.54,GEN,Chennai Metro,0.08500950428148726
Chengalpattu,32,SARAVANAN.D,All India Jananayaka Makkal Kazhagam,195,63.54,GEN,Chennai Metro,0.07114529328278978
Chengalpattu,32,VASUMATHI.G,Anaithu Makkal Arasiyal Katchi,142,63.54,GEN,Chennai Metro,0.05180836741618537
Chengalpattu,32,GOPALAKRISHNAN.N,IND,129,63.54,GEN,Chennai Metro,0.047065347863999386
Thiruporur,33,S.S.BALAJI,VCK,93954,76.36,GEN,North,41.4388984205814
Thiruporur,33,ARUMUGAM.K,PMK,92007,76.36,GEN,North,40.58016398431607
Thiruporur,33,MOHANA SUNDARI.S,NTK,20428,76.36,GEN,North,9.009875225489461
Thiruporur,33,LAVANYA.N,MNM,8194,76.36,GEN,North,3.614006148309215
Thiruporur,33,KOTHANDAPANI.M,AMMK,7662,76.36,GEN,North,3.3793647923291683
Thiruporur,33,NONE OF THE ABOVE,NOTA,1982,76.36,GEN,North,0.8741713675797979
Thiruporur,33,V.K.PAKKIRI AMBADKAR,BSP,1135,76.36,GEN,North,0.5005976297694604
Thiruporur,33,A.JOSHVA,IND,367,76.36,GEN,North,0.1618672512117991
Thiruporur,33,S.NATARAJ,IND,271,76.36,GEN,North,0.11952595389209143
Thiruporur,33,U.AKBAR BHASHA,IND,268,76.36,GEN,North,0.11820278835085057
Thiruporur,33,D.RAVI,IND,268,76.36,GEN,North,0.11820278835085057
Thiruporur,33,M.DURAISAMY,IND,193,76.36,GEN,North,0.08512364981982896
Cheyyur,34,BABU M,VCK,82750,77.88,SC,North,46.19807949977668
Cheyyur,34,KANITHA S,AIADMK,78708,77.88,SC,North,43.94149173738276
Cheyyur,34,RAJESH R,NTK,9653,77.88,SC,North,5.389124609200536
Cheyyur,34,SIVA A,DMDK,3054,77.88,SC,North,1.7050022331397945
Cheyyur,34,ANBU TAMILSEKARAN P,MNM,1968,77.88,SC,North,1.0987047789191604
Cheyyur,34,NONE OF THE ABOVE,NOTA,1141,77.88,SC,North,0.6370031263957123
Cheyyur,34,ILAYARAJA S,BSP,964,77.88,SC,North,0.5381866904868244
Cheyyur,34,VINOTH M,IND,403,77.88,SC,North,0.22498883430102723
Cheyyur,34,BABU E,IND,263,77.88,SC,North,0.1468289414917374
Cheyyur,34,AMARNATH B,IND,216,77.88,SC,North,0.1205895489057615
Maduranthakam,35,MARAGATHAM. K,AIADMK,86646,80.65,SC,North,46.62347585583453
Maduranthakam,35,SATHYA. C.E,DMK,83076,80.65,SC,North,44.70248921126549
Maduranthakam,35,SUMITHA. P,NTK,9293,80.65,SC,North,5.0004842823473705
Maduranthakam,35,MOORTHI . N,DMDK,2137,80.65,SC,North,1.1499015292560346
Maduranthakam,35,DINESH. K,MNM,1488,80.65,SC,North,0.8006801476523069
Maduranthakam,35,NONE OF THE ABOVE,NOTA,1371,80.65,SC,North,0.7377234424941618
Maduranthakam,35,TAMIZHSELVAN. S,IND,639,80.65,SC,North,0.34384046663294626
Maduranthakam,35,MADHANRAJ. M,BSP,587,80.65,SC,North,0.3158597087848818
Maduranthakam,35,KOTHANDAN. A,Desiya Sirupanmayinar Makkal Iyakkam,251,80.65,SC,North,0.13506096576661894
Maduranthakam,35,RANJITHAM. M,IND,233,80.65,SC,North,0.12537531881921202
Maduranthakam,35,SUBASH. S,Makkal Munnetra Peravai,121,80.65,SC,North,0.06510907114645775
Uthiramerur,36,SUNDAR K,DMK,93427,80.1,GEN,North,44.37725918994533
Uthiramerur,36,SOMASUNDARAM V,AIADMK,91805,80.1,GEN,North,43.60681901305759
Uthiramerur,36,KAMACTHI.S,NTK,11405,80.1,GEN,North,5.417305929349401
Uthiramerur,36,RANJITHKUMAR.R.V,AMMK,7211,80.1,GEN,North,3.425181328938056
Uthiramerur,36,SUSAIAPPAR.A,MNM,2100,80.1,GEN,North,0.9974872820371541
Uthiramerur,36,NONE OF THE ABOVE,NOTA,952,80.1,GEN,North,0.4521942345235098
Uthiramerur,36,PONNAMBALAM.R,IND,753,80.1,GEN,North,0.3576704397018938
Uthiramerur,36,SURESH D,BSP,602,80.1,GEN,North,0.2859463541839842
Uthiramerur,36,MADHAVARAJ.K.V,IND,448,80.1,GEN,North,0.21279728683459287
Uthiramerur,36,THANGARAJ.K,IND,333,80.1,GEN,North,0.158172983294463
Uthiramerur,36,JAYABALAN.E,IND,306,80.1,GEN,North,0.14534814681112818
Uthiramerur,36,SARAVANAN.A,IND,304,80.1,GEN,North,0.1443981589234737
Uthiramerur,36,DEVARAJAN.C,IND,141,80.1,GEN,North,0.06697414607963749
Uthiramerur,36,SIVAKUMAR.A,Desiya Makkal Sakthi Katchi,136,80.1,GEN,North,0.0645991763605014
Uthiramerur,36,AROKIASAMY.J,IND,104,80.1,GEN,North,0.04939937015803049
Uthiramerur,36,GUNASEKAR.V,IND,104,80.1,GEN,North,0.04939937015803049
Uthiramerur,36,CHINNASWAMY.T,IND,101,80.1,GEN,North,0.047974388326548836
Uthiramerur,36,JAISUDHA.V,RPI(A),85,80.1,GEN,North,0.04037448522531338
Uthiramerur,36,JAYARAMAN.C.A,IND,82,80.1,GEN,North,0.03894950339383173
Uthiramerur,36,JEEVANANTHAM.D,IND,66,80.1,GEN,North,0.03134960029259627
Uthiramerur,36,SIVALINGAM.M,IND,64,80.1,GEN,North,0.030399612404941836
Kancheepuram,37,C.V.M.P. EZHAILZRASAN,DMK,102712,73.28,GEN,North,44.767948673245236
Kancheepuram,37,P. MAGESH KUMAR,PMK,91117,73.28,GEN,North,39.71416367376826
Kancheepuram,37,S. SALDIN,NTK,13946,73.28,GEN,North,6.078489487081139
Kancheepuram,37,B. GOPINATH,MNM,12028,73.28,GEN,North,5.242511942536351
Kancheepuram,37,NONE OF THE ABOVE,NOTA,2539,73.28,GEN,North,1.106645977893232
Kancheepuram,37,N. MANOGARAN,AMMK,2301,73.28,GEN,North,1.002911538059207
Kancheepuram,37,L. ARULNATHAN,IND,2050,73.28,GEN,North,0.8935109313434917
Kancheepuram,37,K. PRABAKARAN,BSP,1193,73.28,GEN,North,0.5199797761428222
Kancheepuram,37,D.GNANAMOORTHY,IND,415,73.28,GEN,North,0.18088148122319467
Kancheepuram,37,M. MEGANATHAN,New Generation People’s Party,248,73.28,GEN,North,0.10809302974301754
Kancheepuram,37,J. JAYARAJ,IND,193,73.28,GEN,North,0.08412078524355801
Kancheepuram,37,S. SRINIVASAN,IND,162,73.28,GEN,North,0.07060915652568081
Kancheepuram,37,T. MAGESH,IND,157,73.28,GEN,North,0.06842986157118448
Kancheepuram,37,R. VINOTHRAJ,IND,133,73.28,GEN,North,0.05796924578960215
Kancheepuram,37,P. EZHILARASAN,IND,127,73.28,GEN,North,0.05535409184420656
Kancheepuram,37,M.ELANGOVAN,IND,111,73.28,GEN,North,0.048380347989818336
Arakonam,38,S.RAVI,AIADMK,85399,74.89,SC,North,49.82089935360418
Arakonam,38,GOWTHAMA SANNAH.J,VCK,58230,74.89,SC,North,33.9707838424381
Arakonam,38,E.ABIRAMI,NTK,14631,74.89,SC,North,8.53557510559354
Arakonam,38,K.C.MANIVANNAN,AMMK,4777,74.89,SC,North,2.786852729097146
Arakonam,38,S.BASKARAN,MNM,3543,74.89,SC,North,2.0669498051478308
Arakonam,38,P.SUDHAKAR,BSP,1825,74.89,SC,North,1.064686253004457
Arakonam,38,NONE OF THE ABOVE,NOTA,1656,74.89,SC,North,0.966093389027606
Arakonam,38,P.RAVI,IND,432,74.89,SC,North,0.2520243623550277
Arakonam,38,C.M.GOWTHAMAN,IND,285,74.89,SC,North,0.1662660723869974
Arakonam,38,M.MADHANRAJ,IND,184,74.89,SC,North,0.10734370989195623
Arakonam,38,C.MOHAN,IND,128,74.89,SC,North,0.07467388514223042
Arakonam,38,M.MANIKANDAN,IND,113,74.89,SC,North,0.0659230392271253
Arakonam,38,A.GAUTHAMAN,IND,112,74.89,SC,North,0.06533964949945162
Arakonam,38,V.RAVI,IND,97,74.89,SC,North,0.05658880358434649
Sholinghur,39,A.M.MUNIRATHINAM,INC,110228,80.09,GEN,North,49.184994801636705
Sholinghur,39,A.M.KRISHNAN,PMK,83530,80.09,GEN,North,37.27204172969403
Sholinghur,39,N.G.PARTHIBAN,AMMK,12979,80.09,GEN,North,5.791378302522434
Sholinghur,39,Y.R.PAVENDHAN,NTK,9656,80.09,GEN,North,4.308617681574591
Sholinghur,39,R.JAWAHAR,MNM,1664,80.09,GEN,North,0.7424958390783056
Sholinghur,39,NONE OF THE ABOVE,NOTA,1239,80.09,GEN,North,0.5528559763329451
Sholinghur,39,T.RAJENDRAN,IND,1015,80.09,GEN,North,0.45290461338009624
Sholinghur,39,M.GIRIDHARAN,BSP,614,80.09,GEN,North,0.27397382523682673
Sholinghur,39,M.MUNIRATHINAM,IND,587,80.09,GEN,North,0.26192611630947443
Sholinghur,39,J.BALAJI,IND,467,80.09,GEN,North,0.20838074329901968
Sholinghur,39,A.PALANI,IND,466,80.09,GEN,North,0.2079345318572659
Sholinghur,39,K.MANI,IND,372,80.09,GEN,North,0.1659906563324097
Sholinghur,39,N.MANI,IND,326,80.09,GEN,North,0.14546493001173535
Sholinghur,39,G.VIJAYAKUMAR,Desiya Sirupanmayinar Makkal Iyakkam,222,80.09,GEN,North,0.09905894006934125
Sholinghur,39,P.PARTHIBAN,IND,205,80.09,GEN,North,0.09147334555952684
Sholinghur,39,C.MUNIRATHINAM,IND,174,80.09,GEN,North,0.07764079086515936
Sholinghur,39,R.VINOTH,Veerath Thiyagi Viswanathadoss Thozhilalarkal Katchi,132,80.09,GEN,North,0.05889991031150021
Sholinghur,39,K.SEKAR,IND,121,80.09,GEN,North,0.05399158445220853
Sholinghur,39,R.ELUMALAI,IND,112,80.09,GEN,North,0.04997568147642442
Katpadi,40,DURAIMURUGAN,DMK,85140,74.0,GEN,North,45.71373344930898
Katpadi,40,V RAMU,AIADMK,84394,74.0,GEN,North,45.31318793423751
Katpadi,40,S THIRUKKUMARAN,NTK,10449,74.0,GEN,North,5.610321832415193
Katpadi,40,NONE OF THE ABOVE,NOTA,1889,74.0,GEN,North,1.0142499704691645
Katpadi,40,A S RAJA,AMMK,1066,74.0,GEN,North,0.5723612856115031
Katpadi,40,M SUDHARSAN,IJK,1003,74.0,GEN,North,0.538535055786433
Katpadi,40,V VINAYAGAM,IND,551,74.0,GEN,North,0.29584527989862874
Katpadi,40,K RAJA,BSP,374,74.0,GEN,North,0.20080968181866993
Katpadi,40,D RAMU,IND,332,74.0,GEN,North,0.1782588619352899
Katpadi,40,R BASKARAN,IND,224,74.0,GEN,North,0.12027103937802691
Katpadi,40,J ANANDHI,IND,193,74.0,GEN,North,0.10362638660696068
Katpadi,40,P DHANANJAYAN,IND,166,74.0,GEN,North,0.08912943096764495
Katpadi,40,ARUMUGAM K P,RPI(A),144,74.0,GEN,North,0.0773170967430173
Katpadi,40,RAMAN,IND,144,74.0,GEN,North,0.0773170967430173
Katpadi,40,K RAMU,IND,99,74.0,GEN,North,0.053155504010824396
Katpadi,40,R S SRIDHAR,Anna MGR Dravida Makkal Kalgam,78,74.0,GEN,North,0.04188009406913437
Ranipet,41,R.GANDHI,DMK,103291,77.24,GEN,North,49.78791296719399
Ranipet,41,S.M.SUGUMAR,AIADMK,86793,77.24,GEN,North,41.835613268936
Ranipet,41,V.SHYLAJA,NTK,10234,77.24,GEN,North,4.932951576674283
Ranipet,41,M.ATHAM BASHA,MNM,2762,77.24,GEN,North,1.3313281468413491
Ranipet,41,NONE OF THE ABOVE,NOTA,1632,77.24,GEN,North,0.7866500853168291
Ranipet,41,A.YUVARAJ,BSP,669,77.24,GEN,North,0.32246869306186193
Ranipet,41,G.VEERAMANI,AMMK,637,77.24,GEN,North,0.30704418158506136
Ranipet,41,S.JAYAKUMAR,IND,425,77.24,GEN,North,0.20485679305125756
Ranipet,41,DR.K.SATHIYARAJ,Tamil Nadu Ilangyar Katchi,275,77.24,GEN,North,0.1325543955037549
Ranipet,41,A.MANIKANDAN,IND,268,77.24,GEN,North,0.12918028361820477
Ranipet,41,A.MANSUR BASHA,IND,194,77.24,GEN,North,0.09351110082810346
Ranipet,41,S.YUVARAJ,IND,107,77.24,GEN,North,0.05157571025055191
Ranipet,41,S.GANDHI,IND,64,77.24,GEN,North,0.030849022953601143
Ranipet,41,N.SUGUMAR,IND,63,77.24,GEN,North,0.03036700696995112
Ranipet,41,K.SAKTHIVEL NATHAN,IND,48,77.24,GEN,North,0.023136767215200856
Arcot,42,J.L.ESWARAPPAN,DMK,103885,79.62,GEN,North,49.51833014762311
Arcot,42,ELAVAZAGAN.K.L,PMK,83927,79.62,GEN,North,40.005052647635026
Arcot,42,R.KATHIRAVAN,NTK,12088,79.62,GEN,North,5.761924963415971
Arcot,42,A.R.MOHAMED RAFFI,MNM,2860,79.62,GEN,North,1.3632615317148973
Arcot,42,NONE OF THE ABOVE,NOTA,2253,79.62,GEN,North,1.0739259548789033
Arcot,42,N.JANARTHANAN,AMMK,2190,79.62,GEN,North,1.0438960679914773
Arcot,42,A.C.KESAVAN,BSP,782,79.62,GEN,North,0.37275192930106626
Arcot,42,K.MANIGANDAN,IND,457,79.62,GEN,North,0.21783584615164617
Arcot,42,H.MOHAMED GHOUSE,Tipu Sultan Party,397,79.62,GEN,North,0.18923595387790706
Arcot,42,VASANTHAKUMAR,IND,382,79.62,GEN,North,0.18208598080947228
Arcot,42,T.D.SHANMUGAM,IND,231,79.62,GEN,North,0.11010958525389555
Arcot,42,MUNIVEL.S,National Democratic Party of South India,184,79.62,GEN,North,0.08770633630613325
Arcot,42,P.ESWARAN,IND,155,79.62,GEN,North,0.07388305504049268
Vellore,43,KARTHIKEYAN .P,DMK,84299,70.25,GEN,North,46.85907092312909
Vellore,43,APPU S.R.K,AIADMK,75118,70.25,GEN,North,41.75565178238901
Vellore,43,POONKUNDRAN .N,NTK,8530,70.25,GEN,North,4.741549424955114
Vellore,43,VIKRAM CHAKRAVARTHY .G,MNM,7243,70.25,GEN,North,4.026148005269624
Vellore,43,NONE OF THE ABOVE,NOTA,1441,70.25,GEN,North,0.8010050083658052
Vellore,43,NARESH KUMAR .R,Tamil Nadu Ilangyar Katchi,928,70.25,GEN,North,0.5158450019177427
Vellore,43,DHARMALINGAM .V.D,AMMK,865,70.25,GEN,North,0.48082535200306836
Vellore,43,VISHNUMOHAN .E,IND,367,70.25,GEN,North,0.2040033574394521
Vellore,43,VIJAYARAJ .K,IND,224,70.25,GEN,North,0.12451431080773101
Vellore,43,SENTHILKUMAR .P,Veerath Thiyagi Viswanathadoss Thozhilalarkal Katchi,202,70.25,GEN,North,0.11228522671054314
Vellore,43,SYED JALALUDDIN .M,Tipu Sultan Party,187,70.25,GEN,North,0.10394721482609687
Vellore,43,PANNEER SEVLAN .N,IND,138,70.25,GEN,North,0.07670970933690571
Vellore,43,NASEER K,IND,91,70.25,GEN,North,0.05058393876564072
Vellore,43,MANOGARAN S,Kamarajar Deseeya Congress,67,70.25,GEN,North,0.03724311975052669
Vellore,43,SRINIVASAN .N,IND,67,70.25,GEN,North,0.03724311975052669
Vellore,43,SATHISHKUMAR .S,IND,54,70.25,GEN,North,0.03001684278400658
Vellore,43,KARTHIKEYAN .R,IND,42,70.25,GEN,North,0.023346433276449564
Vellore,43,KARTHICK .E,IND,36,70.25,GEN,North,0.020011228522671055
Anaikattu,44,A.P.NANDAKUMAR,DMK,95159,77.05,GEN,North,48.107479588483606
Anaikattu,44,D.VELAZHAGAN,AIADMK,88799,77.05,GEN,North,44.89219180506054
Anaikattu,44,A.SUMITHRA,NTK,8125,77.05,GEN,North,4.107580698162332
Anaikattu,44,NONE OF THE ABOVE,NOTA,1791,77.05,GEN,North,0.9054371729733829
Anaikattu,44,M.SENTHIL KUMAR,IND,1357,77.05,GEN,North,0.6860291701423118
Anaikattu,44,V.D.SATHISH KUMAR,AMMK,1140,77.05,GEN,North,0.5763251687267764
Anaikattu,44,P VENKATESAN,IND,468,77.05,GEN,North,0.2365966482141503
Anaikattu,44,K.RAJASEKAR,IJK,328,77.05,GEN,North,0.16581987310735322
Anaikattu,44,M RAJBABU,IND,179,77.05,GEN,North,0.09049316245797628
Anaikattu,44,T.MATHAN KUMAR,IND,150,77.05,GEN,North,0.07583225904299688
Anaikattu,44,N.KIRUBAKARAN,IND,109,77.05,GEN,North,0.055104774904577734
Anaikattu,44,K.NAVEENKUMAR,IND,94,77.05,GEN,North,0.04752154900027805
Anaikattu,44,R KARUNAMOORTHY,IND,62,77.05,GEN,North,0.031344000404438715
Anaikattu,44,M.ARUN,IND,44,77.05,GEN,North,0.022244129319279087
Kilvaithinankuppam,45,M.JAGAN MOORTHY,AIADMK,84579,76.5,SC,North,48.574004732259766
Kilvaithinankuppam,45,K SEETHARAMAN,DMK,73997,76.5,SC,North,42.49672647079093
Kilvaithinankuppam,45,J.DIVYA RANI,NTK,10027,76.5,SC,North,5.758539891112082
Kilvaithinankuppam,45,NONE OF THE ABOVE,NOTA,1798,76.5,SC,North,1.032597459281891
Kilvaithinankuppam,45,DHANASEELAN,DMDK,1432,76.5,SC,North,0.822402425857435
Kilvaithinankuppam,45,K ELAVARASAN,RPI(A),547,76.5,SC,North,0.31414394339665985
Kilvaithinankuppam,45,PUSHPALATHA D,BSP,519,76.5,SC,North,0.29806344903631893
Kilvaithinankuppam,45,K VENKATASAMY,IJK,519,76.5,SC,North,0.29806344903631893
Kilvaithinankuppam,45,S SELVA CHENGUTTUVAN,IND,331,76.5,SC,North,0.19009441547403
Kilvaithinankuppam,45,E.P.ELANCHEZHIYAN,IND,242,76.5,SC,North,0.1389814155429464
Kilvaithinankuppam,45,K SATHU,National Democratic Party of South India,133,76.5,SC,North,0.07638234821161931
Gudiyatham,46,AMULU.V,DMK,100412,72.56,SC,North,47.446959315786984
Gudiyatham,46,PARITHA.G,AIADMK,93511,72.56,SC,North,44.186079478334825
Gudiyatham,46,KALAIYENTHIRI.R,NTK,11834,72.56,SC,North,5.591834806029391
Gudiyatham,46,JAYANTHI PADMANABAN.C,AMMK,1810,72.56,SC,North,0.8552662665973633
Gudiyatham,46,NONE OF THE ABOVE,NOTA,1699,72.56,SC,North,0.8028162358833814
Gudiyatham,46,RAJA.S,BSP,505,72.56,SC,North,0.2386240136086566
Gudiyatham,46,RAJAN.C,IJK,482,72.56,SC,North,0.22775598922648016
Gudiyatham,46,JAIKARTHIKEYAN.K,IND,449,72.56,SC,North,0.2121627368520531
Gudiyatham,46,LAKSHMIPATHY.N,IND,257,72.56,SC,North,0.12143835940084109
Gudiyatham,46,ELUMALAI.M,IND,168,72.56,SC,North,0.07938383026981051
Gudiyatham,46,GUNASEELAN.P,IND,137,72.56,SC,North,0.06473562349383358
Gudiyatham,46,SELVAVINAYAGAM.D,All Pensioner’s Party,119,72.56,SC,North,0.056230213107782444
Gudiyatham,46,VENNILA.R,RPI(A),67,72.56,SC,North,0.03165902754807919
Gudiyatham,46,RADHA,IND,66,72.56,SC,North,0.031186504748854135
Gudiyatham,46,PRIYA.M,IND,62,72.56,SC,North,0.029296413551953882
Gudiyatham,46,MANOJKUMAR.G,IND,52,72.56,SC,North,0.024571185559703255
Vaniayambadi,47,G.SENDHIL KUMAR,AIADMK,88018,75.55,GEN,North,46.3259946209677
Vaniayambadi,47,N.MOHAMMED NAYEEM,IUML,83114,75.55,GEN,North,43.74490123528266
Vaniayambadi,47,A.J.DEVENDHIRAN,NTK,11226,75.55,GEN,North,5.908514344963342
Vaniayambadi,47,T.S.VAKEEL AHMED,AIMIM,1897,75.55,GEN,North,0.998436817423433
Vaniayambadi,47,M.GNANA DOSS,MNM,1868,75.55,GEN,North,0.983173418527661
Vaniayambadi,47,NONE OF THE ABOVE,NOTA,1492,75.55,GEN,North,0.7852755569824788
Vaniayambadi,47,D.RAMU,BSP,721,75.55,GEN,North,0.37947967599488414
Vaniayambadi,47,M.SURESH,IND,362,75.55,GEN,North,0.1905293241472234
Vaniayambadi,47,B.JAGAN,Akhil Bharat Hindu Mahasabha,356,75.55,GEN,North,0.18737137954809813
Vaniayambadi,47,P.ABDUL WAHID,IND,259,75.55,GEN,North,0.13631794186223992
Vaniayambadi,47,DELHI RAJI.S,IND,186,75.55,GEN,North,0.09789628257288271
Vaniayambadi,47,C.M.MOHAMMED HUSSAIN,IND,186,75.55,GEN,North,0.09789628257288271
Vaniayambadi,47,R.SEKAR,All India Youth Development Party,179,75.55,GEN,North,0.09421201387390327
Vaniayambadi,47,SYED MOHAMMED SALEEM,IND,133,75.55,GEN,North,0.0700011052806097
Ambur,48,VILWANATHAN.A.C,DMK,90476,74.01,GEN,North,50.864075377505934
Ambur,48,NAZAR MOHAMED.K,AIADMK,70244,74.01,GEN,North,39.489987519535866
Ambur,48,MAHARUNNISHA,NTK,10150,74.01,GEN,North,5.706158153341054
Ambur,48,UMAR FAROOK.ASA,SDPI,1793,74.01,GEN,North,1.0079942432453703
Ambur,48,RAJA.S,MNM,1638,74.01,GEN,North,0.9208558675046943
Ambur,48,NONE OF THE ABOVE,NOTA,1417,74.01,GEN,North,0.7966134091905688
Ambur,48,WAZEER AHMED.J,BSP,681,74.01,GEN,North,0.3828466701896806
Ambur,48,MANI.S.P,All Pensioner’s Party,363,74.01,GEN,North,0.2040724541539707
Ambur,48,ASHOK KUMAR.C,Anaithu Makkal Puratchi Katchi,319,74.01,GEN,North,0.17933639910500454
Ambur,48,RAJINIKANTH.P,IND,253,74.01,GEN,North,0.14223231653155535
Ambur,48,MURUGAN.L,IND,201,74.01,GEN,North,0.1129987969282317
Ambur,48,GEORGE.V.A.,IND,160,74.01,GEN,North,0.08994929108714962
Ambur,48,PARTHIBAN.V,All India Youth Development Party,101,74.01,GEN,North,0.056780489998763194
Ambur,48,KAREEM BASHA.A,Rashtriya Ulama Council,82,74.01,GEN,North,0.04609901168216418
Jolarpet,49,DEVARAJI.K.,DMK,89490,80.98,GEN,North,45.57491928009045
Jolarpet,49,VEERAMANI.K.C.,AIADMK,88399,80.98,GEN,North,45.01930147994989
Jolarpet,49,SIVA.A.,NTK,13328,80.98,GEN,North,6.787602236730869
Jolarpet,49,NONE OF THE ABOVE,NOTA,1337,80.98,GEN,North,0.680899173957771
Jolarpet,49,KARUNANIDHI.R.,IND,1067,80.98,GEN,North,0.5433952270852219
Jolarpet,49,KALASTHRI.S.,All India Uzhavargal Uzhaippalargal Katchi,870,80.98,GEN,North,0.44306827325599163
Jolarpet,49,THENNARASU SAAMRAJ,AMMK,619,80.98,GEN,North,0.3152405300522515
Jolarpet,49,SIVAKUMAR.V.C.,BSP,347,80.98,GEN,North,0.1767180354250909
Jolarpet,49,VEERAMANI.S.,IND,217,80.98,GEN,North,0.11051243137534504
Jolarpet,49,VEERAMANI.H.,IND,209,80.98,GEN,North,0.10643824035689914
Jolarpet,49,VEERAMANI.A.,IND,148,80.98,GEN,North,0.07537253384124915
Jolarpet,49,MANITHAN,IND,142,80.98,GEN,North,0.07231689057741472
Jolarpet,49,DEVARAJI.R.,IND,103,80.98,GEN,North,0.052455209362490963
Jolarpet,49,DEVARAJ.V.K.,IND,82,80.98,GEN,North,0.04176045793907047
Tiruppattur,50,A. NALLATHAMBI,DMK,96522,76.97,GEN,North,51.91308556983812
Tiruppattur,50,T.K. RAJA,PMK,68282,76.97,GEN,North,36.724573764319906
Tiruppattur,50,M. SUMATHI,NTK,12127,76.97,GEN,North,6.522347119883827
Tiruppattur,50,A. GNANASEKAR,AMMK,2702,76.97,GEN,North,1.453235088474157
Tiruppattur,50,NONE OF THE ABOVE,NOTA,1632,76.97,GEN,North,0.8777496907438284
Tiruppattur,50,B. VIJAYAKUMAR,IND,1096,76.97,GEN,North,0.5894691550583553
Tiruppattur,50,S. KALASHTHRI,All India Uzhavargal Uzhaippalargal Katchi,724,76.97,GEN,North,0.38939385790351205
Tiruppattur,50,S. SATHIYAMOORTHY,Makkal Nala Kazhagam,519,76.97,GEN,North,0.2791373097402248
Tiruppattur,50,R. AROCKIA JOE PRABU,IND,438,76.97,GEN,North,0.23557252729521863
Tiruppattur,50,R. PALANI,IND,362,76.97,GEN,North,0.19469692895175603
Tiruppattur,50,M. NALLASIVAM,IND,323,76.97,GEN,North,0.17372129295971603
Tiruppattur,50,MANITHAN,IND,309,76.97,GEN,North,0.16619157747539398
Tiruppattur,50,I. GOVINDARAJI,IND,297,76.97,GEN,North,0.15973753563168933
Tiruppattur,50,I. ROSELIN JEEVA,Samaniya Makkal Nala Katchi,264,76.97,GEN,North,0.14198892056150164
Tiruppattur,50,G. RAJA,IND,205,76.97,GEN,North,0.11025654816328725
Tiruppattur,50,A. JEYAMMA,Anaithu Makkal Puratchi Katchi,128,76.97,GEN,North,0.06884311299951595
Uthangarai,51,T.M.TAMILSELVAM,AIADMK,99675,78.37,SC,North,52.95580242584593
Uthangarai,51,S.ARUMUGAM,INC,71288,78.37,SC,North,37.87422366023281
Uthangarai,51,ELANGOVAN,NTK,10424,78.37,SC,North,5.538111707920923
Uthangarai,51,R.BAKYARAJ,DMDK,2291,78.37,SC,North,1.2171732466276703
Uthangarai,51,NONE OF THE ABOVE,NOTA,1359,78.37,SC,North,0.722015906663904
Uthangarai,51,K.MURUGESAN,MNM,1254,78.37,SC,North,0.6662310132130504
Uthangarai,51,NAGARAJ,BSP,722,78.37,SC,North,0.3835875530620594
Uthangarai,51,C.JAYARAMAN,IND,322,78.37,SC,North,0.1710736732492841
Uthangarai,51,R.VIVEKANANDHAN,IND,283,78.37,SC,North,0.1503535699675385
Uthangarai,51,S.PERUMAL,Anna Puratchi Thalaivar Amma Dravida Munnetra Kazhagam,206,78.37,SC,North,0.10944464810357926
Uthangarai,51,T.TAMILARASAN,IND,181,78.37,SC,North,0.09616253061528081
Uthangarai,51,R.MANJUNATHAN,IND,114,78.37,SC,North,0.06056645574664095
Uthangarai,51,M.THENMOZHI,IND,104,78.37,SC,North,0.05525360875132157
Bargur,52,MATHIAZHAGAN D,DMK,97256,79.08,GEN,North,49.17283501193221
Bargur,52,KRISHNAN A,AIADMK,84642,79.08,GEN,North,42.795170489018325
Bargur,52,KARUNAKARAN K,NTK,10113,79.08,GEN,North,5.113153743477733
Bargur,52,NONE OF THE ABOVE,NOTA,1507,79.08,GEN,North,0.7619423209157465
Bargur,52,GANESA KUMAR S,AMMK,1064,79.08,GEN,North,0.5379606034866319
Bargur,52,NIRMALA A,NPP,710,79.08,GEN,North,0.3589774703717187
Bargur,52,MANJUNATHAN M,IND,623,79.08,GEN,North,0.3149900901994095
Bargur,52,MURALI M,BSP,443,79.08,GEN,North,0.2239817174291146
Bargur,52,ARUN GOWTHAM R,IJK,345,79.08,GEN,North,0.1744327144763985
Bargur,52,MANI K,IND,327,79.08,GEN,North,0.165331877199369
Bargur,52,SANTHAMOORTHI K,IND,223,79.08,GEN,North,0.11274926182097642
Bargur,52,VASANTHARAJ P,Anna Puratchi Thalaivar Amma Dravida Munnetra Kazhagam,184,79.08,GEN,North,0.09303078105407919
Bargur,52,AANDI A,Veerath Thiyagi Viswanathadoss Thozhilalarkal Katchi,121,79.08,GEN,North,0.061177850584475994
Bargur,52,KALPANA D,IND,119,79.08,GEN,North,0.060166646442583835
Bargur,52,KRISHNAN A,IND,107,79.08,GEN,North,0.05409942159123084
Krishnagiri,53,ASHOKKUMAR.K,AIADMK,96050,78.5,GEN,North,45.38195494405806
Krishnagiri,53,SENGUTTUVAN.T,DMK,95256,78.5,GEN,North,45.006803749622016
Krishnagiri,53,NIRANDARI.V,NTK,11137,78.5,GEN,North,5.262038856970063
Krishnagiri,53,RAVISHANKAR.R.K,MNM,3455,78.5,GEN,North,1.6324274266706986
Krishnagiri,53,NONE OF THE ABOVE,NOTA,1837,78.5,GEN,North,0.8679505594194133
Krishnagiri,53,CHANDRAMOHAN.K.M,NCP,1088,78.5,GEN,North,0.5140610825521621
Krishnagiri,53,AMEENULLA,AIMIM,858,78.5,GEN,North,0.40539008164499546
Krishnagiri,53,TAMILSELVAN.S,BSP,488,78.5,GEN,North,0.23057151496824915
Krishnagiri,53,SAKTHI.K,IND,418,78.5,GEN,North,0.19749773208345933
Krishnagiri,53,SIVAN.C,IND,318,78.5,GEN,North,0.15024947081947385
Krishnagiri,53,GOPINATH.M,IND,232,78.5,GEN,North,0.10961596613244633
Krishnagiri,53,VIJAYAKUMAR.R,Veerath Thiyagi Viswanathadoss Thozhilalarkal Katchi,137,78.5,GEN,North,0.06473011793166011
Krishnagiri,53,SASIKUMAR.K.S,Anna Puratchi Thalaivar Amma Dravida Munnetra Kazhagam,129,78.5,GEN,North,0.06095025703054127
Krishnagiri,53,TVS GANDHI,IND,97,78.5,GEN,North,0.045830813426065924
Krishnagiri,53,RUTHRAMANI.T,Desiya Makkal Sakthi Katchi,89,78.5,GEN,North,0.04205095252494708
Krishnagiri,53,KUMARESAN.M,IND,59,78.5,GEN,North,0.027876474145751434
Veppanahalli,54,K.P.MUNUSAMY,AIADMK,94104,81.31,GEN,North,45.87283868168723
Veppanahalli,54,P.MURUGAN,DMK,91050,81.31,GEN,North,44.384106541354484
Veppanahalli,54,M.SAKTHIVEL,NTK,8310,81.31,GEN,North,4.050872326838614
Veppanahalli,54,S.M.MURUGESAN,DMDK,3601,81.31,GEN,North,1.7553780082967325
Veppanahalli,54,ABDUL AZEEZ AMANULLAH,IND,3022,81.31,GEN,North,1.4731331133220564
Veppanahalli,54,NONE OF THE ABOVE,NOTA,1662,81.31,GEN,North,0.8101744653677226
Veppanahalli,54,P.JAYAPAL,MNM,672,81.31,GEN,North,0.3275795672244944
Veppanahalli,54,RAMASWAMY,IND,567,81.31,GEN,North,0.27639525984566715
Veppanahalli,54,S.THANGAPANDIYAN,Tamil Nadu Ilangyar Katchi,419,81.31,GEN,North,0.2042497599212249
Veppanahalli,54,C.CHAKKARLAPPA,IND,405,81.31,GEN,North,0.19742518560404795
Veppanahalli,54,LAKSHMANAN SHANMUGAM,IND,378,81.31,GEN,North,0.18426350656377807
Veppanahalli,54,K.P.U.UVARAJ,IND,285,81.31,GEN,North,0.13892883431395966
Veppanahalli,54,M.MARIYAPPAN,Puthiya Tamilagam,226,81.31,GEN,North,0.1101681282629996
Veppanahalli,54,KRISHNAMOORTHY,IND,155,81.31,GEN,North,0.0755577870830307
Veppanahalli,54,USHA,IND,154,81.31,GEN,North,0.07507031748894662
Veppanahalli,54,VALLI,Anna Puratchi Thalaivar Amma Dravida Munnetra Kazhagam,131,81.31,GEN,North,0.06385851682501303
Hosur,55,PRAKAASH Y,DMK,118231,70.09,GEN,North,47.654958927520575
Hosur,55,JYOTHI S,AIADMK,105864,70.09,GEN,North,42.6702351490137
Hosur,55,GEETHA LAKSHMI S,NTK,11422,70.09,GEN,North,4.603825907504293
Hosur,55,MASOOD S,MNM,6563,70.09,GEN,North,2.6453256374497176
Hosur,55,NONE OF THE ABOVE,NOTA,1976,70.09,GEN,North,0.7964594635990616
Hosur,55,MAREGOWDU M,AMMK,806,70.09,GEN,North,0.3248716233101436
Hosur,55,RAMASWAMY G C,IND,629,70.09,GEN,North,0.2535288474715637
Hosur,55,MUTHU R K,IND,585,70.09,GEN,North,0.23579392014445905
Hosur,55,EZHILAN S,Veerath Thiyagi Viswanathadoss Thozhilalarkal Katchi,462,70.09,GEN,North,0.18621673693459842
Hosur,55,MUTHAMIZH MUDHALVAN S,IND,397,70.09,GEN,North,0.16001741247410298
Hosur,55,LOKESH V,IND,361,70.09,GEN,North,0.1455070173882901
Hosur,55,SELVAM G,New Generation People’s Party,145,70.09,GEN,North,0.05844464687341293
Hosur,55,BALARAJU N,IND,132,70.09,GEN,North,0.05320478198131384
Hosur,55,SUNDAR L,SHS,127,70.09,GEN,North,0.051189449330506495
Hosur,55,SHANMUGAM R,IND,125,70.09,GEN,North,0.05038331627018356
Hosur,55,DEVAPPA Y,IND,81,70.09,GEN,North,0.03264838894307895
Hosur,55,GEETHA V,IND,73,70.09,GEN,North,0.029423856701787196
Hosur,55,JAYASEELAN G,Anna Puratchi Thalaivar Amma Dravida Munnetra Kazhagam,65,70.09,GEN,North,0.026199324460495447
Hosur,55,KISHORE KUMAR R,IND,54,70.09,GEN,North,0.0217655926287193
Thalli,56,RAMACHANDRAN.T,CPI,120641,77.06,GEN,North,62.17903124387956
Thalli,56,DR.NAGESH KUMAR.C,BJP,64415,77.06,GEN,North,33.19984331673728
Thalli,56,MARY SELVARANI.R,NTK,3776,77.06,GEN,North,1.9461710527672118
Thalli,56,NONE OF THE ABOVE,NOTA,1966,77.06,GEN,North,1.0132871530032677
Thalli,56,ASHOK KUMAR.V,IJK,788,77.06,GEN,North,0.4061395099524796
Thalli,56,VASANTHAMMA.N,IND,584,77.06,GEN,North,0.3009967941779798
Thalli,56,KUMAR.M,IND,422,77.06,GEN,North,0.2175011081217594
Thalli,56,RAVI MUNISWAMY,IND,353,77.06,GEN,North,0.18193813072744328
Thalli,56,SEKAR.M.V,AMMK,346,77.06,GEN,North,0.17833029244106338
Thalli,56,DEVAPPA@DEVAGOWDA.Y,IND,222,77.06,GEN,North,0.11442001422519096
Thalli,56,USHA.M,New Generation People’s Party,209,77.06,GEN,North,0.107719743121914
Thalli,56,RAVI.G,SP,162,77.06,GEN,North,0.08349568605622043
Thalli,56,JANAKI.G,Veerath Thiyagi Viswanathadoss Thozhilalarkal Katchi,138,77.06,GEN,North,0.07112595478863222
Palacode,57,ANBALAGAN.K.P.,AIADMK,110070,87.37,GEN,North,53.27815290786321
Palacode,57,MURUGAN.P.K.,DMK,81970,87.37,GEN,North,39.67666206829788
Palacode,57,KALAISELVI.G.,NTK,7704,87.37,GEN,North,3.7290350686125024
Palacode,57,VIJAYASANKAR.P.,DMDK,2409,87.37,GEN,North,1.166049517171277
Palacode,57,NONE OF THE ABOVE,NOTA,1351,87.37,GEN,North,0.6539364457029454
Palacode,57,RAJASEKAR.D.,MNM,1176,87.37,GEN,North,0.569229652218108
Palacode,57,HARI.R.,BSP,585,87.37,GEN,North,0.2831627096493139
Palacode,57,VADIVEL.M.,IND,465,87.37,GEN,North,0.225078051259711
Palacode,57,RAJKUMAR.T.,IND,406,87.37,GEN,North,0.19651976088482298
Palacode,57,MURUGAN.K.G.,IND,169,87.37,GEN,North,0.08180256056535734
Palacode,57,MURUGAN.K.,IND,120,87.37,GEN,North,0.05808465838960284
Palacode,57,SHARAVANAN.M.P.,IND,90,87.37,GEN,North,0.04356349379220214
Palacode,57,ANBARASU.D.,IND,80,87.37,GEN,North,0.03872310559306856
Pennagaram,58,MANI. G.K,PMK,106123,85.0,GEN,North,50.46147262309503
Pennagaram,58,INBASEKARAN. P.N.P,DMK,84937,85.0,GEN,North,40.38753239342859
Pennagaram,58,TAMILAZHAGAN. R,NTK,8945,85.0,GEN,North,4.253346330329759
Pennagaram,58,UTHAYAKUMAR. R,DMDK,2921,85.0,GEN,North,1.3889351180428424
Pennagaram,58,PERIYANANJAPPAN. A,IND,1968,85.0,GEN,North,0.9357837426594708
Pennagaram,58,NONE OF THE ABOVE,NOTA,1759,85.0,GEN,North,0.8364042699888257
Pennagaram,58,SHAKILA. K,MNM,1471,85.0,GEN,North,0.6994603076484154
Pennagaram,58,THIRUMURUGAN. P,IND,451,85.0,GEN,North,0.21445044102612873
Pennagaram,58,MUNUSAMY. S,IND,265,85.0,GEN,North,0.12600746534794705
Pennagaram,58,MOORTHI. S,BSP,245,85.0,GEN,North,0.11649746796319632
Pennagaram,58,DHARUMAN. K,IND,243,85.0,GEN,North,0.11554646822472124
Pennagaram,58,MANI. K.G.,IND,212,85.0,GEN,North,0.10080597227835762
Pennagaram,58,ANNADURAI. C,Desiya Makkal Sakthi Katchi,211,85.0,GEN,North,0.10033047240912009
Pennagaram,58,ANNADURAI. V,IND,207,85.0,GEN,North,0.09842847293216994
Pennagaram,58,MANI. P,IND,205,85.0,GEN,North,0.09747747319369487
Pennagaram,58,SIVALINGAM. N,IND,142,85.0,GEN,North,0.0675209814317301
Dharmapuri,59,VENKATESHWARAN.S.P.,PMK,105630,79.69,GEN,North,48.602835280422205
Dharmapuri,59,SUBRAMANI.P,DMK,78770,79.69,GEN,North,36.24392061951015
Dharmapuri,59,RAJENDRAN.D.K.,AMMK,11226,79.69,GEN,North,5.165345345621695
Dharmapuri,59,SENTHIL KUMAR (A) SENTHIL.A.,NTK,8700,79.69,GEN,North,4.00307362434605
Dharmapuri,59,JAYAVENKATESAN.S.K.,MNM,5083,79.69,GEN,North,2.338807268109307
Dharmapuri,59,NATARAJAN.M.,Anna Puratchi Thalaivar Amma Dravida Munnetra Kazhagam,1897,79.69,GEN,North,0.8728540994694778
Dharmapuri,59,NONE OF THE ABOVE,NOTA,1726,79.69,GEN,North,0.7941729971978485
Dharmapuri,59,NATARAJAN.V.,IND,718,79.69,GEN,North,0.3303686048598234
Dharmapuri,59,TAMILARASAN.S.,IND,654,79.69,GEN,North,0.3009207069335996
Dharmapuri,59,PERUMAL.P,BSP,464,79.69,GEN,North,0.21349725996512264
Dharmapuri,59,SUBRAMANI.K.,IND,364,79.69,GEN,North,0.16748491945539795
Dharmapuri,59,MANIGANDAN.E.V.,IND,357,79.69,GEN,North,0.1642640556197172
Dharmapuri,59,SUBRAMANI.T.,IND,304,79.69,GEN,North,0.1398775151495631
Dharmapuri,59,SHANMUGAM.P.,IND,237,79.69,GEN,North,0.10904924700804756
Dharmapuri,59,SAKTHIVEL.P.,Desiya Makkal Sakthi Katchi,213,79.69,GEN,North,0.09800628528571363
Dharmapuri,59,RAMASAMY.T.,My India Party,208,79.69,GEN,North,0.09570566826022739
Dharmapuri,59,MANI.L.,Dhesiya Makkal Kazhagam,194,79.69,GEN,North,0.08926394058886594
Dharmapuri,59,PALANI.S.K.,IND,160,79.69,GEN,North,0.07361974481555954
Dharmapuri,59,SUNDARAMOORTHY.M.,IND,127,79.69,GEN,North,0.05843567244735038
Dharmapuri,59,VENKATESWARAN.B.,IND,117,79.69,GEN,North,0.053834438396377915
Dharmapuri,59,SUBRAMANI.P.,IND,110,79.69,GEN,North,0.05061357456069718
Dharmapuri,59,RAJENDRAN.K.,IND,74,79.69,GEN,North,0.03404913197719628
Pappireddippatti,60,GOVINDASAMY.A,AIADMK,114507,82.15,GEN,North,51.81452890123713
Pappireddippatti,60,PRABHURAJASEKAR.M,DMK,77564,82.15,GEN,North,35.09778546023874
Pappireddippatti,60,PALANIAPPAN.P,AMMK,15863,82.15,GEN,North,7.178022932749305
Pappireddippatti,60,RAMESH.R,NTK,7573,82.15,GEN,North,3.426789867598215
Pappireddippatti,60,SRINIVASAN,MNM,1729,82.15,GEN,North,0.7823741821044915
Pappireddippatti,60,NONE OF THE ABOVE,NOTA,1338,82.15,GEN,North,0.6054463017095487
Pappireddippatti,60,GOPI.K,BSP,625,82.15,GEN,North,0.2828131080481823
Pappireddippatti,60,GOVINDASAMY.R,IND,432,82.15,GEN,North,0.19548042028290363
Pappireddippatti,60,MURUGAN.S,IND,300,82.15,GEN,North,0.1357502918631275
Pappireddippatti,60,VEERAMANI.T,IND,257,82.15,GEN,North,0.11629275002941256
Pappireddippatti,60,ANAND KUMAR.K,IND,187,82.15,GEN,North,0.08461768192801614
Pappireddippatti,60,MURUGAN.R,Anaithu Makkal Puratchi Katchi,150,82.15,GEN,North,0.06787514593156375
Pappireddippatti,60,ELANGO.S,IND,130,82.15,GEN,North,0.05882512647402192
Pappireddippatti,60,MANIVANNAN.K,IND,123,82.15,GEN,North,0.055657619663882274
Pappireddippatti,60,PALANIYAPPAN.R,IND,122,82.15,GEN,North,0.05520511869100519
Pappireddippatti,60,SELVAM.P,IND,94,82.15,GEN,North,0.04253509145044662
Harur,61,SAMPATHKUMAR.V,AIADMK,99061,78.46,SC,North,49.888449626067036
Harur,61,KUMAR.A,CPI(M),68699,78.46,SC,North,34.59773877571576
Harur,61,MURUGAN.R,AMMK,14327,78.46,SC,North,7.215269559086446
Harur,61,KEERTHANA.K,NTK,10950,78.46,SC,North,5.5145670183567095
Harur,61,NONE OF THE ABOVE,NOTA,2249,78.46,SC,North,1.1326265958250445
Harur,61,SIVAKUMAR.A,BSP,920,78.46,SC,North,0.4633243522272304
Harur,61,MURUGAN.R,IND,521,78.46,SC,North,0.2623825951199859
Harur,61,PARTHIPAN.P,IND,413,78.46,SC,North,0.20799234507591974
Harur,61,KARUTHOVIYAM.P,My India Party,382,78.46,SC,North,0.1923803288595674
Harur,61,SATHISKUMAR.S,IJK,282,78.46,SC,North,0.1420189862261728
Harur,61,KUMAR.P,IND,265,78.46,SC,North,0.1334575579784957
Harur,61,PALANI.C,IND,173,78.46,SC,North,0.08712512275577267
Harur,61,CHINNASAMY.K,Dhesiya Makkal Kazhagam,169,78.46,SC,North,0.08511066905043689
Harur,61,SARATHKUMAR.M,IND,154,78.46,SC,North,0.0775564676554277
Chengam,62,GIRI.M.P,DMK,108081,80.66,SC,North,48.26121902210315
Chengam,62,NAINAKANNU.M.S,AIADMK,96511,80.66,SC,North,43.094887251618665
Chengam,62,VENNILA.S,NTK,12080,80.66,SC,North,5.394061174369279
Chengam,62,ANBU.S,DMDK,2769,80.66,SC,North,1.2364367046215674
Chengam,62,NONE OF THE ABOVE,NOTA,1085,80.66,SC,North,0.48448314355883004
Chengam,62,SUGANRAJ.S,IJK,828,80.66,SC,North,0.36972538513060954
Chengam,62,SHANMUGAM.G,BSP,801,80.66,SC,North,0.3576691225720027
Chengam,62,VIJAYACHANDRAN.G,IND,417,80.66,SC,North,0.18620227729403885
Chengam,62,SELVARAJI.V,IND,381,80.66,SC,North,0.17012726054922975
Chengam,62,DHINAKARAN.H,IND,200,80.66,SC,North,0.08930564858227283
Chengam,62,BASKAR.S,New Generation People’s Party,174,80.66,SC,North,0.07769591426657736
Chengam,62,SIVAPRAKASH.K,IND,173,80.66,SC,North,0.077249386023666
Chengam,62,SHARMA.S,IND,127,80.66,SC,North,0.05670908684974324
Chengam,62,ARUNKUMAR.M,IND,112,80.66,SC,North,0.05001116320607279
Chengam,62,ANBAZHAGAN.P.G,IND,112,80.66,SC,North,0.05001116320607279
Chengam,62,SIVAKUMAR.J,IND,99,80.66,SC,North,0.04420629604822505
Tiruvannamalai,63,E V VELU,DMK,137876,71.69,GEN,North,66.0211840870348
Tiruvannamalai,63,S THANIGAIVEL,BJP,43203,71.69,GEN,North,20.68752513934379
Tiruvannamalai,63,J KAMALAKKANNAN,NTK,13995,71.69,GEN,North,6.701430787795208
Tiruvannamalai,63,ARUL R,MNM,6246,71.69,GEN,North,2.990863644199276
Tiruvannamalai,63,NONE OF THE ABOVE,NOTA,2194,71.69,GEN,North,1.0505851481545327
Tiruvannamalai,63,A G PANCHATCHARAM,AMMK,2108,71.69,GEN,North,1.0094045088011645
Tiruvannamalai,63,J JAMEEL BASHA,IND,780,71.69,GEN,North,0.3734988220421766
Tiruvannamalai,63,J AGNI SELVARASU,Naadaalum Makkal Katchi,548,71.69,GEN,North,0.2624068647168113
Tiruvannamalai,63,KOTHANDAPANI,BSP,466,71.69,GEN,North,0.22314160393801835
Tiruvannamalai,63,K VINAYAGAM,IND,430,71.69,GEN,North,0.20590319676684096
Tiruvannamalai,63,R G VASUDEVAN,IND,291,71.69,GEN,North,0.13934379130035052
Tiruvannamalai,63,N PALANI,IND,164,71.69,GEN,North,0.07853052155758586
Tiruvannamalai,63,D MANIMARAN,IND,157,71.69,GEN,North,0.07517860905207914
Tiruvannamalai,63,A NAKKEERAN,IND,146,71.69,GEN,North,0.06991131797199716
Tiruvannamalai,63,S K SELVAM,Veerath Thiyagi Viswanathadoss Thozhilalarkal Katchi,131,71.69,GEN,North,0.06272864831733992
Tiruvannamalai,63,R CHANDRAKANTH PILLAI,New Generation People’s Party,101,71.69,GEN,North,0.048363309008025435
Kilpennathur,64,K.PITCHANDI,DMK,104675,79.35,GEN,North,51.339964489960074
Kilpennathur,64,K.SELVAKUMAR,PMK,77888,79.35,GEN,North,38.201740188144356
Kilpennathur,64,DR.R.RAMESHBABU,NTK,11541,79.35,GEN,North,5.66051617080133
Kilpennathur,64,P.KATHIKEYAN,AMMK,2191,79.35,GEN,North,1.07462013085744
Kilpennathur,64,V.SUGANANTHAM,MNM,1437,79.35,GEN,North,0.7048056266737294
Kilpennathur,64,NONE OF THE ABOVE,NOTA,961,79.35,GEN,North,0.4713418282765859
Kilpennathur,64,M.MURUGAN,IND,844,79.35,GEN,North,0.41395681900669984
Kilpennathur,64,SUBASHCHANDRABOSE,BSP,598,79.35,GEN,North,0.293301158490529
Kilpennathur,64,S.SASIKUMAR,IND,597,79.35,GEN,North,0.2928106883258291
Kilpennathur,64,A.R.ELUMALAI,Veerath Thiyagi Viswanathadoss Thozhilalarkal Katchi,504,79.35,GEN,North,0.24719696300874017
Kilpennathur,64,M.SAMPATHRAJ,IND,417,79.35,GEN,North,0.2045260586798505
Kilpennathur,64,SAKTHIVEL,IND,408,79.35,GEN,North,0.20011182719755155
Kilpennathur,64,N.THANGARAJ,Makkal Munnetra Peravai,317,79.35,GEN,North,0.15547904220986236
Kilpennathur,64,M.DINAKARAN,IND,271,79.35,GEN,North,0.13291741463366782
Kilpennathur,64,FARMER JAYARAMAN,Anaithu Makkal Arasiyal Katchi,239,79.35,GEN,North,0.11722236936327164
Kilpennathur,64,P.GANESHRAJA,IND,197,79.35,GEN,North,0.09662262244587662
Kilpennathur,64,M.ATHIYAMAN,IND,185,79.35,GEN,North,0.09073698046947805
Kilpennathur,64,C.JOTHI,IND,152,79.35,GEN,North,0.07455146503438195
Kilpennathur,64,A.VENKATESAN,RPI(A),147,79.35,GEN,North,0.07209911421088255
Kilpennathur,64,G.KRISHNAMURTHY,IND,125,79.35,GEN,North,0.06130877058748516
Kilpennathur,64,M.MOHANRAJA,IND,117,79.35,GEN,North,0.057385009269886114
Kilpennathur,64,LOURDAMMAL,IND,75,79.35,GEN,North,0.0367852623524911
Kalasapakkam,65,SARAVANAN.P.S.T,DMK,94134,80.36,GEN,North,47.92143926204221
Kalasapakkam,65,PANNEERSELVAM.V,AIADMK,84912,80.36,GEN,North,43.22673264302514
Kalasapakkam,65,BALAJI.E,NTK,8822,80.36,GEN,North,4.49107588299378
Kalasapakkam,65,NEHRU.M,DMDK,2756,80.36,GEN,North,1.403015771200505
Kalasapakkam,65,NONE OF THE ABOVE,NOTA,1593,80.36,GEN,North,0.8109594062127738
Kalasapakkam,65,TIRUNAVUKARASU.M,IND,765,80.36,GEN,North,0.38944378264455237
Kalasapakkam,65,PANNEERSELVAM.S,IND,713,80.36,GEN,North,0.362971786961524
Kalasapakkam,65,RAJKUMAR.E,BSP,632,80.36,GEN,North,0.32173656291680663
Kalasapakkam,65,RAJAMANI.K,IND,450,80.36,GEN,North,0.2290845780262073
Kalasapakkam,65,AMUTHA.G,IND,382,80.36,GEN,North,0.19446735290224706
Kalasapakkam,65,JAGANNATHAN.R,IND,322,80.36,GEN,North,0.16392274249875277
Kalasapakkam,65,SARAVANAN.K,IND,250,80.36,GEN,North,0.1272692100145596
Kalasapakkam,65,RAJENDRAN.M.S,IJK,244,80.36,GEN,North,0.12421474897421017
Kalasapakkam,65,PANNEERSELVAM.V,IND,239,80.36,GEN,North,0.12166936477391897
Kalasapakkam,65,KALYANASUNDARAM.A,Veerath Thiyagi Viswanathadoss Thozhilalarkal Katchi,128,80.36,GEN,North,0.06516183552745451
Kalasapakkam,65,SAMPATH.R.V,Anna Dravidar Kazhagam,92,80.36,GEN,North,0.04683506928535793
Polur,66,AGRI KRISHNAMURTHY. S S,AIADMK,97732,82.33,GEN,North,48.379304199750514
Polur,66,SEKARAN. K.V,DMK,88007,82.33,GEN,North,43.565233748490186
Polur,66,LAVANYA. L,NTK,10197,82.33,GEN,North,5.047719937429459
Polur,66,KALAVATHI. G,MNM,1580,82.33,GEN,North,0.7821317545492347
Polur,66,DAKSNAMOORTHY. R,IND,1188,82.33,GEN,North,0.588083876205374
Polur,66,NONE OF THE ABOVE,NOTA,1144,82.33,GEN,North,0.5663029919014713
Polur,66,VIJAYAKUMAR. C,AMMK,656,82.33,GEN,North,0.3247331841672772
Polur,66,EZHILARASU. M,BSP,604,82.33,GEN,North,0.29899213908084665
Polur,66,MURUGESAN. D,IND,278,82.33,GEN,North,0.13761558719284003
Polur,66,SIVA. A,IND,216,82.33,GEN,North,0.10692434112824979
Polur,66,SHANMUGASUNDARAM. E,IND,90,82.33,GEN,North,0.04455180880343742
Polur,66,SATHIYARAJ. P,IND,87,82.33,GEN,North,0.043066748509989504
Polur,66,CHIDAMBARAM. V,IND,72,82.33,GEN,North,0.035641447042749935
Polur,66,KALAIMANI. S,IND,56,82.33,GEN,North,0.027721125477694394
Polur,66,GANESAN. C,IND,55,82.33,GEN,North,0.02722610537987842
Polur,66,KRISHNAMURTHI. K,IND,50,82.33,GEN,North,0.024751004890798567
Arani,67,S.RAMACHANDRAN,AIADMK,102961,79.84,GEN,North,46.49989612594955
Arani,67,S.S.ANBALAGAN,DMK,99833,79.84,GEN,North,45.087209039752146
Arani,67,D.PRAKALATHA,NTK,10491,79.84,GEN,North,4.738011579698495
Arani,67,V.MANIGANDAN,MNM,2213,79.84,GEN,North,0.9994490159062785
Arani,67,G.BASKARAN,DMDK,1861,79.84,GEN,North,0.8404765560784384
Arani,67,NONE OF THE ABOVE,NOTA,1690,79.84,GEN,North,0.7632484576961639
Arani,67,S.THANIGAIVEL,Veerath Thiyagi Viswanathadoss Thozhilalarkal Katchi,509,79.84,GEN,North,0.22987778992150737
Arani,67,N.KARTHIKEYAN,IND,397,79.84,GEN,North,0.17929564361264916
Arani,67,K.ANBU,BSP,332,79.84,GEN,North,0.14993993370125824
Arani,67,R.DHAKSHANAMOORTHY,IND,313,79.84,GEN,North,0.1413590338810055
Arani,67,A.ARUNKUMAR,IND,222,79.84,GEN,North,0.10026104000505823
Arani,67,S.SAKTHIVEL,IND,178,79.84,GEN,North,0.08038948252657821
Arani,67,S.RAMACHANDRAN,IND,134,79.84,GEN,North,0.060517925048098206
Arani,67,S.MURALI,IND,133,79.84,GEN,North,0.06006629874176911
Arani,67,M.ANBALAGAN,IND,80,79.84,GEN,North,0.03613010450632728
Arani,67,K.ANBALAGAN,IND,75,79.84,GEN,North,0.03387197297468183
Cheyyar,68,JOTHI. O,DMK,102460,81.69,GEN,North,47.77580900867295
Cheyyar,68,DUSI. K. MOHAN,AIADMK,90189,81.69,GEN,North,42.05399608318567
Cheyyar,68,BHEEMAN. G,NTK,12192,81.69,GEN,North,5.6849762193416025
Cheyyar,68,MAYILVAGANAN. T,MNM,2429,81.69,GEN,North,1.1326121421244055
Cheyyar,68,NONE OF THE ABOVE,NOTA,1895,81.69,GEN,North,0.8836146600764712
Cheyyar,68,VARADHARAJAN. M. K,AMMK,1760,81.69,GEN,North,0.8206658584351394
Cheyyar,68,SURESH BABU. T,IND,733,81.69,GEN,North,0.34178867854145295
Cheyyar,68,VIJAYAKANTH. S,BSP,731,81.69,GEN,North,0.3408561037023221
Cheyyar,68,KUTTIMANI. S,Veerath Thiyagi Viswanathadoss Thozhilalarkal Katchi,504,81.69,GEN,North,0.23500885946097175
Cheyyar,68,UDHAYAKUMAR. M,IND,290,81.69,GEN,North,0.13522335167397181
Cheyyar,68,ANANDASEKARAN. C,IND,288,81.69,GEN,North,0.134290776834841
Cheyyar,68,NIRMALA. V,IND,282,81.69,GEN,North,0.13149305231744848
Cheyyar,68,MANIKANDAN. M,Ganasangam Party of India,262,81.69,GEN,North,0.12216730392614007
Cheyyar,68,NADARAJAN. B,New Generation People’s Party,190,81.69,GEN,North,0.08859460971742981
Cheyyar,68,MARYVOILET. J,Desiya Sirupanmayinar Makkal Iyakkam,143,81.69,GEN,North,0.06667910099785508
Cheyyar,68,VENKATESAN .V,Anaithindia Samudaya Munnetra Kazhagam,112,81.69,GEN,North,0.05222419099132705
Vandavasi,69,AMBETHKUMAR S,DMK,102064,76.81,SC,North,54.88078978781981
Vandavasi,69,MURALI S,PMK,66111,76.81,SC,North,35.54851753470915
Vandavasi,69,PRABAVATHI G,NTK,9284,76.81,SC,North,4.992095669287105
Vandavasi,69,NONE OF THE ABOVE,NOTA,1769,76.81,SC,North,0.9512082334089712
Vandavasi,69,VENKATESAN P,AMMK,1728,76.81,SC,North,0.9291621409444331
Vandavasi,69,SURESH S,MNM,1692,76.81,SC,North,0.9098045963414242
Vandavasi,69,MANIKANDAN K,IND,1264,76.81,SC,North,0.679664899394539
Vandavasi,69,ARJUNAN M,BSP,607,76.81,SC,North,0.32638971038962433
Vandavasi,69,VIGNESH S,IND,546,76.81,SC,North,0.2935894264789702
Vandavasi,69,MURALI C,IND,407,76.81,SC,North,0.21884779592846312
Vandavasi,69,DURAI B,Ganasangam Party of India,363,76.81,SC,North,0.19518857474700765
Vandavasi,69,MUTHUPERUMAL K,IND,139,76.81,SC,North,0.07474163055050706
Gingee,70,MASTHAN K S,DMK,109625,78.21,GEN,Central,52.989655839133796
Gingee,70,RAJENDIRAN P,PMK,73822,78.21,GEN,Central,35.683488012374326
Gingee,70,SUGUMAR AP,NTK,9920,78.21,GEN,Central,4.795050270688321
Gingee,70,GOWTHAM SAGAR A,AMMK,4811,78.21,GEN,Central,2.3255027068832175
Gingee,70,NONE OF THE ABOVE,NOTA,2279,78.21,GEN,Central,1.1016047950502708
Gingee,70,SRIPATHI P,MNM,2151,78.21,GEN,Central,1.0397331786542923
Gingee,70,GOPI S,IND,1914,78.21,GEN,Central,0.9251740139211138
Gingee,70,JAGAJANANDAM  R,BSP,637,78.21,GEN,Central,0.307907965970611
Gingee,70,VARTHAMANAN B,IND,559,78.21,GEN,Central,0.27020494972931164
Gingee,70,ELUMALAI N A,Anna Dravidar Kazhagam,410,78.21,GEN,Central,0.19818252126836813
Gingee,70,MARIYAPPAN S,IND,246,78.21,GEN,Central,0.1189095127610209
Gingee,70,KIRUBAKARAN T,IND,181,78.21,GEN,Central,0.08749033255993813
Gingee,70,SAHEERA,IND,168,78.21,GEN,Central,0.08120649651972157
Gingee,70,SENJIRAJA KNK,IND,157,78.21,GEN,Central,0.07588940448569219
Mailam,71,SIVAKUMAR C,PMK,81044,79.5,GEN,Central,45.7904163535587
Mailam,71,DR. MASILAMANI R,DMK,78814,79.5,GEN,Central,44.5304510449802
Mailam,71,UMAMAHESWARI L,NTK,8340,79.5,GEN,Central,4.712157252710621
Mailam,71,SUNDARESAN A,DMDK,3921,79.5,GEN,Central,2.2153919170117917
Mailam,71,NONE OF THE ABOVE,NOTA,884,79.5,GEN,Central,0.49946606851273245
Mailam,71,MASILAMANI V,IND,807,79.5,GEN,Central,0.45596053992056007
Mailam,71,DURAI M,BSP,648,79.5,GEN,Central,0.3661244484120482
Mailam,71,RAJASEKAR M,IND,647,79.5,GEN,Central,0.36555944154721476
Mailam,71,MASILAMANI V,IND,524,79.5,GEN,Central,0.29606359717270564
Mailam,71,MANAVALAN A,Anna MGR Dravida Makkal Kalgam,377,79.5,GEN,Central,0.21300758804219472
Mailam,71,SRIDHAR D,IND,344,79.5,GEN,Central,0.19436236150269226
Mailam,71,CHANDRA PRAKASH R,IND,249,79.5,GEN,Central,0.1406867093435185
Mailam,71,SATHIYARAJ S,IND,144,79.5,GEN,Central,0.08136098853601072
Mailam,71,SEKAR NAYAKKAR I M,IND,137,79.5,GEN,Central,0.07740594048217686
Mailam,71,KANNAN G,IND,109,79.5,GEN,Central,0.06158574826684144
Tindivanam,72,ARJUNAN P,AIADMK,87152,78.43,SC,Central,47.74457921090403
Tindivanam,72,SEETHAPATHY P,DMK,77399,78.43,SC,Central,42.401582136322304
Tindivanam,72,PACHIMUTHU P,NTK,9203,78.43,SC,Central,5.041689949489969
Tindivanam,72,CHANDRALEKHA K,DMDK,2701,78.43,SC,Central,1.479691899768815
Tindivanam,72,POYATHU @ ANBIN POYYAMOZHI S,MNM,2079,78.43,SC,Central,1.1389409328468592
Tindivanam,72,NONE OF THE ABOVE,NOTA,1523,78.43,SC,Central,0.8343468209359148
Tindivanam,72,GOVINDASAMY A,BSP,603,78.43,SC,Central,0.3303421753278769
Tindivanam,72,ILAVARASAN K,Anna Dravidar Kazhagam,424,78.43,SC,Central,0.23228040188892174
Tindivanam,72,THAMBIRAJ A,IND,379,78.43,SC,Central,0.20762800074505036
Tindivanam,72,SETTU M,Desiya Sirupanmayinar Makkal Iyakkam,247,78.43,SC,Central,0.13531429072302753
Tindivanam,72,VETRIVENDHAN S,IND,195,78.43,SC,Central,0.10682707162344279
Tindivanam,72,VISWANATHAN S A,All  India  Pattali  Munnetra Katchi,148,78.43,SC,Central,0.08107900820651041
Tindivanam,72,GOKULAKRISHNAN M,IND,141,78.43,SC,Central,0.0772441902507971
Tindivanam,72,ARULMARAN J,IND,122,78.43,SC,Central,0.06683539865671805
Tindivanam,72,MOHAN A,MAKKAL SAKTHI KATCHI,112,78.43,SC,Central,0.061357087291413294
Tindivanam,72,VINOTH S,IND,110,78.43,SC,Central,0.06026142501835234
Vanur,73,CHAKRAPANI M,AIADMK,92219,79.79,SC,Central,50.611938004917455
Vanur,73,VANNI ARASU,VCK,70492,79.79,SC,Central,38.68765367053038
Vanur,73,LATCHOUMY M,NTK,8587,79.79,SC,Central,4.712745872848612
Vanur,73,GANAPATHI P M,DMDK,5460,79.79,SC,Central,2.996575342465753
Vanur,73,SANDOSHKUMAR M,MNM,2500,79.79,SC,Central,1.372058306989814
Vanur,73,NONE OF THE ABOVE,NOTA,1363,79.79,SC,Central,0.7480461889708465
Vanur,73,SAKTHIVEL S,IND,813,79.79,SC,Central,0.44619336143308747
Vanur,73,VINAYAGAMURTHY M,BSP,774,79.79,SC,Central,0.42478925184404637
Villupuram,74,LAKSHMANAN R,DMK,102271,76.97,GEN,Central,49.92238601972078
Villupuram,74,SHANMUGAM C VE,AIADMK,87403,76.97,GEN,Central,42.66474665625305
Villupuram,74,SELVAM J,NTK,6375,76.97,GEN,Central,3.11188128477985
Villupuram,74,DASS K,MNM,3242,76.97,GEN,Central,1.582544176510788
Villupuram,74,BALASUNDARAM R,AMMK,1695,76.97,GEN,Central,0.8273943180708777
Villupuram,74,NONE OF THE ABOVE,NOTA,970,76.97,GEN,Central,0.47349409352728694
Villupuram,74,SHANMUGAM A,IND,491,76.97,GEN,Central,0.23967587620814215
Villupuram,74,SIVABALAN N,BSP,415,76.97,GEN,Central,0.20257736991115882
Villupuram,74,SHANMUGAM G,IND,371,76.97,GEN,Central,0.18109928731816852
Villupuram,74,DURAISAMY D,Makkal Munnetra Peravai,322,76.97,GEN,Central,0.15718051352142928
Villupuram,74,KESAVAN P,IND,321,76.97,GEN,Central,0.15669237528067947
Villupuram,74,SHANMUGAM V,IND,233,76.97,GEN,Central,0.11373621009469882
Villupuram,74,DEVANATHAN N,Veerath Thiyagi Viswanathadoss Thozhilalarkal Katchi,118,76.97,GEN,Central,0.05760031240847408
Villupuram,74,JAIAADHE R,IND,84,76.97,GEN,Central,0.041003612222981545
Villupuram,74,VICTOR A S,Desiya Sirupanmayinar Makkal Iyakkam,78,76.97,GEN,Central,0.03807478277848286
Villupuram,74,RAMAN K,IND,78,76.97,GEN,Central,0.03807478277848286
Villupuram,74,KUPPAN V,IND,67,76.97,GEN,Central,0.03270526213023528
Villupuram,74,KUMAR R,IND,66,76.97,GEN,Central,0.0322171238894855
Villupuram,74,DAKSHINAMOORTHY SU VA,IND,48,76.97,GEN,Central,0.023430635555989454
Villupuram,74,BALU K,IND,42,76.97,GEN,Central,0.020501806111490772
Villupuram,74,PRABAKARAN M,IND,35,76.97,GEN,Central,0.017084838426242314
Villupuram,74,IYYANAR G,IND,34,76.97,GEN,Central,0.01659670018549253
Villupuram,74,MOHAMED IBRAIM A,Anna Dravidar Kazhagam,32,76.97,GEN,Central,0.015620423703992971
Villupuram,74,SUBRAMANIAN R,IND,27,76.97,GEN,Central,0.01317973250024407
Villupuram,74,NARENDIRAN D,IND,23,76.97,GEN,Central,0.011227179537244947
Villupuram,74,INIYADAYALAN G,IND,19,76.97,GEN,Central,0.009274626574245827
Vikravandi,75,PUGAZHENTHI N,DMK,93730,81.39,GEN,Central,48.4100053197808
Vikravandi,75,MUTHAMILSELVAN R,AIADMK,84157,81.39,GEN,Central,43.46570807315474
Vikravandi,75,SHEEBA ASHMI R,NTK,8216,81.39,GEN,Central,4.243429037739455
Vikravandi,75,IYYANAR R,AMMK,3053,81.39,GEN,Central,1.5768243491015768
Vikravandi,75,NONE OF THE ABOVE,NOTA,1122,81.39,GEN,Central,0.5794945691752273
Vikravandi,75,RAGHUPATHY P,IND,907,81.39,GEN,Central,0.46845060092863744
Vikravandi,75,ELANGOVAN S,Akhil Bharat Hindu Mahasabha,655,81.39,GEN,Central,0.3382967404721693
Vikravandi,75,ARUMUGAM C,BSP,520,81.39,GEN,Central,0.2685714580847756
Vikravandi,75,SATHISH R,IND,436,81.39,GEN,Central,0.22518683793261957
Vikravandi,75,GAYATHRI J,IND,305,81.39,GEN,Central,0.1575274898381857
Vikravandi,75,SENTHIL R,IJK,207,81.39,GEN,Central,0.10691209966067029
Vikravandi,75,RAJIVGANDHI P,Naadaalum Makkal Katchi,96,81.39,GEN,Central,0.049582423031035494
Vikravandi,75,KANNADHASAN A,IND,81,81.39,GEN,Central,0.0418351694324362
Vikravandi,75,AYYANAR A,IND,78,81.39,GEN,Central,0.04028571871271634
Vikravandi,75,IYYAPPAN K,IND,54,81.39,GEN,Central,0.02789011295495747
Tirukkoyilur,76,K.PONMUDY,DMK,110980,76.27,GEN,Central,56.55982916872646
Tirukkoyilur,76,VAT.KALIVARADHAN,BJP,51300,76.27,GEN,Central,26.144523665125856
Tirukkoyilur,76,L.VENKATESAN,DMDK,13997,76.27,GEN,Central,7.133428805862898
Tirukkoyilur,76,MURUGAN S,NTK,11620,76.27,GEN,Central,5.9220149120616465
Tirukkoyilur,76,NONE OF THE ABOVE,NOTA,2039,76.27,GEN,Central,1.0391556287171855
Tirukkoyilur,76,VIGNESH M,IND,1482,76.27,GEN,Central,0.7552862392147469
Tirukkoyilur,76,SENTHILKUMAR M,IJK,1066,76.27,GEN,Central,0.5432760668035899
Tirukkoyilur,76,PRAKASH A,IND,883,76.27,GEN,Central,0.45001197653618186
Tirukkoyilur,76,SIVA.PANJAVARNAM,BSP,696,76.27,GEN,Central,0.3547093269186666
Tirukkoyilur,76,SANKAR S,Veerath Thiyagi Viswanathadoss Thozhilalarkal Katchi,566,76.27,GEN,Central,0.28845614804018
Tirukkoyilur,76,JAYAVINDAN G,IND,480,76.27,GEN,Central,0.2446271220128735
Tirukkoyilur,76,MATHIVANAN S,IND,412,76.27,GEN,Central,0.20997161306104975
Tirukkoyilur,76,MAGESH M,IND,276,76.27,GEN,Central,0.14066059515740226
Tirukkoyilur,76,RAJINI VR,Naadaalum Makkal Katchi,231,76.27,GEN,Central,0.11772680246869537
Tirukkoyilur,76,KATHIRAVAN K,IND,189,76.27,GEN,Central,0.09632192929256894
Ulundurpet,77,MANIKANNAN A J,DMK,115451,82.62,GEN,Central,47.15114783155608
Ulundurpet,77,KUMARAGURU R,AIADMK,110195,82.62,GEN,Central,45.00455375265976
Ulundurpet,77,PUSHBAMARY L,NTK,9000,82.62,GEN,Central,3.67567479263068
Ulundurpet,77,K.G.P.RAJAMANI,AMMK,2848,82.62,GEN,Central,1.1631468677124641
Ulundurpet,77,NONE OF THE ABOVE,NOTA,2280,82.62,GEN,Central,0.931170947466439
Ulundurpet,77,MANIKANNAN M,IND,2107,82.62,GEN,Central,0.8605163097858715
Ulundurpet,77,SATHIYAMOORTHY,BSP,825,82.62,GEN,Central,0.3369368559911457
Ulundurpet,77,CHINNAIYAN S,MNM,677,82.62,GEN,Central,0.27649242606788565
Ulundurpet,77,RAJASTALIN K,IND,352,82.62,GEN,Central,0.14375972522288882
Ulundurpet,77,MANI R,Veerath Thiyagi Viswanathadoss Thozhilalarkal Katchi,299,82.62,GEN,Central,0.12211408477739705
Ulundurpet,77,DEEPA,My India Party,263,82.62,GEN,Central,0.10741138560687433
Ulundurpet,77,VENKATESAN M,CPI(ML)(L),143,82.62,GEN,Central,0.058402388371798584
Ulundurpet,77,RAJAMANI  K,IND,117,82.62,GEN,Central,0.04778377230419885
Ulundurpet,77,KUMAR A,Indhia Kudiarasu Katchi,110,82.62,GEN,Central,0.04492491413215276
Ulundurpet,77,KATHIRVEL M,IND,105,82.62,GEN,Central,0.04288287258069127
Ulundurpet,77,DHANAPAL P,LJP,81,82.62,GEN,Central,0.03308107313367612
Rishivandiam,78,KARTHIKEYAN K,DMK,113912,80.18,GEN,Central,52.95621693490651
Rishivandiam,78,SANTHOSH S A,AIADMK,72184,80.18,GEN,Central,33.55740890537688
Rishivandiam,78,SURESH MANIVANNAN R,NTK,12066,80.18,GEN,Central,5.609327494351622
Rishivandiam,78,PRABHU S,AMMK,10387,80.18,GEN,Central,4.828782088830623
Rishivandiam,78,NONE OF THE ABOVE,NOTA,2420,80.18,GEN,Central,1.1250267310070383
Rishivandiam,78,MURUGAN K,IND,1508,80.18,GEN,Central,0.7010497150242206
Rishivandiam,78,SHANMUGASUNDARAM K,MNM,640,80.18,GEN,Central,0.2975277305142581
Rishivandiam,78,VEERAN S,BSP,426,80.18,GEN,Central,0.19804189562355304
Rishivandiam,78,SANTHOSH M,IND,308,80.18,GEN,Central,0.1431852203099867
Rishivandiam,78,CHANDRASEKARAN V,IND,287,80.18,GEN,Central,0.1334225916524876
Rishivandiam,78,GURU K,IND,268,80.18,GEN,Central,0.12458973715284558
Rishivandiam,78,TAMILVANAN M,My India Party,151,80.18,GEN,Central,0.07019794891820777
Rishivandiam,78,VENKATRAMAN J,Naadaalum Makkal Katchi,149,80.18,GEN,Central,0.06926817476035071
Rishivandiam,78,NARAYANAN A,Anna MGR Dravida Makkal Kalgam,142,80.18,GEN,Central,0.06601396520785101
Rishivandiam,78,RADHAKRISHNAN K,Makkal Munnetra Peravai,129,80.18,GEN,Central,0.05997043318178015
Rishivandiam,78,KARTHIK G,IND,129,80.18,GEN,Central,0.05997043318178015
Sankarapuram,79,UDHAYASURIYAN T,DMK,121186,79.58,GEN,Central,56.1561060601848
Sankarapuram,79,DR.RAJA G,PMK,75223,79.58,GEN,Central,34.85741559392406
Sankarapuram,79,RAJIYAMA B,NTK,9873,79.58,GEN,Central,4.575027108182501
Sankarapuram,79,ARUL P,IND,2120,79.58,GEN,Central,0.9823819983132686
Sankarapuram,79,MANNAN M P,IND,1156,79.58,GEN,Central,0.5356762217217634
Sankarapuram,79,NONE OF THE ABOVE,NOTA,953,79.58,GEN,Central,0.4416085115059175
Sankarapuram,79,MAYILAMPARAI MARI A,IND,844,79.58,GEN,Central,0.3910992483850937
Sankarapuram,79,SAKTHIVEL S,BSP,810,79.58,GEN,Central,0.3753440653932772
Sankarapuram,79,VIMALAMARY S,Anna MGR Dravida Makkal Kalgam,609,79.58,GEN,Central,0.28220313064753805
Sankarapuram,79,RAMESH G,IJK,460,79.58,GEN,Central,0.21315835812457715
Sankarapuram,79,KUBENDIRAN A,IND,428,79.58,GEN,Central,0.19832995060286743
Sankarapuram,79,MUJIBUR RAGIMAN M,AIMIM,379,79.58,GEN,Central,0.17562395158524943
Sankarapuram,79,DHANAM K,IND,348,79.58,GEN,Central,0.16125893179859316
Sankarapuram,79,BABUGANESH S,IND,293,79.58,GEN,Central,0.13577260637065458
Sankarapuram,79,GOPINATH E,IND,272,79.58,GEN,Central,0.12604146393453258
Sankarapuram,79,OVIYAR ANANDH C,LJP,257,79.58,GEN,Central,0.11909064790873115
Sankarapuram,79,ARUNKENNADI A P,All  India  Pattali  Munnetra Katchi,203,79.58,GEN,Central,0.094067710215846
Sankarapuram,79,UTHAYAKUMAR A,IND,166,79.58,GEN,Central,0.07692236401886915
Sankarapuram,79,JAYAPRAKASH K,IND,134,79.58,GEN,Central,0.06209395649715943
Sankarapuram,79,RAJKUMAR  E,IND,88,79.58,GEN,Central,0.04077812068470172
Kallakurichi,80,SENTHILKUMAR.M,AIADMK,110643,78.16,SC,Central,48.98785962861621
Kallakurichi,80,MANIRATHINEM.K.I,INC,84752,78.16,SC,Central,37.52446227275545
Kallakurichi,80,DRAVIDAMUTHAMILSELVI.D,NTK,16474,78.16,SC,Central,7.293963463769271
Kallakurichi,80,VIJAYAKUMAR.N,DMDK,6571,78.16,SC,Central,2.909350122643431
Kallakurichi,80,NONE OF THE ABOVE,NOTA,1257,78.16,SC,Central,0.5565443774406929
Kallakurichi,80,DEVIMANGAYARKARASI.K,IND,1197,78.16,SC,Central,0.5299790133623782
Kallakurichi,80,PALANISAMY.A,BSP,1097,78.16,SC,Central,0.485703406565187
Kallakurichi,80,PRABU.C,IND,937,78.16,SC,Central,0.4148624356896812
Kallakurichi,80,AYYASAMY.M,IJK,871,78.16,SC,Central,0.385640535203535
Kallakurichi,80,SURIYAPRAKASH.M,IND,659,78.16,SC,Central,0.29177624879348973
Kallakurichi,80,SELVARAJ.M,IND,266,78.16,SC,Central,0.11777311408052847
Kallakurichi,80,SUBRAMANIYAN.P,IND,250,78.16,SC,Central,0.1106890169929779
Kallakurichi,80,DINESH.M,My India Party,198,78.16,SC,Central,0.0876657014584385
Kallakurichi,80,ELAIYAPERUMAL.K,IND,185,78.16,SC,Central,0.08190987257480364
Kallakurichi,80,KUPPUSAMY.K,Anna MGR Dravida Makkal Kalgam,171,78.16,SC,Central,0.07571128762319687
Kallakurichi,80,SIVAKUMAR.S,IND,125,78.16,SC,Central,0.05534450849648895
Kallakurichi,80,GURUSAMY.M,IND,103,78.16,SC,Central,0.04560387500110689
Kallakurichi,80,OVIYAR ANANTH,LJP,102,78.16,SC,Central,0.04516111893313498
Gangavalli,81,"NALLATHAMBI,A.",AIADMK,89568,77.11,SC,Central,48.0249647458754
Gangavalli,81,"REKHA PRIYADHARSHINI,J.",DMK,82207,77.11,SC,Central,44.07811134405345
Gangavalli,81,"VINOTHINI,R.",NTK,9323,77.11,SC,Central,4.998847203530238
Gangavalli,81,"PANDIAN,A.",AMMK,1519,77.11,SC,Central,0.8144641104968822
Gangavalli,81,NONE OF THE ABOVE,NOTA,1251,77.11,SC,Central,0.6707666900800524
Gangavalli,81,"NAVAN,P.",Puthiya Tamilagam,609,77.11,SC,Central,0.3265363023651094
Gangavalli,81,"PERIYASAMY,K.",IJK,493,77.11,SC,Central,0.2643389114384219
Gangavalli,81,"SELLAMMAL,V.M.",BSP,485,77.11,SC,Central,0.26004943620209864
Gangavalli,81,"SARAVANAN,R.",IND,396,77.11,SC,Central,0.21232902419800218
Gangavalli,81,"SENTHILKUMAR,K.",IND,392,77.11,SC,Central,0.21018428657984053
Gangavalli,81,"CHANDRASEKARAN,K.",IND,155,77.11,SC,Central,0.08310858270376348
Gangavalli,81,"AYYADURAI,J.",IND,105,77.11,SC,Central,0.056299362476743
Attur,82,"JAYASANKARAN, A.P.",AIADMK,95308,77.26,SC,Central,47.71531417871965
Attur,82,"CHINNADURAI, K.",DMK,87051,77.26,SC,Central,43.58150223036602
Attur,82,"KRISHNAVENI, S.",NTK,10233,77.26,SC,Central,5.1230831618629935
Attur,82,"SIVAKUMAR, P.",MNM,1959,77.26,SC,Central,0.9807602769558884
Attur,82,NONE OF THE ABOVE,NOTA,1834,77.26,SC,Central,0.9181798611215412
Attur,82,"MADHESWARAN, S.",AMMK,1699,77.26,SC,Central,0.8505930120204462
Attur,82,"PERIYANNAN, M.",BSP,494,77.26,SC,Central,0.24731780337733988
Attur,82,"ARUMUGAM, D.",IND,367,77.26,SC,Central,0.1837361008896432
Attur,82,"SADHA SIVAM, R.",Ambedkarite Party of India,241,77.26,SC,Central,0.12065504172862128
Attur,82,"SILAMBARASAN, J.",IND,222,77.26,SC,Central,0.11114281852180052
Attur,82,"JANARTHANAM, A.",Dhesiya Makkal Kazhagam,215,77.26,SC,Central,0.10763831523507707
Attur,82,"MATHESWARI, K.K.",Anna Dravidar Kazhagam,120,77.26,SC,Central,0.06007719920097326
Yercaud,83,G. CHITRA,AIADMK,121561,83.09,ST,Central,50.878522040481485
Yercaud,83,C. TAMILSELVAN,DMK,95606,83.09,ST,Central,40.01523497011602
Yercaud,83,JOTHI,NTK,13308,83.09,ST,Central,5.569972041318579
Yercaud,83,C. KUMAR,DMDK,2986,83.09,ST,Central,1.2497698012757195
Yercaud,83,NONE OF THE ABOVE,NOTA,1979,83.09,ST,Central,0.8282968642748322
Yercaud,83,T. DURAISAMY,IJK,876,83.09,ST,Central,0.36664378630861694
Yercaud,83,D. MADESH,IND,660,83.09,ST,Central,0.2762384691366292
Yercaud,83,P. RAMASAMY,BSP,579,83.09,ST,Central,0.2423364751971338
Yercaud,83,K. MANIKANDAN,IND,490,83.09,ST,Central,0.20508613617719443
Yercaud,83,T. PRIYA,IND,289,83.09,ST,Central,0.12095896603103914
Yercaud,83,SANTHOSAM,IND,167,83.09,ST,Central,0.0698967035542683
Yercaud,83,S.T. RAJENDHIRAN,IND,165,83.09,ST,Central,0.0690596172841573
Yercaud,83,P. SATHISHKUMAR,IND,148,83.09,ST,Central,0.06194438398821382
Yercaud,83,K. UNNAMALAI,IND,110,83.09,ST,Central,0.04603974485610487
Omalur,84,R.MANI,AIADMK,142488,83.28,GEN,Central,57.217892035803345
Omalur,84,RANGARAJAN MOHAN KUMARAMANGALAM,INC,87194,83.28,GEN,Central,35.01387399759865
Omalur,84,A.RAJA,NTK,9416,83.28,GEN,Central,3.781116103876286
Omalur,84,V.SRINIVASAN,MNM,2930,83.28,GEN,Central,1.176579246427094
Omalur,84,NONE OF THE ABOVE,NOTA,1600,83.28,GEN,Central,0.6425006123833962
Omalur,84,M.KARUNAKARAN,Tamil Nadu Ilangyar Katchi,1228,83.28,GEN,Central,0.49311922000425656
Omalur,84,K.K.MADHESWARAN,AMMK,1202,83.28,GEN,Central,0.48267858505302635
Omalur,84,N.V.THOMAS,BSP,812,83.28,GEN,Central,0.32606906078457354
Omalur,84,R.MURUGAN,IND,676,83.28,GEN,Central,0.2714565087319849
Omalur,84,P.RAJA,IND,434,83.28,GEN,Central,0.17427829110899623
Omalur,84,R.MANI,IND,284,83.28,GEN,Central,0.11404385869805281
Omalur,84,S.DHIVYA,Dhesiya Makkal Kazhagam,281,83.28,GEN,Central,0.11283917004983396
Omalur,84,S.MANI,IND,149,83.28,GEN,Central,0.05983286952820376
Omalur,84,K.GOVINDARAJU,IND,118,83.28,GEN,Central,0.047384420163275466
Omalur,84,E.MANI,IND,111,83.28,GEN,Central,0.04457347998409811
Omalur,84,T.SURESH,IND,104,83.28,GEN,Central,0.04176253980492075
Mettur,85,SADHASIVAM.S,PMK,97055,75.01,GEN,Central,44.43055822598218
Mettur,85,SRINIVASAPERUMAL.S,DMK,96399,75.01,GEN,Central,44.13024967725987
Mettur,85,MANIKANDAN.C,NTK,9109,75.01,GEN,Central,4.169985625474954
Mettur,85,ANUSUYA.P,MNM,4605,75.01,GEN,Central,2.1081110775400336
Mettur,85,SELVAN,IND,2823,75.01,GEN,Central,1.292333891833988
Mettur,85,NONE OF THE ABOVE,NOTA,2247,75.01,GEN,Central,1.0286483368582966
Mettur,85,RAMESH ARAVIND.M,DMDK,1874,75.01,GEN,Central,0.8578936285146629
Mettur,85,THANGAVEL. K,Dhesiya Makkal Kazhagam,1783,75.01,GEN,Central,0.8162349731278783
Mettur,85,AMBIKA.A,IND,738,75.01,GEN,Central,0.3378471173126047
Mettur,85,BANUPRIYA.P,Ganasangam Party of India,435,75.01,GEN,Central,0.199137528497267
Mettur,85,SADHASIVAM.P,IND,386,75.01,GEN,Central,0.1767059448274599
Mettur,85,DR.PADMARAJAN.K,IND,325,75.01,GEN,Central,0.14878091209565925
Mettur,85,SEKAR.P,IND,269,75.01,GEN,Central,0.12314481647302258
Mettur,85,RASAPPAN.K,My India Party,226,75.01,GEN,Central,0.10345995733421229
Mettur,85,ARIVAZHAGAN.P,IND,168,75.01,GEN,Central,0.07690828686791001
Edapadi,86,EDAPPADI PALANISWAMI. K,AIADMK,163154,85.64,GEN,Central,65.97385372481308
Edapadi,86,SAMBATHKUMAR. T,DMK,69352,85.64,GEN,Central,28.04355825492012
Edapadi,86,SHRI RATHNA,NTK,6626,85.64,GEN,Central,2.679326003534155
Edapadi,86,THASAPPARAJ. D,MNM,1547,85.64,GEN,Central,0.6255534753195499
Edapadi,86,NONE OF THE ABOVE,NOTA,1109,85.64,GEN,Central,0.44844137306359455
Edapadi,86,JAMUNA. A,BSP,815,85.64,GEN,Central,0.32955790716576155
Edapadi,86,POOKADAI SEKAR. N,AMMK,774,85.64,GEN,Central,0.31297892042490727
Edapadi,86,KATHIRAVAN. V,IND,555,85.64,GEN,Central,0.22442286929692964
Edapadi,86,IYYAPPAN. P,IND,483,85.64,GEN,Central,0.19530855111786852
Edapadi,86,GUHESHKUMAR. M,IND,474,85.64,GEN,Central,0.19166926134548587
Edapadi,86,KATHIRESAN. L,IND,407,85.64,GEN,Central,0.1645767708177484
Edapadi,86,AGNI SRI RAMACHANDRAN. N,IND,261,85.64,GEN,Central,0.10553940339909663
Edapadi,86,LOGANATHAN. S,IND,208,85.64,GEN,Central,0.08410803029506553
Edapadi,86,STALIN. A,IND,202,85.64,GEN,Central,0.0816818371134771
Edapadi,86,LAKSHMI. G,IND,199,85.64,GEN,Central,0.0804687405226829
Edapadi,86,ESWARAMOORTHY P,IND,166,85.64,GEN,Central,0.06712467802394653
Edapadi,86,MANIKANDAN. R,Tamil Nadu Ilangyar Katchi,153,85.64,GEN,Central,0.06186792613050494
Edapadi,86,SOCIAL WORKER ESWARI. P,Ambedkarite Party of India,135,85.64,GEN,Central,0.05458934658573965
Edapadi,86,GUNASEKARAN. K.N,My India Party,118,85.64,GEN,Central,0.0477151325712391
Edapadi,86,MURUGAN. M,IND,91,85.64,GEN,Central,0.03679726325409117
Edapadi,86,ESWARAMURTHY. N,IND,89,85.64,GEN,Central,0.0359885321935617
Edapadi,86,SHANMUGAM. G,IND,66,85.64,GEN,Central,0.026688124997472716
Edapadi,86,SURIYAMOORTHY. S,MGR Makkal Katchi,64,85.64,GEN,Central,0.02587939393694324
Edapadi,86,BALASUBRAMANIAM. J,IND,61,85.64,GEN,Central,0.024666297346149026
Edapadi,86,MANI. C,Dhesiya Makkal Kazhagam,47,85.64,GEN,Central,0.01900517992244269
Edapadi,86,SOWNTHARARAJAN. G,IND,44,85.64,GEN,Central,0.017792083331648476
Edapadi,86,BALAMURUGAN. M,IND,39,85.64,GEN,Central,0.015770255680324786
Edapadi,86,DR. PADMARAJAN. K,IND,36,85.64,GEN,Central,0.01455715908953057
Edapadi,86,PALANISAMY. A,IND,26,85.64,GEN,Central,0.010513503786883191
Sankari,87,"SUNDARARAJAN, S.",AIADMK,115472,83.71,GEN,Central,49.71947969187976
Sankari,87,"RAJESH, K.M.",DMK,95427,83.71,GEN,Central,41.088582414412244
Sankari,87,"SHOBANA, S.",NTK,10862,83.71,GEN,Central,4.676917247585545
Sankari,87,"SENGODAN, K.",MNM,3175,83.71,GEN,Central,1.3670790150141876
Sankari,87,"CHELLAMUTHU, A.",AMMK,1471,83.71,GEN,Central,0.6333773956175968
Sankari,87,NONE OF THE ABOVE,NOTA,1469,83.71,GEN,Central,0.6325162434821547
Sankari,87,"BAKKIYAMANI, M.",IND,847,83.71,GEN,Central,0.3646979293596903
Sankari,87,"SIVALINGAM, C.",Tamilaga Makkal Thannurimai Katchi,814,83.71,GEN,Central,0.3504889191248972
Sankari,87,"PALANIYAPPAN, M.",IND,525,83.71,GEN,Central,0.22605243555352708
Sankari,87,"PRABHU, K.",IND,481,83.71,GEN,Central,0.2071070885738029
Sankari,87,"MANIVEL, P.",IND,278,83.71,GEN,Central,0.11970014682643909
Sankari,87,"DURAIRAJ, C.",IND,211,83.71,GEN,Central,0.09085155028913182
Sankari,87,"RAVIKUMAR, P.",Ganasangam Party of India,200,83.71,GEN,Central,0.08611521354420079
Sankari,87,"GOPALAKRISHNAN, S.",IND,166,83.71,GEN,Central,0.07147562724168666
Sankari,87,"AROKIASAMI, A.",IND,135,83.71,GEN,Central,0.05812776914233553
Sankari,87,"JAGANNATHAN, M.",IND,119,83.71,GEN,Central,0.051238552058799465
Sankari,87,"JAGANATHAN, I.",IND,99,83.71,GEN,Central,0.04262703070437939
Sankari,87,"SENGOTEN, R.",IND,97,83.71,GEN,Central,0.04176587856893738
Sankari,87,"SETTU, K.",My India Party,96,83.71,GEN,Central,0.04133530250121638
Sankari,87,"GUNASEKARAN, M.",IND,95,83.71,GEN,Central,0.040904726433495374
Sankari,87,"SATHISHKUMAR, V.",IND,89,83.71,GEN,Central,0.038321270027169355
Sankari,87,"VIJAYAKUMAR, P.",IND,55,83.71,GEN,Central,0.023681683724655216
Sankari,87,"VENGADACHALAM, T.",IND,33,83.71,GEN,Central,0.01420901023479313
Sankari,87,"VIJI @ VIJAYAN, K.",IND,31,83.71,GEN,Central,0.013347858099351122
Salem (West),88,ARUL. R,PMK,105483,71.81,GEN,Central,48.6931513931717
Salem (West),88,RAJENDRAN. A,DMK,83984,71.81,GEN,Central,38.76876488727219
Salem (West),88,NAGAMMAL. S,NTK,10668,71.81,GEN,Central,4.924571154236756
Salem (West),88,THIYAGARAJAN. A,MNM,7939,71.81,GEN,Central,3.6648078734051
Salem (West),88,ALAGAAPURAM R. MOHANRAJ,DMDK,2307,71.81,GEN,Central,1.0649592850416383
Salem (West),88,NONE OF THE ABOVE,NOTA,1683,71.81,GEN,Central,0.77690787894455
Salem (West),88,VIJAYAKUMAR. R,Dhesiya Makkal Kazhagam,639,71.81,GEN,Central,0.2949757187436527
Salem (West),88,KARTHIKEYAN. J,Tamil Nadu Ilangyar Katchi,580,71.81,GEN,Central,0.26774008900049856
Salem (West),88,KATHIRVEL. A,My India Party,330,71.81,GEN,Central,0.1523348782244216
Salem (West),88,THIYAGARAJAN. M,IND,315,71.81,GEN,Central,0.14541056557785698
Salem (West),88,TAMIL SELVAN. S,BSP,283,71.81,GEN,Central,0.13063869859851912
Salem (West),88,SARATHKUMAR. S,IND,241,71.81,GEN,Central,0.11125062318813818
Salem (West),88,KATHAVARAYAN. S,IND,232,71.81,GEN,Central,0.10709603560019942
Salem (West),88,SIVARAMAN. S,IND,222,71.81,GEN,Central,0.10247982716915635
Salem (West),88,GOPI. M,IND,211,71.81,GEN,Central,0.09740199789500895
Salem (West),88,CHANDRASEKARAN. G,IND,191,71.81,GEN,Central,0.0881695810329228
Salem (West),88,MUTHUSAMY. R,Tamilaga Makkal Thannurimai Katchi,164,71.81,GEN,Central,0.07570581826910648
Salem (West),88,RAJENDIRAN. B,IND,132,71.81,GEN,Central,0.06093395128976863
Salem (West),88,JEEVANANTHAM. M,IND,129,71.81,GEN,Central,0.059549088760455705
Salem (West),88,RAMKUMAR. R,IND,128,71.81,GEN,Central,0.0590874679173514
Salem (West),88,MARIMUTHU. M,IND,120,71.81,GEN,Central,0.05539450117251694
Salem (West),88,INBARAJ. A,IND,110,71.81,GEN,Central,0.050778292741473864
Salem (West),88,NATARAJAN. C,IND,105,71.81,GEN,Central,0.04847018852595232
Salem (West),88,SENTHILKUMAR. A,Anaithu Makkal Puratchi Katchi,99,71.81,GEN,Central,0.04570046346732648
Salem (West),88,SABBAPATHI. M,IND,93,71.81,GEN,Central,0.04293073840870063
Salem (West),88,MURUGAN. A,IND,79,71.81,GEN,Central,0.03646804660524032
Salem (West),88,GOPINATH. R,IND,68,71.81,GEN,Central,0.03139021733109293
Salem (West),88,MAYAKANNAN. M,IND,57,71.81,GEN,Central,0.026312388056945548
Salem (West),88,BALAJI. D,IND,36,71.81,GEN,Central,0.01661835035175508
Salem (North),89,R. RAJENDRAN,DMK,93432,72.14,GEN,Central,46.16752974661027
Salem (North),89,G.VENKATACHALAM,AIADMK,85844,72.14,GEN,Central,42.41807328932284
Salem (North),89,R S GURU CHAKRAVARTHY,MNM,10718,72.14,GEN,Central,5.296082539431554
Salem (North),89,IMAYAESWARAN N,NTK,8155,72.14,GEN,Central,4.029628019132703
Salem (North),89,NONE OF THE ABOVE,NOTA,1539,72.14,GEN,Central,0.7604656678657549
Salem (North),89,C NATARAJAN,AMMK,805,72.14,GEN,Central,0.3977744396568763
Salem (North),89,M.P.PANNEER SELVAM,NPP,345,72.14,GEN,Central,0.170474759852947
Salem (North),89,S VELAN,BSP,300,72.14,GEN,Central,0.14823892161125823
Salem (North),89,A RAMESHKUMAR,IND,213,72.14,GEN,Central,0.10524963434399336
Salem (North),89,R PALANISAMY,IND,208,72.14,GEN,Central,0.10277898565047237
Salem (North),89,S RAJASEKAR,IND,177,72.14,GEN,Central,0.08746096375064237
Salem (North),89,N DEVARAJ,IND,167,72.14,GEN,Central,0.08251966636360043
Salem (North),89,M AHAMEDSHAHJAHAN,MGR Makkal Katchi,96,72.14,GEN,Central,0.04743645491560264
Salem (North),89,M.SHANMUGA SUNDARAM,IND,73,72.14,GEN,Central,0.03607147092540617
Salem (North),89,R SENTHILKUMAR,IND,63,72.14,GEN,Central,0.031130173538364232
Salem (North),89,VAATHIAR C MURUGAN,Ambedkarite Party of India,55,72.14,GEN,Central,0.02717713562873068
Salem (North),89,M.R.NAWAZUDIEEN,IND,50,72.14,GEN,Central,0.02470648693520971
Salem (North),89,T.VIJAYA RAJ,IND,45,72.14,GEN,Central,0.02223583824168874
Salem (North),89,S. BABU,My India Party,39,72.14,GEN,Central,0.019271059809463573
Salem (North),89,P.RAMACHANDRAN,IND,27,72.14,GEN,Central,0.013341502945013241
Salem (North),89,D.MURALI,Dhesiya Makkal Kazhagam,25,72.14,GEN,Central,0.012353243467604856
Salem (South),90,E.BALASUBRAMANIAN,AIADMK,97506,76.0,GEN,Central,48.757388164934845
Salem (South),90,A.S.SARAVANAN,DMK,74897,76.0,GEN,Central,37.45187066836016
Salem (South),90,M.PRABU MANIKANDAN,MNM,10368,76.0,GEN,Central,5.184466601994179
Salem (South),90,S.MARIAMMA,NTK,10176,76.0,GEN,Central,5.08845796121651
Salem (South),90,SE.VENKATAJALAM,AMMK,2970,76.0,GEN,Central,1.4851336620295827
Salem (South),90,NONE OF THE ABOVE,NOTA,1860,76.0,GEN,Central,0.930083707533678
Salem (South),90,S.MURALI,BSP,400,76.0,GEN,Central,0.2000180016201458
Salem (South),90,R.SUNDARAM,IND,311,76.0,GEN,Central,0.1555139962596634
Salem (South),90,B.DEVI,IND,224,76.0,GEN,Central,0.11201008090728165
Salem (South),90,K.SELVARAJ,IND,210,76.0,GEN,Central,0.10500945085057656
Salem (South),90,SAMUNDESWARI.V,IND,149,76.0,GEN,Central,0.07450670560350431
Salem (South),90,R.VELMURUGAN,CPI(ML)(L),133,76.0,GEN,Central,0.06650598553869848
Salem (South),90,K.N.VEERASENAN,IND,112,76.0,GEN,Central,0.056005040453640825
Salem (South),90,M.SUNDAR,Ambedkarite Party of India,87,76.0,GEN,Central,0.04350391535238172
Salem (South),90,SATHIYAPRIYA,RPI(A),79,76.0,GEN,Central,0.039503555319978796
Salem (South),90,R.ELAVARASAN,Veerath Thiyagi Viswanathadoss Thozhilalarkal Katchi,75,76.0,GEN,Central,0.03750337530377734
Salem (South),90,S.SARAVANAN,IND,63,76.0,GEN,Central,0.031502835255172966
Salem (South),90,M.KUMAR,IND,62,76.0,GEN,Central,0.0310027902511226
Salem (South),90,S.RAJI,Dhesiya Makkal Kazhagam,61,76.0,GEN,Central,0.03050274524707224
Salem (South),90,M.PERIYASAMY,IND,61,76.0,GEN,Central,0.03050274524707224
Salem (South),90,N.MAYAKANNAN,IND,58,76.0,GEN,Central,0.029002610234921143
Salem (South),90,S.KRISHNAKUMAR,IND,46,76.0,GEN,Central,0.023002070186316767
Salem (South),90,D.M.MOHAMMAD NAZEERUDEEN,IND,26,76.0,GEN,Central,0.013001170105309478
Salem (South),90,K.YASIN BASHA,IND,26,76.0,GEN,Central,0.013001170105309478
Salem (South),90,K.MARIAPPAN,IND,22,76.0,GEN,Central,0.01100099008910802
Veerapandi,91,"RAJAMUTHU, M.",AIADMK,111682,85.64,GEN,Central,49.92445306702667
Veerapandi,91,"THARUN, A.K.",DMK,91787,85.64,GEN,Central,41.03092506995914
Veerapandi,91,"RAJESHKUMAR, S.",NTK,9806,85.64,GEN,Central,4.3835102055413
Veerapandi,91,"SELVAM, S.K.",AMMK,4986,85.64,GEN,Central,2.228858034349268
Veerapandi,91,NONE OF THE ABOVE,NOTA,1409,85.64,GEN,Central,0.6298557902924427
Veerapandi,91,"AMUTHA, R.",IJK,1302,85.64,GEN,Central,0.5820243001850676
Veerapandi,91,"MOHAN, V.",IND,386,85.64,GEN,Central,0.1725509830041752
Veerapandi,91,"CHINNANANN, M.",BSP,361,85.64,GEN,Central,0.16137540120338664
Veerapandi,91,"VENKAT, A.",IND,324,85.64,GEN,Central,0.14483554013821962
Veerapandi,91,"SENTHILMURUGAN, E.",IND,265,85.64,GEN,Central,0.11846116708835862
Veerapandi,91,"RAJARATHINAM, K.",IND,237,85.64,GEN,Central,0.10594451547147545
Veerapandi,91,INDRAJITH GUPTHA,IND,230,85.64,GEN,Central,0.10281535256725464
Veerapandi,91,"SEKAR, M.",IND,208,85.64,GEN,Central,0.09298084058256072
Veerapandi,91,"MANI, M.",My India Party,133,85.64,GEN,Central,0.05945409518019508
Veerapandi,91,"MOHAN, P.",SUCI,129,85.64,GEN,Central,0.05766600209206891
Veerapandi,91,SATHIYAVANI,Dhesiya Makkal Kazhagam,118,85.64,GEN,Central,0.05274874609972195
Veerapandi,91,"SENTHILKUMAR, J.",IND,94,85.64,GEN,Central,0.04202018757096494
Veerapandi,91,"PRABAKARAN, P.",Veerath Thiyagi Viswanathadoss Thozhilalarkal Katchi,69,85.64,GEN,Central,0.0308446057701764
Veerapandi,91,"VAITHI, M.",IND,62,85.64,GEN,Central,0.027715442865955602
Veerapandi,91,"MANIKANDAN, S.",All India Jananayaka Makkal Kazhagam,59,85.64,GEN,Central,0.026374373049860976
Veerapandi,91,"RAMESH, C.",IND,55,85.64,GEN,Central,0.02458627996173481
Rasipuram,92,MATHIVENTHAN M,DMK,90727,82.05,SC,Central,46.07676837443627
Rasipuram,92,SAROJA V. DR,AIADMK,88775,82.05,SC,Central,45.08542233778897
Rasipuram,92,SILAMBARASI K,NTK,11295,82.05,SC,Central,5.736297891358225
Rasipuram,92,NONE OF THE ABOVE,NOTA,2110,82.05,SC,Central,1.071588185105432
Rasipuram,92,RAMKUMAR R,IJK,1133,82.05,SC,Central,0.5754073050826799
Rasipuram,92,ANBALAGAN S,AMMK,1051,82.05,SC,Central,0.5337626457563077
Rasipuram,92,MUNIYAPPAN M,IND,450,82.05,SC,Central,0.22853776459594524
Rasipuram,92,VIJAYA K,BSP,351,82.05,SC,Central,0.17825945638483728
Rasipuram,92,ARULMOZHIDEVAN P,Tamilaga Makkal Thannurimai Katchi,217,82.05,SC,Central,0.11020598870515581
Rasipuram,92,PALANIVEL S,IND,151,82.05,SC,Central,0.07668711656441718
Rasipuram,92,CHINNUSAMY P,Ganasangam Party of India,147,82.05,SC,Central,0.07465566976800878
Rasipuram,92,JAYANTHI M,Ambedkarite Party of India,142,82.05,SC,Central,0.07211636127249828
Rasipuram,92,MADHIYAZHAGAN D,IND,123,82.05,SC,Central,0.06246698898955837
Rasipuram,92,POONGODI S,IND,88,82.05,SC,Central,0.04469182952098485
Rasipuram,92,MANIVANNAN A,IND,81,82.05,SC,Central,0.04113679762727014
Rasipuram,92,SEERANGAN P,IND,63,82.05,SC,Central,0.03199528704343233
Sendamangalam,93,PONNUSAMY K,DMK,90681,80.93,ST,Central,45.51459331944688
Sendamangalam,93,CHANDRAN S,AIADMK,80188,80.93,ST,Central,40.2479484026401
Sendamangalam,93,ROHINI T,NTK,11654,80.93,ST,Central,5.849373854995357
Sendamangalam,93,CHANDRASEKARAN C,IND,11371,80.93,ST,Central,5.7073305393128715
Sendamangalam,93,NONE OF THE ABOVE,NOTA,2058,80.93,ST,Central,1.032951037719276
Sendamangalam,93,CHANDRAN P,AMMK,831,80.93,ST,Central,0.4170953898662384
Sendamangalam,93,RAMASAMY K.V,IND,672,80.93,ST,Central,0.337290134765478
Sendamangalam,93,SELVARAJ V,IJK,431,80.93,ST,Central,0.21632745250583482
Sendamangalam,93,RAMESH R,IND,251,80.93,ST,Central,0.1259818806936532
Sendamangalam,93,MUTHUSAMY C,IND,227,80.93,ST,Central,0.113935804452029
Sendamangalam,93,THIYAGARAJAN C,IND,202,80.93,ST,Central,0.10138780836700378
Sendamangalam,93,SANKAR P,IND,195,80.93,ST,Central,0.09787436946319672
Sendamangalam,93,RANCHITH C,IND,137,80.93,ST,Central,0.06876301854593822
Sendamangalam,93,DURAIRAJ S,IND,131,80.93,ST,Central,0.06575149948553216
Sendamangalam,93,PRASATH S,IND,119,80.93,ST,Central,0.059728461364720056
Sendamangalam,93,DINESH C,IND,87,80.93,ST,Central,0.04366702637588777
Namakkal,94,RAMALINGAM P,DMK,106494,78.57,GEN,Central,51.50634313379345
Namakkal,94,BASKAR K.P.P.,AIADMK,78633,78.57,GEN,Central,38.031234432358445
Namakkal,94,BASKAR B,NTK,10122,78.57,GEN,Central,4.895554727968311
Namakkal,94,ADHAM FAROOK S,MNM,5589,78.57,GEN,Central,2.7031471423251223
Namakkal,94,NONE OF THE ABOVE,NOTA,1285,78.57,GEN,Central,0.6214965249396641
Namakkal,94,SELVI K,DMDK,972,78.57,GEN,Central,0.47011254649132567
Namakkal,94,TAMIZHVANAN K,Tamilaga Makkal Thannurimai Katchi,433,78.57,GEN,Central,0.2094225644349218
Namakkal,94,RAMESH T,Ahimsa Socialist Party,313,78.57,GEN,Central,0.1513839784483384
Namakkal,94,ARUL SELVAN,IND,291,78.57,GEN,Central,0.14074357101746476
Namakkal,94,RAMASAMY P,BSP,261,78.57,GEN,Central,0.1262339245208189
Namakkal,94,CHO V,IND,253,78.57,GEN,Central,0.1223646854550467
Namakkal,94,DEEPAN CHAKKRAVARTHI S,IND,249,78.57,GEN,Central,0.12043006592216059
Namakkal,94,ANBUMANI,IND,223,78.57,GEN,Central,0.10785503895840085
Namakkal,94,SELVAKUMAR R,IND,198,78.57,GEN,Central,0.09576366687786263
Namakkal,94,THIYAGARAJAN R,Samaniya Makkal Nala Katchi,193,78.57,GEN,Central,0.093345392461755
Namakkal,94,KANAKARAJ K,Ganasangam Party of India,175,78.57,GEN,Central,0.08463960456376747
Namakkal,94,SELVAKUMAR E,Manitha Urimaigal Kalaagam,149,78.57,GEN,Central,0.07206457760000773
Namakkal,94,SARAVANAN A,NPP,132,78.57,GEN,Central,0.06384244458524176
Namakkal,94,RAMALINGAM K,IND,118,78.57,GEN,Central,0.057071276220140355
Namakkal,94,MADHESWARAN A.S,My India Party,114,78.57,GEN,Central,0.055136656687254246
Namakkal,94,SURESH KUMAR L,IND,107,78.57,GEN,Central,0.051751072504703545
Namakkal,94,JAYARAMACHANDRAN P,IND,101,78.57,GEN,Central,0.048849143205374375
Namakkal,94,MUTHUSAMY S,IND,87,78.57,GEN,Central,0.04207797484027297
Namakkal,94,JAWAHAR,IND,86,78.57,GEN,Central,0.04159431995705145
Namakkal,94,SIVAKUMAR D,Anna Puratchi Thalaivar Amma Dravida Munnetra Kazhagam,78,78.57,GEN,Central,0.03772508089127922
Namakkal,94,SARAVANAN S,Naadaalum Makkal Katchi,58,78.57,GEN,Central,0.02805198322684865
Namakkal,94,KUPPUSAMY M,IND,45,78.57,GEN,Central,0.021764469744968783
Paramathi-Velur,95,SEKAR S,AIADMK,86034,81.14,GEN,Central,46.83473328361378
Paramathi-Velur,95,MOORTHIY K S,DMK,78372,81.14,GEN,Central,42.663734301594474
Paramathi-Velur,95,UVARANI K,NTK,11684,81.14,GEN,Central,6.36047404149224
Paramathi-Velur,95,NATARAJAN K,MNM,1882,81.14,GEN,Central,1.0245131929209514
Paramathi-Velur,95,SAMINATHAN P P,AMMK,1329,81.14,GEN,Central,0.7234739816110225
Paramathi-Velur,95,NONE OF THE ABOVE,NOTA,964,81.14,GEN,Central,0.5247772146523895
Paramathi-Velur,95,RAMAN V,BSP,495,81.14,GEN,Central,0.26946547847814606
Paramathi-Velur,95,SEKAR R,IND,368,81.14,GEN,Central,0.2003298910706217
Paramathi-Velur,95,SUNDARAM N,IND,280,81.14,GEN,Central,0.15242491711895131
Paramathi-Velur,95,SEKAR N,IND,270,81.14,GEN,Central,0.14698117007898875
Paramathi-Velur,95,DEVANDRAN G,IND,259,81.14,GEN,Central,0.14099304833502996
Paramathi-Velur,95,PAPATHI R,IND,232,81.14,GEN,Central,0.1262949313271311
Paramathi-Velur,95,NALLAPPAN K,IND,219,81.14,GEN,Central,0.11921806017517979
Paramathi-Velur,95,THANGARASU M,IND,178,81.14,GEN,Central,0.09689869731133333
Paramathi-Velur,95,SEERANGAN P,IND,156,81.14,GEN,Central,0.08492245382341573
Paramathi-Velur,95,SUNDARAM S,United States of India Party,136,81.14,GEN,Central,0.07403495974349064
Paramathi-Velur,95,MANI K,Ganasangam Party of India,132,81.14,GEN,Central,0.07185746092750563
Paramathi-Velur,95,JAYAKUMAR K,IND,112,81.14,GEN,Central,0.060969966847580534
Paramathi-Velur,95,PARTHASARATHY S,IND,88,81.14,GEN,Central,0.04790497395167041
Paramathi-Velur,95,MOORTHY M,IND,87,81.14,GEN,Central,0.047360599247674155
Paramathi-Velur,95,KARTHIKEYAN N,IND,70,81.14,GEN,Central,0.03810622927973783
Paramathi-Velur,95,SAMYNATHAN G,IND,68,81.14,GEN,Central,0.03701747987174532
Paramathi-Velur,95,SATHISKUMAR D,IND,67,81.14,GEN,Central,0.03647310516774906
Paramathi-Velur,95,KUZHANDAIVEL K,IND,65,81.14,GEN,Central,0.035384355759756556
Paramathi-Velur,95,PERIASAMY R,IND,52,81.14,GEN,Central,0.02830748460780524
Paramathi-Velur,95,PRABHAHARAN M,IND,42,81.14,GEN,Central,0.022863737567842695
Paramathi-Velur,95,BALAJI R,IND,35,81.14,GEN,Central,0.019053114639868914
Paramathi-Velur,95,BALASUBRAMANIAN A,IND,21,81.14,GEN,Central,0.011431868783921348
Tiruchengode,96,ESWARAN E R,DMK,81688,78.71,GEN,Central,44.234820137651695
Tiruchengode,96,SARASWATHI PON,AIADMK,78826,78.71,GEN,Central,42.68502022537621
Tiruchengode,96,NATARAJAN P,NTK,13967,78.71,GEN,Central,7.563261836041783
Tiruchengode,96,JANAGARAJ R,MNM,3724,78.71,GEN,Central,2.016581017929376
Tiruchengode,96,NONE OF THE ABOVE,NOTA,1518,78.71,GEN,Central,0.8220112742257769
Tiruchengode,96,SHANMUGASUNDARAM T,IND,666,78.71,GEN,Central,0.36064526260498514
Tiruchengode,96,KALAIVANAN A,My India Party,515,78.71,GEN,Central,0.2788773427050561
Tiruchengode,96,HEMALATHA R,AMMK,449,78.71,GEN,Central,0.24313772208654402
Tiruchengode,96,SATHIESHKUMAR C,IND,391,78.71,GEN,Central,0.2117301766945183
Tiruchengode,96,BALAMURUGAN C,IND,379,78.71,GEN,Central,0.20523206385478884
Tiruchengode,96,KARTHIKEYAN S,IND,375,78.71,GEN,Central,0.20306602624154566
Tiruchengode,96,SENGOTTUVELLU N,Ahimsa Socialist Party,358,78.71,GEN,Central,0.19386036638526227
Tiruchengode,96,ESWARAN M,IND,326,78.71,GEN,Central,0.17653206547931705
Tiruchengode,96,CHANDRA R,IND,210,78.71,GEN,Central,0.1137169746952656
Tiruchengode,96,SIVAKUMAR K,Tamilaga Makkal Thannurimai Katchi,204,78.71,GEN,Central,0.11046791827540084
Tiruchengode,96,SELVARAMLINGAM,IND,200,78.71,GEN,Central,0.1083018806621577
Tiruchengode,96,VELU K,IND,127,78.71,GEN,Central,0.06877169422047014
Tiruchengode,96,YUVARAJKUMAR K,Namathu Kongu Munnetra Kalagam,100,78.71,GEN,Central,0.05415094033107885
Tiruchengode,96,RANJIT R,IND,96,78.71,GEN,Central,0.05198490271783569
Tiruchengode,96,SARASWATHI M,IND,76,78.71,GEN,Central,0.04115471465161993
Tiruchengode,96,CHINNATHAMBI K,RPI(A),75,78.71,GEN,Central,0.04061320524830914
Tiruchengode,96,SELVARAJ K R,IND,62,78.71,GEN,Central,0.03357358300526889
Tiruchengode,96,ESWARAN K,IND,61,78.71,GEN,Central,0.0330320736019581
Tiruchengode,96,BALAJICHEZHIAN P,IND,54,78.71,GEN,Central,0.02924150777878258
Tiruchengode,96,BALAMURUGAN S,IND,53,78.71,GEN,Central,0.02869999837547179
Tiruchengode,96,ESWARAN A,IND,52,78.71,GEN,Central,0.028158488972161
Tiruchengode,96,ESWARAN G,IND,49,78.71,GEN,Central,0.026533960762228637
Tiruchengode,96,SARAVANAN K,IND,43,78.71,GEN,Central,0.023284904342363903
Tiruchengode,96,SENTHILKUMAR C,IND,25,78.71,GEN,Central,0.013537735082769713
Kumarapalayam,97,THANGAMANI.P,AIADMK,100800,78.85,GEN,Central,49.91952457595642
Kumarapalayam,97,M.VENKATACHALAM,DMK,69154,78.85,GEN,Central,34.2473690726755
Kumarapalayam,97,S.VARUN,NTK,13240,78.85,GEN,Central,6.5568899343815765
Kumarapalayam,97,OMMSHARRAVANA.S,IND,7342,78.85,GEN,Central,3.6360034666336514
Kumarapalayam,97,K.KAMARAJ,MNM,6125,78.85,GEN,Central,3.0333044447195743
Kumarapalayam,97,NONE OF THE ABOVE,NOTA,1342,78.85,GEN,Central,0.6646031942552928
Kumarapalayam,97,K.R.SIVASUBIRAMANIYAN,DMDK,1022,78.85,GEN,Central,0.5061285130617803
Kumarapalayam,97,P.SENGODAGOUNDAR,IND,411,78.85,GEN,Central,0.20354091865791754
Kumarapalayam,97,R.KUMARESAN,Manitha Urimaigal Kalaagam,304,78.85,GEN,Central,0.15055094713383682
Kumarapalayam,97,M.DHANASEKARAN,IND,252,78.85,GEN,Central,0.12479881143989105
Kumarapalayam,97,SARAVANAN,IND,242,78.85,GEN,Central,0.11984647765259379
Kumarapalayam,97,GOWRISANKARAN,IND,200,78.85,GEN,Central,0.09904667574594528
Kumarapalayam,97,S.PONGIYANNAN,IND,194,78.85,GEN,Central,0.09607527547356692
Kumarapalayam,97,B.BALAKRISHNAN,IND,188,78.85,GEN,Central,0.09310387520118857
Kumarapalayam,97,KARTHI,IND,155,78.85,GEN,Central,0.07676117370310759
Kumarapalayam,97,K.SELLAPPAN,IND,131,78.85,GEN,Central,0.06487557261359415
Kumarapalayam,97,V.AMIRTHALINGAM,IND,119,78.85,GEN,Central,0.05893277206883744
Kumarapalayam,97,SUBRAMANI.S,CPI(ML)(L),113,78.85,GEN,Central,0.05596137179645908
Kumarapalayam,97,P.VENKATACHALAM,IND,101,78.85,GEN,Central,0.050018571251702365
Kumarapalayam,97,K.VENKATACHALAM,IND,78,78.85,GEN,Central,0.03862820354091866
Kumarapalayam,97,M.KATHAVARAYAN,IND,76,78.85,GEN,Central,0.037637736783459205
Kumarapalayam,97,GOPALAKRISHNAN,IND,63,78.85,GEN,Central,0.031199702859972762
Kumarapalayam,97,R.KUMAR,Ambedkarite Party of India,57,78.85,GEN,Central,0.028228302587594404
Kumarapalayam,97,G.RAJUGANESAN,IND,42,78.85,GEN,Central,0.02079980190664851
Kumarapalayam,97,S.PRABHAKARAN,IND,37,78.85,GEN,Central,0.018323635012999877
Kumarapalayam,97,K.A.VIJAYAN,IND,35,78.85,GEN,Central,0.017333168255540425
Kumarapalayam,97,M.YUVARAJ,IND,30,78.85,GEN,Central,0.014857001361891792
Kumarapalayam,97,A.VENKATACHALAM,IND,27,78.85,GEN,Central,0.013371301225702613
Kumarapalayam,97,G.RAGAVENDIRAN,IND,23,78.85,GEN,Central,0.011390367710783706
Kumarapalayam,97,MANIKANDAN,IND,22,78.85,GEN,Central,0.01089513433205398
Erode (East),98,"THIRUMAHAN EVERAA,E.",INC,67300,66.24,GEN,Kongu,44.265540624979444
Erode (East),98,"YUVARAJA,M.",AIADMK,58396,66.24,GEN,Kongu,38.409071476022284
Erode (East),98,"GOMATHI,S.",NTK,11629,66.24,GEN,Kongu,7.6487960167590785
Erode (East),98,"RAJAKUMAR,A.M.R",MNM,10005,66.24,GEN,Kongu,6.580634977012174
Erode (East),98,NONE OF THE ABOVE,NOTA,1546,66.24,GEN,Kongu,1.0168577385767938
Erode (East),98,"MUTHUKUMARAN,S.A.",AMMK,1204,66.24,GEN,Kongu,0.7919124949847735
Erode (East),98,ARUMUGA AC KANNAN,Ambedkarite Party of India,373,66.24,GEN,Kongu,0.24533501713398712
Erode (East),98,"GOVINDARAJ,S.",BSP,372,66.24,GEN,Kongu,0.2446772825036011
Erode (East),98,"MEENAKSHI,V.",IND,299,66.24,GEN,Kongu,0.1966626544854213
Erode (East),98,"SHAJAHAN,I.",IND,256,66.24,GEN,Kongu,0.16838006537882227
Erode (East),98,"YUVARAJ,M.",IND,235,66.24,GEN,Kongu,0.15456763814071575
Erode (East),98,"SHANMUGAVEL,S.",MGR Makkal Katchi,151,66.24,GEN,Kongu,0.09931792918828969
Erode (East),98,"RAJA,P.","Makkal Thilagam Munnetra Kazhagam,",102,66.24,GEN,Kongu,0.0670889322993745
Erode (East),98,"ANTONY PETER,L.",IND,96,66.24,GEN,Kongu,0.06314252451705835
Erode (East),98,"MINNAL MURUGESH,R.",IND,73,66.24,GEN,Kongu,0.04801462801817978
Erode (West),99,MUTHUSAMY S,DMK,100757,69.36,GEN,Kongu,49.01132897815438
Erode (West),99,RAMALINGAM K V,AIADMK,78668,69.36,GEN,Kongu,38.2665544632477
Erode (West),99,CHANDRA KUMAR P,NTK,13353,69.36,GEN,Kongu,6.495313237246996
Erode (West),99,DURAI SEVUGAN,MNM,8107,69.36,GEN,Kongu,3.94349617422013
Erode (West),99,NONE OF THE ABOVE,NOTA,1968,69.36,GEN,Kongu,0.9572962218903682
Erode (West),99,SIVASUBRAMANIYAN S,AMMK,730,69.36,GEN,Kongu,0.3550946351524232
Erode (West),99,DHANALAKSHMI A,BSP,568,69.36,GEN,Kongu,0.27629281200900874
Erode (West),99,VIMALA M,IND,434,69.36,GEN,Kongu,0.21111105706322145
Erode (West),99,MUTHUSAMY A,IND,189,69.36,GEN,Kongu,0.09193546033398353
Erode (West),99,VENGATESAN A,IND,179,69.36,GEN,Kongu,0.0870711502634024
Erode (West),99,KALITHASS R,IND,169,69.36,GEN,Kongu,0.08220684019282125
Erode (West),99,CHANDRAN M,Ambedkarite Party of India,113,69.36,GEN,Kongu,0.05496670379756687
Erode (West),99,THANGAVEL G,United States of India Party,109,69.36,GEN,Kongu,0.05302097976933441
Erode (West),99,MADHAN K,Ganasangam Party of India,108,69.36,GEN,Kongu,0.0525345487622763
Erode (West),99,IYYAVU R,IND,73,69.36,GEN,Kongu,0.03550946351524231
Erode (West),99,BALASUBRAMANIAM K,India Dravida Makkal Munnetra Katchi,54,69.36,GEN,Kongu,0.02626727438113815
Modakurichi,100,SARASWATHI.C,BJP,78125,75.26,GEN,Kongu,42.95957813006923
Modakurichi,100,SUBBULAKSHMI JEGADEESAN,DMK,77844,75.26,GEN,Kongu,42.805061119451
Modakurichi,100,PRAKASH.G,NTK,12944,75.26,GEN,Kongu,7.117680375239886
Modakurichi,100,RAJESHKUMAR.M,MNM,4574,75.26,GEN,Kongu,2.515163012696789
Modakurichi,100,NONE OF THE ABOVE,NOTA,2342,75.26,GEN,Kongu,1.2878250493519634
Modakurichi,100,THANGARAJ.D,AMMK,1547,75.26,GEN,Kongu,0.8506683823003789
Modakurichi,100,BOOPATHI.R,BSP,1143,75.26,GEN,Kongu,0.6285158118741648
Modakurichi,100,SAMI KANDHASAMY,IND,882,75.26,GEN,Kongu,0.4849964532572296
Modakurichi,100,VIJAYAKUMAR.M,IND,569,75.26,GEN,Kongu,0.3128831994369202
Modakurichi,100,MAYILSAMY.P,IND,335,75.26,GEN,Kongu,0.18421067102173685
Modakurichi,100,MANICKAM.R,Ganasangam Party of India,327,75.26,GEN,Kongu,0.17981161022121778
Modakurichi,100,GOVANAM THANGAVEL.K.S,IND,301,75.26,GEN,Kongu,0.16551466261953074
Modakurichi,100,MAHESWARAN .A,My India Party,295,75.26,GEN,Kongu,0.1622153670191414
Modakurichi,100,BHARATHI.L,IND,275,75.26,GEN,Kongu,0.1512177150178437
Modakurichi,100,RAMESH.M,Namathu Kongu Munnetra Kalagam,235,75.26,GEN,Kongu,0.12922241101524823
Modakurichi,100,MANI.P,India Dravida Makkal Munnetra Katchi,119,75.26,GEN,Kongu,0.06543602940772145
Dharapuram,101,KAYALVIZHI N,DMK,89986,74.15,SC,Kongu,46.38668804222876
Dharapuram,101,MURUGAN L,BJP,88593,74.15,SC,Kongu,45.66861349237851
Dharapuram,101,RANJITHA K,NTK,6753,74.15,SC,Kongu,3.4810893288863913
Dharapuram,101,CHARLI A,MNM,2130,74.15,SC,Kongu,1.0979890819677203
Dharapuram,101,NONE OF THE ABOVE,NOTA,1903,74.15,SC,Kongu,0.980973344124212
Dharapuram,101,KALARANI C,AMMK,1172,74.15,SC,Kongu,0.604151738998201
Dharapuram,101,KAYALVIZHI K,IND,892,74.15,SC,Kongu,0.4598151460634772
Dharapuram,101,MURUGAN A,IND,826,74.15,SC,Kongu,0.42579294915743515
Dharapuram,101,RANGASAMY S,BSP,640,74.15,SC,Kongu,0.3299122124222258
Dharapuram,101,SELVARAJ V,IND,233,74.15,SC,Kongu,0.12010866483496657
Dharapuram,101,MUNIYAPPAN A,Anna Puratchi Thalaivar Amma Dravida Munnetra Kazhagam,220,74.15,SC,Kongu,0.11340732302014012
Dharapuram,101,KAYALVIZHI P,IND,202,74.15,SC,Kongu,0.10412854204576501
Dharapuram,101,KARTHIKEYAN A,IND,158,74.15,SC,Kongu,0.08144707744173699
Dharapuram,101,ANANTHI S,IND,157,74.15,SC,Kongu,0.08093158960982727
Dharapuram,101,CHIDAMBHARAM V,India Dravida Makkal Munnetra Katchi,126,74.15,SC,Kongu,0.06495146682062569
Kangayam,102,SAMINATHAN.M.P,DMK,94197,77.19,GEN,Kongu,47.14139867279224
Kangayam,102,RAMALINGAM.A.S,AIADMK,86866,77.19,GEN,Kongu,43.47256002962696
Kangayam,102,SIVANANTHAM.K,NTK,11307,77.19,GEN,Kongu,5.658649370927544
Kangayam,102,APPASAMY.R,IND,2327,77.19,GEN,Kongu,1.1645597493719284
Kangayam,102,NONE OF THE ABOVE,NOTA,1027,77.19,GEN,Kongu,0.5139677106166611
Kangayam,102,RAMESH.C,AMMK,474,77.19,GEN,Kongu,0.237215866438459
Kangayam,102,IMMANUVEL.R,IND,435,77.19,GEN,Kongu,0.217698105275801
Kangayam,102,AYYAVU.N,BSP,421,77.19,GEN,Kongu,0.2106917294738212
Kangayam,102,MANIKANDAN.R,IND,330,77.19,GEN,Kongu,0.16515028676095245
Kangayam,102,NITHIYANDHAN.C,IND,285,77.19,GEN,Kongu,0.14262979311173166
Kangayam,102,NALLAMUTHU.P,IND,276,77.19,GEN,Kongu,0.13812569438188751
Kangayam,102,MANI.A,IND,273,77.19,GEN,Kongu,0.13662432813860612
Kangayam,102,GOPINATH.P,IND,247,77.19,GEN,Kongu,0.12361248736350078
Kangayam,102,SELVAKUMAR.K,IND,225,77.19,GEN,Kongu,0.11260246824610395
Kangayam,102,MANOHARAN.S,Anna Puratchi Thalaivar Amma Dravida Munnetra Kazhagam,134,77.19,GEN,Kongu,0.06706102553323524
Kangayam,102,SUBRAMANIAN.D,IND,124,77.19,GEN,Kongu,0.06205647138896395
Kangayam,102,PRABHAKARAN.G,IND,113,77.19,GEN,Kongu,0.05655146183026554
Kangayam,102,SATHYAMOORTHI.S,IND,107,77.19,GEN,Kongu,0.05354872934370277
Kangayam,102,RAVIKUMAR.R,IND,100,77.19,GEN,Kongu,0.05004554144271287
Kangayam,102,RAJENDRAN.B,IND,95,77.19,GEN,Kongu,0.04754326437057722
Kangayam,102,JAHANGEER.K.O.,IND,89,77.19,GEN,Kongu,0.04454053188401445
Kangayam,102,JOTHI KALIMUTHU.G,IND,84,77.19,GEN,Kongu,0.04203825481187881
Kangayam,102,VADUGANATHAN.K.K.,IND,83,77.19,GEN,Kongu,0.04153779939745168
Kangayam,102,SATHISH KUMAR.P,IND,62,77.19,GEN,Kongu,0.031028235694481977
Kangayam,102,SUKUMARAN.N,IND,59,77.19,GEN,Kongu,0.02952686945120059
Kangayam,102,RAJENDRAN.P,IND,40,77.19,GEN,Kongu,0.02001821657708515
Kangayam,102,RAMALINGAM.N,IND,38,77.19,GEN,Kongu,0.01901730574823089
Perundurai,103,"JAYAKUMAR, S.",AIADMK,85125,82.6,GEN,Kongu,44.83968331726743
Perundurai,103,KKC BALU,DMK,70618,82.6,GEN,Kongu,37.19810580321634
Perundurai,103,"LOGANATHAN, C.",NTK,10294,82.6,GEN,Kongu,5.422375331194724
Perundurai,103,THOPPU VENKATACHALAM (A) N.D .VENKATACHALAM,IND,9895,82.6,GEN,Kongu,5.212201661372819
Perundurai,103,"NANDHAKUMAR, C. K.",MNM,3533,82.6,GEN,Kongu,1.8610114673704061
Perundurai,103,SHANKARSAMY,IND,3336,82.6,GEN,Kongu,1.7572415100899166
Perundurai,103,"THAMBI, M.",BSP,1620,82.6,GEN,Kongu,0.8533367045400673
Perundurai,103,NONE OF THE ABOVE,NOTA,1189,82.6,GEN,Kongu,0.6263070010482346
Perundurai,103,"KULANDAIVEL, P. R.",DMDK,858,82.6,GEN,Kongu,0.45195240277492454
Perundurai,103,"SATHISHKUMAR, N.",IND,799,82.6,GEN,Kongu,0.4208740906959962
Perundurai,103,"DHAKSHINAMURTHI, K. S.",Desiya Makkal Sakthi Katchi,618,82.6,GEN,Kongu,0.3255321502504701
Perundurai,103,"SAMPATH KUMAR, K.",IND,245,82.6,GEN,Kongu,0.12905400778538056
Perundurai,103,"VENKADACHALAM, P. R.",IND,221,82.6,GEN,Kongu,0.1164119825329351
Perundurai,103,"GOPALAKRISHNAN, J.",IND,182,82.6,GEN,Kongu,0.09586869149771127
Perundurai,103,"DEVENDARAMANICKAM, S. R.",IND,180,82.6,GEN,Kongu,0.09481518939334081
Perundurai,103,"KARTHI, M.",IND,169,82.6,GEN,Kongu,0.08902092781930332
Perundurai,103,"BALAMURUGAN, M.",IND,129,82.6,GEN,Kongu,0.06795088573189426
Perundurai,103,"BALASUBRAMANI, V. M.",IND,128,82.6,GEN,Kongu,0.06742413467970902
Perundurai,103,"VELUSAMY, P.",Anna Puratchi Thalaivar Amma Dravida Munnetra Kazhagam,107,82.6,GEN,Kongu,0.05636236258381926
Perundurai,103,"JOTHIMURUGAN, P.",IND,106,82.6,GEN,Kongu,0.055835611531634036
Perundurai,103,"PRABAKARAN, D.",All India Jananayaka Makkal Kazhagam,102,82.6,GEN,Kongu,0.05372860732289313
Perundurai,103,"RAMESH, M.",Namathu Kongu Munnetra Kalagam,90,82.6,GEN,Kongu,0.047407594696670406
Perundurai,103,"MYILSAMY, M.",IND,86,82.6,GEN,Kongu,0.045300590487929504
Perundurai,103,"KRISHNAN, S.",IND,79,82.6,GEN,Kongu,0.04161333312263291
Perundurai,103,"JEEVA, N.",IND,74,82.6,GEN,Kongu,0.038979577861706784
Perundurai,103,"VENKATACHALAM, K.",IND,60,82.6,GEN,Kongu,0.0316050631311136
Bhavani,104,KARUPPANAN.K.C,AIADMK,100915,83.5,GEN,Kongu,50.11048489212205
Bhavani,104,DURAIRAJ.K.P,DMK,78392,83.5,GEN,Kongu,38.92643444149266
Bhavani,104,SATHYA.M,NTK,10471,83.5,GEN,Kongu,5.199493507460834
Bhavani,104,SADHANANDHAM.K,MNM,4221,83.5,GEN,Kongu,2.095985301785138
Bhavani,104,NONE OF THE ABOVE,NOTA,2079,83.5,GEN,Kongu,1.0323509695359634
Bhavani,104,SATHEESH KUMAR.P,IND,1224,83.5,GEN,Kongu,0.6077910469995282
Bhavani,104,RADHAKRISHNAN.M,AMMK,956,83.5,GEN,Kongu,0.4747126151401544
Bhavani,104,AMMASAI.K,Kongu  Desa  Marumalarchi  Makkal  Katchi,943,83.5,GEN,Kongu,0.468257318072349
Bhavani,104,GOPAL.M,BSP,870,83.5,GEN,Kongu,0.43200834223005685
Bhavani,104,PERUMAL.V.M,IND,419,83.5,GEN,Kongu,0.20805919010849863
Bhavani,104,JANARTHANAM.R.P,Tamilaga Makkal Thannurimai Katchi,322,83.5,GEN,Kongu,0.15989274275641185
Bhavani,104,STANLEY.G,IND,245,83.5,GEN,Kongu,0.12165752166248726
Bhavani,104,KARTHIKEYAN.P,IND,122,83.5,GEN,Kongu,0.060580480174789585
Bhavani,104,ABDUL KADHER.A,IND,107,83.5,GEN,Kongu,0.053132060481167906
Bhavani,104,APPICHI.T.K,IND,99,83.5,GEN,Kongu,0.04915956997790302
Anthiyur,105,VENKATACHALAM.A.G,DMK,79096,79.69,GEN,Kongu,44.84281543215126
Anthiyur,105,SHANMUGAVEL.K.S,AIADMK,77821,79.69,GEN,Kongu,44.11996484961873
Anthiyur,105,SARAVANAN.M,NTK,8230,79.69,GEN,Kongu,4.665929642543301
Anthiyur,105,GURUNATHAN.M,MNM,2474,79.69,GEN,Kongu,1.4026136009297843
Anthiyur,105,PRATHABAN.A,Ahimsa Socialist Party,2045,79.69,GEN,Kongu,1.1593956402188395
Anthiyur,105,SELVAM.S.R,AMMK,1212,79.69,GEN,Kongu,0.687133259630921
Anthiyur,105,NONE OF THE ABOVE,NOTA,1027,79.69,GEN,Kongu,0.5822490574595346
Anthiyur,105,PATTAN.G,BSP,957,79.69,GEN,Kongu,0.5425631431244153
Anthiyur,105,POORNACHANDRAN.S,IND,567,79.69,GEN,Kongu,0.3214559061144655
Anthiyur,105,THANGAVEL.M,IND,543,79.69,GEN,Kongu,0.3078493069138532
Anthiyur,105,SHANMUGAM.K,IND,503,79.69,GEN,Kongu,0.28517164157949937
Anthiyur,105,MUTHUSAMY.M,IND,428,79.69,GEN,Kongu,0.24265101907758596
Anthiyur,105,RAJENDRAN.K,Ganasangam Party of India,229,79.69,GEN,Kongu,0.12982963403917566
Anthiyur,105,KUMARASAMY.R,IND,225,79.69,GEN,Kongu,0.12756186750574028
Anthiyur,105,ANBALAGAN.K,IND,199,79.69,GEN,Kongu,0.11282138503841029
Anthiyur,105,SENGUTTUVAN.M.R,IND,184,79.69,GEN,Kongu,0.1043172605380276
Anthiyur,105,GEETHA.M,IND,152,79.69,GEN,Kongu,0.08617512827054455
Anthiyur,105,PERIYASAMY.T,IND,147,79.69,GEN,Kongu,0.08334042010375033
Anthiyur,105,KARTHIKEYAN.R,IND,132,79.69,GEN,Kongu,0.07483629560336763
Anthiyur,105,SHEIKDAVOOD.A.M,IND,111,79.69,GEN,Kongu,0.06293052130283187
Anthiyur,105,BAKKIYAM.M,India Dravida Makkal Munnetra Katchi,103,79.69,GEN,Kongu,0.058394988235961114
Gobichettipalayam,106,SENGOTTAIYAN K.A,AIADMK,108608,82.52,GEN,Kongu,50.68484839999813
Gobichettipalayam,106,MANIMARAN G.V,DMK,80045,82.52,GEN,Kongu,37.35515514674656
Gobichettipalayam,106,SEETHALAKSHMI M.K,NTK,11719,82.52,GEN,Kongu,5.468986984380323
Gobichettipalayam,106,PRAKASH N.K,MNM,4291,82.52,GEN,Kongu,2.0025107219025484
Gobichettipalayam,106,THULASIMANI N.K,AMMK,2682,82.52,GEN,Kongu,1.2516275358057878
Gobichettipalayam,106,NONE OF THE ABOVE,NOTA,1307,82.52,GEN,Kongu,0.6099467521618809
Gobichettipalayam,106,PALANISAMY P,BSP,1034,82.52,GEN,Kongu,0.4825439493002179
Gobichettipalayam,106,MOHANRAJ K,IND,789,82.52,GEN,Kongu,0.36820810057821274
Gobichettipalayam,106,RAKKIMUTHU RANGANADAR R,IND,611,82.52,GEN,Kongu,0.28513960640467423
Gobichettipalayam,106,SRIDEVI R,IND,476,82.52,GEN,Kongu,0.22213822037418154
Gobichettipalayam,106,PALANISAMYRAAJ M,IND,430,82.52,GEN,Kongu,0.20067108143045814
Gobichettipalayam,106,BOOPATHIRAJA  A.N,IND,418,82.52,GEN,Kongu,0.19507095822774767
Gobichettipalayam,106,SAKTHIVEL G,India Dravida Makkal Munnetra Katchi,415,82.52,GEN,Kongu,0.19367092742707007
Gobichettipalayam,106,DHANABAL K,IND,311,82.52,GEN,Kongu,0.14513652633691276
Gobichettipalayam,106,DEVARAJ N,IND,307,82.52,GEN,Kongu,0.14326981860267593
Gobichettipalayam,106,MUTHUMANI P,IND,296,82.52,GEN,Kongu,0.1381363723335247
Gobichettipalayam,106,JUNAYATH M,IND,178,82.52,GEN,Kongu,0.08306849417353848
Gobichettipalayam,106,SANKARKUMAR K.A,IND,157,82.52,GEN,Kongu,0.07326827856879518
Gobichettipalayam,106,KUMAR D,IND,130,82.52,GEN,Kongu,0.06066800136269665
Gobichettipalayam,106,SELVAKKUMAR S,IND,77,82.52,GEN,Kongu,0.03593412388405878
Bhavanisagar,107,A.BANNARI,AIADMK,99181,77.37,SC,Kongu,49.45030837575474
Bhavanisagar,107,P.L SUNDARAM,CPI,83173,77.37,SC,Kongu,41.46893556766567
Bhavanisagar,107,V.SANGEETHA,NTK,8517,77.37,SC,Kongu,4.24646128226478
Bhavanisagar,107,KARTHIKKUMAR.K,MNM,4297,77.37,SC,Kongu,2.1424262216615895
Bhavanisagar,107,RAMESH.G,DMDK,2197,77.37,SC,Kongu,1.0953945564325138
Bhavanisagar,107,NONE OF THE ABOVE,NOTA,2005,77.37,SC,Kongu,0.9996659470401412
Bhavanisagar,107,G.SAKTHIVEL,BSP,1197,77.37,SC,Kongu,0.5968080491805731
Udhagamandalam,108,"GANESH, R.",INC,65530,67.82,GEN,Kongu,46.441581267451916
Udhagamandalam,108,"BHOJARAJAN, M.",BJP,60182,67.82,GEN,Kongu,42.651415288231206
Udhagamandalam,108,"JAYAKUMAR, A.",NTK,6381,67.82,GEN,Kongu,4.522260492409746
Udhagamandalam,108,"DR.SURESH BABU, S.",MNM,4935,67.82,GEN,Kongu,3.4974699153803632
Udhagamandalam,108,NONE OF THE ABOVE,NOTA,1376,67.82,GEN,Kongu,0.9751810746835623
Udhagamandalam,108,"LAKSHMANAN, T.",AMMK,1273,67.82,GEN,Kongu,0.9021842355175688
Udhagamandalam,108,"AROKIYANATHAN, B.",IND,514,67.82,GEN,Kongu,0.3642754886535981
Udhagamandalam,108,"VINOTHKUMAR, M.A.",IND,431,67.82,GEN,Kongu,0.30545279301498207
Udhagamandalam,108,"KRISHNAMURTHI, B.",IND,255,67.82,GEN,Kongu,0.18072032997406132
Udhagamandalam,108,"A. SARDAR BABU, B.COM.",IND,225,67.82,GEN,Kongu,0.15945911468299528
Gudalur,109,PON.JAYASEELAN,AIADMK,64496,72.15,SC,Kongu,46.64935590964653
Gudalur,109,"KASILINGAM, S.",DMK,62551,72.15,SC,Kongu,45.24255553064221
Gudalur,109,"KETHEESWARAN, R.",NTK,7317,72.15,SC,Kongu,5.292317929652748
Gudalur,109,"YOGESWARAN, A.",DMDK,1173,72.15,SC,Kongu,0.848419971502347
Gudalur,109,NONE OF THE ABOVE,NOTA,1017,72.15,SC,Kongu,0.7355866249086845
Gudalur,109,"BABU, J.",MNM,960,72.15,SC,Kongu,0.6943590559610002
Gudalur,109,"SARAVANAN, M.",IND,421,72.15,SC,Kongu,0.3045053776662303
Gudalur,109,"JAYAPRAKASH, P.",Tamilaga Makkal Thannurimai Katchi,322,72.15,SC,Kongu,0.23289960002025215
Coonoor,110,"RAMACHANDRAN, K.",DMK,61820,69.79,GEN,Kongu,45.486652735674134
Coonoor,110,"VINOTH, D.",AIADMK,57715,69.79,GEN,Kongu,42.46622715366277
Coonoor,110,"LAVANYA, M.",NTK,7252,69.79,GEN,Kongu,5.335962562910204
Coonoor,110,"RAJAKUMAR, H.B.",MNM,3621,69.79,GEN,Kongu,2.6643023221591076
Coonoor,110,"KALAISELVAN, S.",AMMK,2527,69.79,GEN,Kongu,1.859346028195544
Coonoor,110,NONE OF THE ABOVE,NOTA,1188,69.79,GEN,Kongu,0.8741207287282573
Coonoor,110,"JAYAPRAKASH, D",IND,513,69.79,GEN,Kongu,0.37746122376902025
Coonoor,110,"ARUMUGAM, R.",Anaithu Makkal Puratchi Katchi,439,69.79,GEN,Kongu,0.32301262618830384
Coonoor,110,"PRABHU INBADASS, S.",AITC,404,69.79,GEN,Kongu,0.2972599111163434
Coonoor,110,"BASHA, A.",IND,320,69.79,GEN,Kongu,0.23545339494363834
Coonoor,110,"CHANDRAN, K.",IND,109,69.79,GEN,Kongu,0.08020131265267681
Mettupalayam,111,SELVARAJ A K,AIADMK,105231,75.14,GEN,Kongu,46.752087007903754
Mettupalayam,111,SHANMUGASUNDARAM T R,DMK,102775,75.14,GEN,Kongu,45.66093396658122
Mettupalayam,111,YASMIN K,NTK,10954,75.14,GEN,Kongu,4.866649191631532
Mettupalayam,111,NONE OF THE ABOVE,NOTA,2733,75.14,GEN,Kongu,1.2142187548593186
Mettupalayam,111,SARAVANAN P,AMMK,1864,75.14,GEN,Kongu,0.8281389531861579
Mettupalayam,111,SRINIVASAN S,IND,660,75.14,GEN,Kongu,0.29322516582771685
Mettupalayam,111,MAHESHWARAN K,Veerath Thiyagi Viswanathadoss Thozhilalarkal Katchi,274,75.14,GEN,Kongu,0.12173287187393095
Mettupalayam,111,SHANMUGASUNDARAM P,IND,184,75.14,GEN,Kongu,0.0817476219883332
Mettupalayam,111,LIAKATHALI O,IND,183,75.14,GEN,Kongu,0.08130334143404877
Mettupalayam,111,SHANMUGASUNDARAM K,IND,115,75.14,GEN,Kongu,0.05109226374270825
Mettupalayam,111,MARIAPPAN T,IND,110,75.14,GEN,Kongu,0.04887086097128615
Avanashi,112,"DHANAPAL, P",AIADMK,117284,75.18,SC,Kongu,55.15950467250161
Avanashi,112,ATHIYAMAAN RAJU,DMK,66382,75.18,SC,Kongu,31.21992973611065
Avanashi,112,SHOBA,NTK,13256,75.18,SC,Kongu,6.234391681206997
Avanashi,112,"VENKATESWARAN, A",MNM,8379,75.18,SC,Kongu,3.9407036735692085
Avanashi,112,"MEERA, K",DMDK,2577,75.18,SC,Kongu,1.2119815451471356
Avanashi,112,NONE OF THE ABOVE,NOTA,2372,75.18,SC,Kongu,1.115568577838186
Avanashi,112,"DURAISAMY, P",BSP,833,75.18,SC,Kongu,0.3917658622846581
Avanashi,112,"RANGASAMY, P",IND,520,75.18,SC,Kongu,0.24455972195440842
Avanashi,112,"MURUGESAN, R",IND,379,75.18,SC,Kongu,0.17824641273215538
Avanashi,112,"SAKUNTHALA, T",IND,179,75.18,SC,Kongu,0.08418498121122905
Avanashi,112,"ARUMUGAM, P",IND,173,75.18,SC,Kongu,0.08136313826560126
Avanashi,112,ANNAMALAI,IND,154,75.18,SC,Kongu,0.07242730227111327
Avanashi,112,"SUBRAMANI, K",India Dravida Makkal Munnetra Katchi,139,75.18,SC,Kongu,0.06537269490704378
Tiruppur (North),113,VIJEYAKUMAR.K.N,AIADMK,113384,62.44,GEN,Kongu,47.62192765821615
Tiruppur (North),113,RAVI (ALIAS) SUBRAMANIAN . M,CPI,73282,62.44,GEN,Kongu,30.77885859247686
Tiruppur (North),113,EASWARAN.S,NTK,23110,62.44,GEN,Kongu,9.706332006115282
Tiruppur (North),113,SIVABALAN.S,MNM,19602,62.44,GEN,Kongu,8.232951968146766
Tiruppur (North),113,SELVAKUMAR.M,DMDK,3427,62.44,GEN,Kongu,1.439359575290224
Tiruppur (North),113,NONE OF THE ABOVE,NOTA,2162,62.44,GEN,Kongu,0.9080523495119533
Tiruppur (North),113,ALAGHUSUNDARAM.P,Anna Dravidar Kazhagam,592,62.44,GEN,Kongu,0.24864338154998908
Tiruppur (North),113,CHANDRASEKARAN.R,BSP,477,62.44,GEN,Kongu,0.2003427246610554
Tiruppur (North),113,SENTHILKUMAR.V,Anna Puratchi Thalaivar Amma Dravida Munnetra Kazhagam,428,62.44,GEN,Kongu,0.17976244476924885
Tiruppur (North),113,RANGASAMY.M,IND,366,62.44,GEN,Kongu,0.15372209062043243
Tiruppur (North),113,UDHAYAKUMAR.S,IND,342,62.44,GEN,Kongu,0.14364195353056802
Tiruppur (North),113,SENTHILVEL.A,IND,302,62.44,GEN,Kongu,0.12684172504746066
Tiruppur (North),113,MURUGA PANDI.S,IND,250,62.44,GEN,Kongu,0.10500142801942107
Tiruppur (North),113,DEIVASIGAMANI.K,Ezhuchi Tamilargal Munnetra Kazhagam,139,62.44,GEN,Kongu,0.05838079397879811
Tiruppur (North),113,SENTHILKUMAR.R,IND,133,62.44,GEN,Kongu,0.055860759706332
Tiruppur (North),113,SENTHILKUMAR.T.N,IND,96,62.44,GEN,Kongu,0.04032054835945769
Tiruppur (South),114,SELVARAJ. K.,DMK,75535,62.74,GEN,Kongu,43.306883463862675
Tiruppur (South),114,GUNASEKARAN. S.,AIADMK,70826,62.74,GEN,Kongu,40.60704743776445
Tiruppur (South),114,SHANMUGASUNDARAM. K.,NTK,12898,62.74,GEN,Kongu,7.394878968913759
Tiruppur (South),114,ANUSHA RAVI.,MNM,9934,62.74,GEN,Kongu,5.69551307777867
Tiruppur (South),114,VISHALAKCHI. A.,AMMK,1757,62.74,GEN,Kongu,1.0073501588138838
Tiruppur (South),114,NONE OF THE ABOVE,NOTA,1142,62.74,GEN,Kongu,0.6547489364629798
Tiruppur (South),114,ARUNKUMAR. G.,Tamil Nadu Ilangyar Katchi,554,62.74,GEN,Kongu,0.3176277677762616
Tiruppur (South),114,CHELLAPANDY. P.,BSP,312,62.74,GEN,Kongu,0.17888062011948308
Tiruppur (South),114,PRAKASH. R.,IND,265,62.74,GEN,Kongu,0.15193386003738146
Tiruppur (South),114,SELVAN. K.,IND,224,62.74,GEN,Kongu,0.1284271118806545
Tiruppur (South),114,ASLAM. J.,IND,164,62.74,GEN,Kongu,0.09402699262690777
Tiruppur (South),114,SARVALOGA DAYABARAN. M.A.,IND,147,62.74,GEN,Kongu,0.08428029217167952
Tiruppur (South),114,MUTHUSAMY. K.,IND,121,62.74,GEN,Kongu,0.06937357382838927
Tiruppur (South),114,DEIVEEGAN. K.,Anna Puratchi Thalaivar Amma Dravida Munnetra Kazhagam,101,62.74,GEN,Kongu,0.0579068674104737
Tiruppur (South),114,MALARVIZHI. G.,IND,83,62.74,GEN,Kongu,0.047586831634349666
Tiruppur (South),114,GUNASEKARAN. M.,IND,80,62.74,GEN,Kongu,0.04586682567166233
Tiruppur (South),114,KADER BASHA. A.,IND,76,62.74,GEN,Kongu,0.04357348438807921
Tiruppur (South),114,SELVARAJ. A.,IND,68,62.74,GEN,Kongu,0.038986801820912985
Tiruppur (South),114,GANESH. E.,IND,66,62.74,GEN,Kongu,0.03784013117912142
Tiruppur (South),114,GUNASEKARAN. I.,IND,38,62.74,GEN,Kongu,0.021786742194039605
Tiruppur (South),114,VIJAYAKUMAR. A.,IND,27,62.74,GEN,Kongu,0.015480053664186037
Palladam,115,ANANDAN M S M,AIADMK,126903,66.7,GEN,Kongu,48.52683061133184
Palladam,115,MUTHURATHINAM K,DMK,94212,66.7,GEN,Kongu,36.02601802601038
Palladam,115,SUBRAMANIAN S,NTK,20524,66.7,GEN,Kongu,7.848235829467977
Palladam,115,MAYILSAMY G,MNM,10227,66.7,GEN,Kongu,3.910734156498197
Palladam,115,JOTHIMANI R,AMMK,2618,66.7,GEN,Kongu,1.001105116037184
Palladam,115,NONE OF THE ABOVE,NOTA,1802,66.7,GEN,Kongu,0.6890723525970227
Palladam,115,MUTHURATHINAM M,IND,722,66.7,GEN,Kongu,0.27608781274975047
Palladam,115,THUYAMANI R,IND,693,66.7,GEN,Kongu,0.2649984130686663
Palladam,115,ANNADURAI R,BSP,610,66.7,GEN,Kongu,0.23325978639521855
Palladam,115,MURUGESAN K,IND,587,66.7,GEN,Kongu,0.22446474526884147
Palladam,115,ANTONY MARIARAJ A,Tamil Nadu Ilangyar Katchi,530,66.7,GEN,Kongu,0.20266833899912434
Palladam,115,MARUTHASALAM V,IND,365,66.7,GEN,Kongu,0.13957347874467996
Palladam,115,RAMESH V,IND,315,66.7,GEN,Kongu,0.12045382412212105
Palladam,115,UMANATH R,United States of India Party,309,66.7,GEN,Kongu,0.118159465567414
Palladam,115,VIJIYAKUMAR M,IND,218,66.7,GEN,Kongu,0.08336169415435679
Palladam,115,THANGARAJ A,IND,215,66.7,GEN,Kongu,0.08221451487700326
Palladam,115,MUTHURATHINAM L,IND,171,66.7,GEN,Kongu,0.06538921880915144
Palladam,115,SIVAKUMAR G,Anna Puratchi Thalaivar Amma Dravida Munnetra Kazhagam,162,66.7,GEN,Kongu,0.06194768097709083
Palladam,115,THINAKARAN K,Anna Dravidar Kazhagam,130,66.7,GEN,Kongu,0.049711102018653135
Palladam,115,SARATHA T,IND,112,66.7,GEN,Kongu,0.04282802635453193
Palladam,115,SHAHUL HAMEED M,IND,86,66.7,GEN,Kongu,0.0328858059508013
Sulur,116,KANDASAMY V.P.,AIADMK,118968,75.57,GEN,Kongu,49.23092202455587
Sulur,116,PREMIER SELVAM (A)KALICHAMY M,DMK,87036,75.57,GEN,Kongu,36.016933371404455
Sulur,116,ELANGOVAN. G,NTK,14426,75.57,GEN,Kongu,5.969716908128598
Sulur,116,RANGANATHAN. A,MNM,12658,75.57,GEN,Kongu,5.238089326430874
Sulur,116,SENTHIL KUMAR. S.A.,AMMK,4111,75.57,GEN,Kongu,1.7011996540494017
Sulur,116,NONE OF THE ABOVE,NOTA,2610,75.57,GEN,Kongu,1.0800610793162095
Sulur,116,PREM KUMAR P,IND,380,75.57,GEN,Kongu,0.15725027208435235
Sulur,116,NAGARAJ. K,Ganasangam Party of India,241,75.57,GEN,Kongu,0.0997297778219182
Sulur,116,SELVA KUMAR D,IND,213,75.57,GEN,Kongu,0.08814291566833435
Sulur,116,KARTHIKEYAN P,IND,209,75.57,GEN,Kongu,0.0864876496463938
Sulur,116,SHANKAR GURU. M,IND,196,75.57,GEN,Kongu,0.081108035075087
Sulur,116,SELVAN S,IND,177,75.57,GEN,Kongu,0.07324552147086939
Sulur,116,JAGADHEESH. S,My India Party,128,75.57,GEN,Kongu,0.05296851270209763
Sulur,116,SHANMUGAM R,IND,116,75.57,GEN,Kongu,0.04800271463627598
Sulur,116,SENTHIL KUMAR. S.A.P.,IND,101,75.57,GEN,Kongu,0.04179546705399891
Sulur,116,KANDASAMY T,IND,83,75.57,GEN,Kongu,0.034346769955266435
Kavundampalayam,117,G.ARUNKUMAR,AIADMK,135669,66.13,GEN,Kongu,43.77577294639227
Kavundampalayam,117,R.KRISHNAN,DMK,125893,66.13,GEN,Kongu,40.621390174175104
Kavundampalayam,117,PANKAJ JAIN,MNM,23527,66.13,GEN,Kongu,7.591362876631884
Kavundampalayam,117,KALAMANI.M,NTK,17897,66.13,GEN,Kongu,5.774753321846424
Kavundampalayam,117,NONE OF THE ABOVE,NOTA,2892,66.13,GEN,Kongu,0.9331500590478772
Kavundampalayam,117,ARUNA.M,AMMK,2002,66.13,GEN,Kongu,0.6459773230338348
Kavundampalayam,117,SIVA.K,Tamil Nadu Ilangyar Katchi,726,66.13,GEN,Kongu,0.23425551274853348
Kavundampalayam,117,PUSHPANANTHAM.V,IND,420,66.13,GEN,Kongu,0.1355197181189863
Kavundampalayam,117,ARUNKUMAR.T,IND,296,66.13,GEN,Kongu,0.09550913467433321
Kavundampalayam,117,SELVARAJ.M,New Generation People’s Party,178,66.13,GEN,Kongu,0.05743454720280849
Kavundampalayam,117,GNANARAJ.M,IND,161,66.13,GEN,Kongu,0.05194922527894476
Kavundampalayam,117,KRISHNAN.M,IND,140,66.13,GEN,Kongu,0.04517323937299544
Kavundampalayam,117,SURIYAKUMAR.K,IND,117,66.13,GEN,Kongu,0.03775192147600333
Coimbatore North,118,AMMAN K.ARJUNAN,AIADMK,81454,59.21,GEN,Kongu,40.16489233181623
Coimbatore North,118,SHANMUGASUNDARAM V.M,DMK,77453,59.21,GEN,Kongu,38.192002919146546
Coimbatore North,118,THANGAVELU R,MNM,26503,59.21,GEN,Kongu,13.06860487477749
Coimbatore North,118,BALENDRAN C.B,NTK,11433,59.21,GEN,Kongu,5.637601763322304
Coimbatore North,118,NONE OF THE ABOVE,NOTA,1701,59.21,GEN,Kongu,0.8387615323546961
Coimbatore North,118,APPATHURAI N.R,AMMK,1659,59.21,GEN,Kongu,0.8180513710619874
Coimbatore North,118,DURAIRAJ K,Tamil Nadu Ilangyar Katchi,531,59.21,GEN,Kongu,0.2618356106292437
Coimbatore North,118,BALAMURUGAN M,IND,313,59.21,GEN,Kongu,0.15434001153851845
Coimbatore North,118,KEERTHIGA PARTHASARATHI,IND,250,59.21,GEN,Kongu,0.12327476959945562
Coimbatore North,118,BALAJI V,IND,248,59.21,GEN,Kongu,0.12228857144265996
Coimbatore North,118,MAHARISHI MANDHARACSALAM,IND,233,59.21,GEN,Kongu,0.11489208526669263
Coimbatore North,118,NAVAMANI R,IND,141,59.21,GEN,Kongu,0.06952697005409297
Coimbatore North,118,LOGANATHAN M,IND,140,59.21,GEN,Kongu,0.06903387097569515
Coimbatore North,118,ARUL MURUGAN A,IND,139,59.21,GEN,Kongu,0.06854077189729732
Coimbatore North,118,PANNEER SELVARAJ M,New Generation People’s Party,135,59.21,GEN,Kongu,0.06656837558370603
Coimbatore North,118,KANNAPIRAN V,Dravida Murpokku Makkal Katchi,128,59.21,GEN,Kongu,0.06311668203492128
Coimbatore North,118,KUMAR G.D.K,IND,124,59.21,GEN,Kongu,0.06114428572132998
Coimbatore North,118,RAJKUMAR M.P,Makkal Munnetra Peravai,86,59.21,GEN,Kongu,0.04240652074221273
Coimbatore North,118,SHANMUGASUNDARAM K,IND,57,59.21,GEN,Kongu,0.02810664746867588
Coimbatore North,118,DALIT. SU. JEYARAJ,IND,49,59.21,GEN,Kongu,0.024161854841493302
Coimbatore North,118,RAMESHKUMAR D,IND,22,59.21,GEN,Kongu,0.010848179724752095
Thondamuthur,119,S.P. VELUMANI,AIADMK,124225,70.22,GEN,Kongu,53.886462124399756
Thondamuthur,119,KARTHIKEYA,DMK,82595,70.22,GEN,Kongu,35.82815326355241
Thondamuthur,119,S. SHAJAHAN,MNM,11606,70.22,GEN,Kongu,5.034463911578052
Thondamuthur,119,S. KALAIARASI,NTK,8042,70.22,GEN,Kongu,3.4884679283914095
Thondamuthur,119,NONE OF THE ABOVE,NOTA,1635,70.22,GEN,Kongu,0.7092321640039734
Thondamuthur,119,R.SATHISHKUMAR,AMMK,1235,70.22,GEN,Kongu,0.5357197079785365
Thondamuthur,119,A. MANSOOR ALI KHAN,IND,428,70.22,GEN,Kongu,0.1856583279472175
Thondamuthur,119,J.JOHN EDWARD VISUVASAM,IND,312,70.22,GEN,Kongu,0.1353397156998408
Thondamuthur,119,CC SELVAMOHAN,IND,175,70.22,GEN,Kongu,0.07591169951112865
Thondamuthur,119,A. ABDUL GAFOOR,IND,142,70.22,GEN,Kongu,0.06159692188903011
Thondamuthur,119,M. BADRAN,Ganasangam Party of India,136,70.22,GEN,Kongu,0.05899423504864855
Coimbatore South,120,VANATHI SRINIVASAN,BJP,53209,60.69,GEN,Kongu,34.380512389752205
Coimbatore South,120,KAMALHAASAN,MNM,51481,60.69,GEN,Kongu,33.26398087422867
Coimbatore South,120,MAYURA S JAYAKUMAR,INC,42383,60.69,GEN,Kongu,27.38539075372339
Coimbatore South,120,ABDUL WAHAB,NTK,4300,60.69,GEN,Kongu,2.7784059703421318
Coimbatore South,120,NONE OF THE ABOVE,NOTA,901,60.69,GEN,Kongu,0.5821729719251769
Coimbatore South,120,DURAISAMY @ CHALLENGER DURAI,AMMK,701,60.69,GEN,Kongu,0.452944787258101
Coimbatore South,120,ROSHAN,BSP,274,60.69,GEN,Kongu,0.17704261299389396
Coimbatore South,120,SUNDARAVADIVELU,IND,190,60.69,GEN,Kongu,0.1227667754337221
Coimbatore South,120,DHANDABANI,IND,181,60.69,GEN,Kongu,0.11695150712370368
Coimbatore South,120,SELVAKUMAR,IND,163,60.69,GEN,Kongu,0.10532097050366684
Coimbatore South,120,PALANIKUMAR.V,IND,136,60.69,GEN,Kongu,0.0878751655736116
Coimbatore South,120,NAGAVALLI,IND,135,60.69,GEN,Kongu,0.08722902465027622
Coimbatore South,120,GOPALAKRISHNAN,New Generation People’s Party,127,60.69,GEN,Kongu,0.0820598972635932
Coimbatore South,120,JAYAPRAKASH.N,IND,102,60.69,GEN,Kongu,0.06590637418020871
Coimbatore South,120,SANMUGAVEL,Ganasangam Party of India,76,60.69,GEN,Kongu,0.04910671017348884
Coimbatore South,120,VIVEK SUBRAMANIAM,Manitha Urimaigal Kalaagam,74,60.69,GEN,Kongu,0.04781442832681808
Coimbatore South,120,RAGHUL GANDHI .K,Hindustan Janta Party,73,60.69,GEN,Kongu,0.0471682874034827
Coimbatore South,120,JAYACHANDRAN,IND,62,60.69,GEN,Kongu,0.04006073724679353
Coimbatore South,120,VELLIMALAI,"Makkal Sananayaga Kudiyarasu Katchi,",59,60.69,GEN,Kongu,0.03812231447678739
Coimbatore South,120,KUMAREASAN. K,IND,58,60.69,GEN,Kongu,0.03747617355345201
Coimbatore South,120,ALPHONSERAJ,IND,51,60.69,GEN,Kongu,0.032953187090104356
Coimbatore South,120,CHELLADURAI. S,IND,29,60.69,GEN,Kongu,0.018738086776726004
Singanallur,121,"JAYARAM, K.R",AIADMK,81244,61.73,GEN,Kongu,40.215621148296464
Singanallur,121,"KARTHIK, N",DMK,70390,61.73,GEN,Kongu,34.84291237049614
Singanallur,121,"MAHENDRAN, R",MNM,36855,61.73,GEN,Kongu,18.24315293954589
Singanallur,121,"NARMADHA, R",NTK,8366,61.73,GEN,Kongu,4.141153642443112
Singanallur,121,"SELVA, S.R",AMMK,1733,61.73,GEN,Kongu,0.8578316115651343
Singanallur,121,NONE OF THE ABOVE,NOTA,1432,61.73,GEN,Kongu,0.7088372000930596
Singanallur,121,"NABAS SHERIF, M",IND,257,61.73,GEN,Kongu,0.12721449750273486
Singanallur,121,"SASIKUMAR, M",Anna Dravidar Kazhagam,211,61.73,GEN,Kongu,0.10444458744387959
Singanallur,121,"CHANTHIRIKA, R",IND,201,61.73,GEN,Kongu,0.09949460699630237
Singanallur,121,PRAVEEN VENKATACHALAM,IND,188,61.73,GEN,Kongu,0.09305963241445196
Singanallur,121,"NAGARAJAN, J",IND,163,61.73,GEN,Kongu,0.08068468129550889
Singanallur,121,"KARTHIK, N",IND,135,61.73,GEN,Kongu,0.06682473604229264
Singanallur,121,"MOHANDASS, N",IND,121,61.73,GEN,Kongu,0.059894763415684504
Singanallur,121,"PALANISAMY, N",My India Party,113,61.73,GEN,Kongu,0.055934779057622716
Singanallur,121,"SENTHILKUMAR, S",United States of India Party,94,61.73,GEN,Kongu,0.04652981620722598
Singanallur,121,"MANIRAJ, K",IND,89,61.73,GEN,Kongu,0.044054825983437365
Singanallur,121,"KUMAR BABU, K",IND,87,61.73,GEN,Kongu,0.04306482989392192
Singanallur,121,"AKBAR ALI, A",IND,86,61.73,GEN,Kongu,0.0425698318491642
Singanallur,121,"VIJU ALBAN PRAKASH, V",IND,86,61.73,GEN,Kongu,0.0425698318491642
Singanallur,121,"KARTHICK, N",IND,73,61.73,GEN,Kongu,0.036134857267313795
Singanallur,121,"GOWTHAM, P",IND,67,61.73,GEN,Kongu,0.03316486899876746
Singanallur,121,"KRISHNAN, V",IND,30,61.73,GEN,Kongu,0.014849941342731697
Kinathukadavu,122,DAMODARAN.S,AIADMK,101537,70.64,GEN,Kongu,43.684040699550415
Kinathukadavu,122,KURUCHI PRABHAKARAN,DMK,100442,70.64,GEN,Kongu,43.21294125239314
Kinathukadavu,122,SIVA.A,MNM,13939,70.64,GEN,Kongu,5.996945382580076
Kinathukadavu,122,UMAJAGADESH.M,NTK,11280,70.64,GEN,Kongu,4.8529696474283135
Kinathukadavu,122,NONE OF THE ABOVE,NOTA,2280,70.64,GEN,Kongu,0.9809193968206166
Kinathukadavu,122,ROHINI MA.PA,AMMK,1248,70.64,GEN,Kongu,0.5369243014176006
Kinathukadavu,122,VELUSAMY.V,IND,505,70.64,GEN,Kongu,0.2172650418396541
Kinathukadavu,122,ANBAZHAGAN.G,Veerath Thiyagi Viswanathadoss Thozhilalarkal Katchi,353,70.64,GEN,Kongu,0.15187041538494633
Kinathukadavu,122,NAGENDRAN.P,IND,228,70.64,GEN,Kongu,0.09809193968206165
Kinathukadavu,122,MARIAPPAN.R,Ganasangam Party of India,187,70.64,GEN,Kongu,0.08045259965151548
Kinathukadavu,122,NOOR MUHAMAD . A,IND,135,70.64,GEN,Kongu,0.05808075375911546
Kinathukadavu,122,DHARMALINGAM.K,IND,108,70.64,GEN,Kongu,0.04646460300729236
Kinathukadavu,122,NAZIR BABU.S,IND,88,70.64,GEN,Kongu,0.037860046894830815
Kinathukadavu,122,JAMES.S,All India Jananayaka Makkal Kazhagam,55,70.64,GEN,Kongu,0.023662529309269258
Kinathukadavu,122,ATHEESWARAN.S,IND,50,70.64,GEN,Kongu,0.02151139028115387
Pollachi,123,POLLACHI V. JAYARAMAN,AIADMK,80567,77.34,GEN,Kongu,45.439010084147355
Pollachi,123,"DR. VARADHARAJAN, K.",DMK,78842,77.34,GEN,Kongu,44.46612673991021
Pollachi,123,"SATHIESHKUMAR, V.T.",MNM,7589,77.34,GEN,Kongu,4.28012272429896
Pollachi,123,"LOGESWARI, N.",NTK,6402,77.34,GEN,Kongu,3.6106661853949062
Pollachi,123,NONE OF THE ABOVE,NOTA,1546,77.34,GEN,Kongu,0.8719290725742777
Pollachi,123,"SUGUMAR, K.",AMMK,1141,77.34,GEN,Kongu,0.6435129830577301
Pollachi,123,"ARUCHAMY, C.M.",BSP,491,77.34,GEN,Kongu,0.2769192591422835
Pollachi,123,"SHANTHU MOHAMED, A.",IND,368,77.34,GEN,Kongu,0.20754844677059128
Pollachi,123,"MUTHUKUMARASAMY, R.",IND,362,77.34,GEN,Kongu,0.20416450470367944
Valparai,124,AMULKANDASAMI T K,AIADMK,71672,70.04,SC,Kongu,49.37040200589645
Valparai,124,ARUMUGAM M,CPI,59449,70.04,SC,Kongu,40.95073430138043
Valparai,124,KOHILA C,NTK,7632,70.04,SC,Kongu,5.257212134571405
Valparai,124,SENTHILRAJ D,MNM,3314,70.04,SC,Kongu,2.282809357176315
Valparai,124,NONE OF THE ABOVE,NOTA,1415,70.04,SC,Kongu,0.9747058661449867
Valparai,124,MURUGARAJ M S,DMDK,1335,70.04,SC,Kongu,0.9195988207092276
Valparai,124,RANGASAMY T M,IND,355,70.04,SC,Kongu,0.2445375141211804
Udumalpet,125,"RADHAKRISHNAN,K.",AIADMK,96893,71.31,GEN,Kongu,49.85284886652466
Udumalpet,125,"THENNARASU,K.",INC,74998,71.31,GEN,Kongu,38.58755492441783
Udumalpet,125,"BABU RANJENDRA PRASAD,A.",NTK,8592,71.31,GEN,Kongu,4.4207081776927115
Udumalpet,125,"SRINITHI,V.",MNM,8163,71.31,GEN,Kongu,4.199981477479702
Udumalpet,125,NONE OF THE ABOVE,NOTA,1478,71.31,GEN,Kongu,0.7604523611068236
Udumalpet,125,"PALANISAMY,R.",AMMK,1043,71.31,GEN,Kongu,0.5366385741775486
Udumalpet,125,"DHIVYA,D.",IND,787,71.31,GEN,Kongu,0.4049228742835386
Udumalpet,125,"KRISHNAN,T.",Anna Puratchi Thalaivar Amma Dravida Munnetra Kazhagam,683,71.31,GEN,Kongu,0.35141337120159705
Udumalpet,125,"KUMAR,K.",BSP,459,71.31,GEN,Kongu,0.23616213379433829
Udumalpet,125,"RAJINI,K.",IND,300,71.31,GEN,Kongu,0.154354335813293
Udumalpet,125,"UMAR ALI,D.",IND,224,71.31,GEN,Kongu,0.11525123740725876
Udumalpet,125,"ARUMUGAM,P.",IND,184,71.31,GEN,Kongu,0.09467065929881971
Udumalpet,125,"KARTHIKEYAN,S.",IND,181,71.31,GEN,Kongu,0.09312711594068677
Udumalpet,125,"NACHAMMAL,K.",Anaithu Makkal Arasiyal Katchi,177,71.31,GEN,Kongu,0.09106905812984287
Udumalpet,125,"ELSY,C.",IND,126,71.31,GEN,Kongu,0.06482882104158307
Udumalpet,125,"ASHOKKUMAR,S.",IND,70,71.31,GEN,Kongu,0.03601601168976836
Madathukulam,126,C MAHENDRAN,AIADMK,84313,72.45,GEN,Kongu,46.3507822893646
Madathukulam,126,R.JAYARAMAKRISHNAN,DMK,77875,72.45,GEN,Kongu,42.811513892095746
Madathukulam,126,C.SHANMUGAVELU,AMMK,6515,72.45,GEN,Kongu,3.5815988829149763
Madathukulam,126,U SANUJA,NTK,6245,72.45,GEN,Kongu,3.43316730987015
Madathukulam,126,K KUMARESAN,MNM,2894,72.45,GEN,Kongu,1.5909665644138051
Madathukulam,126,NONE OF THE ABOVE,NOTA,1048,72.45,GEN,Kongu,0.5761344020406592
Madathukulam,126,G RAMAKRISHNAN,IND,712,72.45,GEN,Kongu,0.3914195555848754
Madathukulam,126,K MAHENDRAKUMAR,IND,611,72.45,GEN,Kongu,0.3358951523347737
Madathukulam,126,K MANICKASAMY,IND,503,72.45,GEN,Kongu,0.2765225231168431
Madathukulam,126,J.BENJAMIN KIRUBAKARAN,BSP,467,72.45,GEN,Kongu,0.2567316467108663
Madathukulam,126,P MAHENDRAN,IND,172,72.45,GEN,Kongu,0.0945564094952227
Madathukulam,126,K.MAHALINGAM,IND,141,72.45,GEN,Kongu,0.07751426592340932
Madathukulam,126,M SHANMUGAVEL,IND,130,72.45,GEN,Kongu,0.07146705368824971
Madathukulam,126,K SAKTHIVEL,Anna Puratchi Thalaivar Amma Dravida Munnetra Kazhagam,105,72.45,GEN,Kongu,0.057723389517432465
Madathukulam,126,P THANGARAJ,IND,88,72.45,GEN,Kongu,0.04837769788127673
Madathukulam,126,P SUBRAMANIAN,IND,83,72.45,GEN,Kongu,0.04562896504711328
Palani,127,SENTHIL KUMAR I.P,DMK,108566,73.33,GEN,South,52.86000856931407
Palani,127,RAVI MANOHARAN K,AIADMK,78510,73.33,GEN,South,38.22595723133253
Palani,127,VINOTH RAJASEKARAN G,NTK,7656,73.33,GEN,South,3.7276516184318154
Palani,127,POOVENDHAN T,MNM,3732,73.33,GEN,South,1.817084096132123
Palani,127,VEERAKUMAR V,AMMK,2255,73.33,GEN,South,1.0979433646243135
Palani,127,NONE OF THE ABOVE,NOTA,1110,73.33,GEN,South,0.5404510575312585
Palani,127,SIVABALA MOORTHI K,Akhil Bharat Hindu Mahasabha,601,73.33,GEN,South,0.292622599618276
Palani,127,SUDHA R B,IND,522,73.33,GEN,South,0.2541580648930783
Palani,127,SURESH M,IND,462,73.33,GEN,South,0.22494449421571303
Palani,127,NACHIMUTHU S,BSP,443,73.33,GEN,South,0.21569353016788065
Palani,127,NAGENDRAN G,IND,310,73.33,GEN,South,0.15093678183305417
Palani,127,SAMIAPPA GOUNDER P,IND,195,73.33,GEN,South,0.09494410470143731
Palani,127,SHAHUL HAMEED,IND,149,73.33,GEN,South,0.07254703384879055
Palani,127,SIDDIQ M,IND,110,73.33,GEN,South,0.0535582129085031
Palani,127,LATHIKA,IND,106,73.33,GEN,South,0.05161064153001208
Palani,127,PERIYADURAI M,IND,95,73.33,GEN,South,0.04625482023916176
Palani,127,ANANTHAN S. P,IND,92,73.33,GEN,South,0.0447941417052935
Palani,127,THANGAVEL B,My India Party,77,73.33,GEN,South,0.03749074903595217
Palani,127,MUNISHRAJA M,IND,73,73.33,GEN,South,0.03554317765746114
Palani,127,PANDEESWARAN M,IND,68,73.33,GEN,South,0.03310871343434737
Palani,127,RASULBEEVI SAHABUDEEN,IND,64,73.33,GEN,South,0.031161142055856343
Palani,127,THANGAVEL A,IND,58,73.33,GEN,South,0.02823978498811982
Palani,127,KALIAPPAN K,IND,49,73.33,GEN,South,0.023857749386515015
Palani,127,AZHAGUMALAI A,IND,43,73.33,GEN,South,0.02093639231877848
Palani,127,KARUPPUSAMY P,IND,38,73.33,GEN,South,0.018501928095664706
Oddanchatram,128,SAKKARAPANI R,DMK,109970,83.08,GEN,South,54.506433513749286
Oddanchatram,128,NATARAJ N.P,AIADMK,81228,83.08,GEN,South,40.26051269850711
Oddanchatram,128,SAKTHI DEVI T,NTK,4944,83.08,GEN,South,2.4504847439481354
Oddanchatram,128,NONE OF THE ABOVE,NOTA,1457,83.08,GEN,South,0.7221594401157834
Oddanchatram,128,SIVA KUMAR M,DMDK,1427,83.08,GEN,South,0.7072899938539623
Oddanchatram,128,ABDUL HADI A,MNM,1082,83.08,GEN,South,0.5362913618430183
Oddanchatram,128,MURUGARAJ P,BSP,529,83.08,GEN,South,0.26219790241678065
Oddanchatram,128,MARIMUTHU T.S,IND,407,83.08,GEN,South,0.2017288209520411
Oddanchatram,128,BALASUBRAMANI S,IND,356,83.08,GEN,South,0.176450762306945
Oddanchatram,128,CHELLAMUTHU K,IND,100,83.08,GEN,South,0.049564820872737364
Oddanchatram,128,RAVI M,Anaithu Makkal Puratchi Katchi,61,83.08,GEN,South,0.03023454073236979
Oddanchatram,128,SIVANESAN K,IND,59,83.08,GEN,South,0.029243244314915047
Oddanchatram,128,RAVICHANDRAN K,My India Party,52,83.08,GEN,South,0.02577370685382343
Oddanchatram,128,SIVAPRAKASH S,IND,44,83.08,GEN,South,0.02180852118400444
Oddanchatram,128,SHANMUGAVEL P,IND,40,83.08,GEN,South,0.019825928349094947
Athoor,129,PERIYASAMY I,DMK,165809,77.96,GEN,South,72.10968078629207
Athoor,129,THILAGABAMA M,PMK,30238,77.96,GEN,South,13.15038705749326
Athoor,129,SIMON JUSTIN A,NTK,17168,77.96,GEN,South,7.466295555362268
Athoor,129,SIVASAKTHIVEL P,MNM,3241,77.96,GEN,South,1.4094981299469427
Athoor,129,SELVAKUMAR P,AMMK,3017,77.96,GEN,South,1.3120814125424023
Athoor,129,SAVADAMUTHU A,IND,1722,77.96,GEN,South,0.7488910150474036
Athoor,129,NONE OF THE ABOVE,NOTA,1564,77.96,GEN,South,0.6801774375924153
Athoor,129,PALRAJ R,IND,1357,77.96,GEN,South,0.590153953205184
Athoor,129,MUTHULAKSHMI R,Anna Puratchi Thalaivar Amma Dravida Munnetra Kazhagam,1180,77.96,GEN,South,0.5131773506132035
Athoor,129,SILAMBARASAN M,Puthiya Tamilagam,880,77.96,GEN,South,0.3827085326606941
Athoor,129,KARTHIGAISELVAN K,BSP,749,77.96,GEN,South,0.3257371488214317
Athoor,129,SANKAR D,IND,700,77.96,GEN,South,0.3044272418891885
Athoor,129,ANBU AS,IND,535,77.96,GEN,South,0.23266939201530834
Athoor,129,SILAMBARASAN P,IND,486,77.96,GEN,South,0.21135948508306515
Athoor,129,THILAGAVATHY S,IND,349,77.96,GEN,South,0.15177872488475255
Athoor,129,KARTHI M,IND,322,77.96,GEN,South,0.1400365312690267
Athoor,129,BALAMURUGAN A,IND,190,77.96,GEN,South,0.08263025136992258
Athoor,129,VEERAMALAI S,IND,133,77.96,GEN,South,0.057841175958945806
Athoor,129,MURUGANANTHAM C,IND,125,77.96,GEN,South,0.05436200748021223
Athoor,129,JEYASEKARAN R,My India Party,88,77.96,GEN,South,0.03827085326606941
Athoor,129,RAGUPATHI P,Anaithu Makkal Puratchi Katchi,87,77.96,GEN,South,0.03783595720622771
Nilakottai,130,S.THENMOZHI,AIADMK,91461,75.07,SC,South,49.49054408701063
Nilakottai,130,K.MURUGAVELRAJAN,DMK,63843,75.07,SC,South,34.54614323205541
Nilakottai,130,G.VASANTHADEVI,NTK,17505,75.07,SC,South,9.472146316387544
Nilakottai,130,K.RAMASAMY,DMDK,3704,75.07,SC,South,2.004274776115365
Nilakottai,130,ANANTH,MNM,3181,75.07,SC,South,1.7212737750601985
Nilakottai,130,NONE OF THE ABOVE,NOTA,1260,75.07,SC,South,0.6817997348556587
Nilakottai,130,P.NAGENDRAN,BSP,666,75.07,SC,South,0.3603798598522767
Nilakottai,130,P.NAGAJOTHI,IND,515,75.07,SC,South,0.2786721138497335
Nilakottai,130,V.VINOTH,IND,491,75.07,SC,South,0.26568545223343526
Nilakottai,130,V.K.AIYYAR,Puthiya Tamilagam,484,75.07,SC,South,0.26189767592868163
Nilakottai,130,P.POTHUMANICKAM,IND,375,75.07,SC,South,0.2029165877546603
Nilakottai,130,A.ALAPPAN,IND,343,75.07,SC,South,0.18560103893292929
Nilakottai,130,N.PERUMAL,IND,252,75.07,SC,South,0.13635994697113174
Nilakottai,130,V.BALASUBRAMANI,IND,164,75.07,SC,South,0.08874218771137145
Nilakottai,130,V.REVADHI,My India Party,158,75.07,SC,South,0.08549552230729689
Nilakottai,130,M.PANDI,IND,137,75.07,SC,South,0.07413219339303591
Nilakottai,130,S.NITHYA,IND,128,75.07,SC,South,0.06926219528692405
Nilakottai,130,P.SIVAKAMI,IND,77,75.07,SC,South,0.041665539352290254
Nilakottai,130,M.KALIMUTHU,IND,61,75.07,SC,South,0.033007764941424746
Natham,131,NATHAM.R.VISWANATHAN,AIADMK,107762,78.95,GEN,South,47.84233986254906
Natham,131,M.A.ANDI AMBALAM,DMK,95830,78.95,GEN,South,42.54497345101312
Natham,131,DOCTOR.V.SIVASANKARAN,NTK,14762,78.95,GEN,South,6.553781676759425
Natham,131,N.RAJA,AMMK,1721,78.95,GEN,South,0.7640603079327307
Natham,131,NONE OF THE ABOVE,NOTA,1444,78.95,GEN,South,0.6410825593578519
Natham,131,R.A.SARANRAJ,IJK,1025,78.95,GEN,South,0.45506206602617605
Natham,131,P.ANDISAMY,BSP,678,78.95,GEN,South,0.30100690806414376
Natham,131,S.JEYAKUMAR,IND,383,78.95,GEN,South,0.17003782564685407
Natham,131,A.KARNAN,IND,335,78.95,GEN,South,0.14872760206709168
Natham,131,K.DHANDAPANI,IND,322,78.95,GEN,South,0.14295608318090602
Natham,131,K.MURUGESAN,IND,224,78.95,GEN,South,0.09944771003889115
Natham,131,M.XAVIER JOSEPH KENNEDY,IND,194,78.95,GEN,South,0.08612882030153966
Natham,131,JEYAPAUL R,IND,190,78.95,GEN,South,0.08435296833655946
Natham,131,V.VEMBARASAN,My India Party,166,78.95,GEN,South,0.07369785654667826
Natham,131,A.BALASUBRAMANI,IND,112,78.95,GEN,South,0.049723855019445574
Natham,131,C.GURUSAMY,IND,96,78.95,GEN,South,0.04262044715952478
Dindigul,132,SREENIVASAN.C,AIADMK,90595,69.27,GEN,South,46.43087772527394
Dindigul,132,PANDI.N,CPI(M),72848,69.27,GEN,South,37.33535604095983
Dindigul,132,JAYASUNDAR.R,NTK,14860,69.27,GEN,South,7.615904222060496
Dindigul,132,RAJENDRAN.R,MNM,9063,69.27,GEN,South,4.644881558851567
Dindigul,132,RAMUTHEVAR.P,AMMK,2427,69.27,GEN,South,1.2438626882194364
Dindigul,132,NONE OF THE ABOVE,NOTA,1807,69.27,GEN,South,0.9261062536516365
Dindigul,132,BALASUBRAMANI.K,IND,570,69.27,GEN,South,0.29213091565104193
Dindigul,132,ARASUR MANOHARAN.S,BSP,501,69.27,GEN,South,0.2567676995459158
Dindigul,132,BASKARAN CHELLAPPA.J,IND,345,69.27,GEN,South,0.17681608052563064
Dindigul,132,AKKAMMAL.S,My India Party,305,69.27,GEN,South,0.1563156653922242
Dindigul,132,MURUGESAN.A,Puthiya Tamilagam,254,69.27,GEN,South,0.13017763609713096
Dindigul,132,ALAGU PANDIAN.R,Anaithu Makkal Munnetra Kazhagam,232,69.27,GEN,South,0.11890240777375741
Dindigul,132,RAHAMATHULLA.M,IND,210,69.27,GEN,South,0.10762717945038387
Dindigul,132,ANBUROSE.D,IND,191,69.27,GEN,South,0.09788948226201581
Dindigul,132,NAGARAJ.N,IND,180,69.27,GEN,South,0.09225186810032904
Dindigul,132,DHANASEKARAN.C,IND,166,69.27,GEN,South,0.08507672280363678
Dindigul,132,HARI PRAKASH.M,IND,119,69.27,GEN,South,0.06098873502188419
Dindigul,132,VIJAYAPANDI.P,IND,114,69.27,GEN,South,0.05842618313020839
Dindigul,132,BALAJI.R,IND,104,69.27,GEN,South,0.053301079346856774
Dindigul,132,KARTHIKEYAN.V,Anna Puratchi Thalaivar Amma Dravida Munnetra Kazhagam,92,69.27,GEN,South,0.047150954806834844
Dindigul,132,SENTHIL ALAGAPPAN.A,IND,82,69.27,GEN,South,0.042025851023483225
Dindigul,132,SIVAGANAM.A,Anaithu Makkal Puratchi Katchi,53,69.27,GEN,South,0.02716305005176355
Vedasandur,133,GANDHIRAJAN S,DMK,106481,80.16,GEN,South,49.97231086915712
Vedasandur,133,PARAMASIVAM V P B,AIADMK,88928,80.16,GEN,South,41.73455978975033
Vedasandur,133,POTHUMANI R,NTK,8495,80.16,GEN,South,3.98676553407171
Vedasandur,133,RAMASAMY P,AMMK,2041,80.16,GEN,South,0.9578562042425379
Vedasandur,133,PALANICHAMY B,IND,1293,80.16,GEN,South,0.606814342031162
Vedasandur,133,VETRIVEL S,MNM,1215,80.16,GEN,South,0.5702083724422752
Vedasandur,133,PRASATH R,IND,887,80.16,GEN,South,0.4162755772479819
Vedasandur,133,NONE OF THE ABOVE,NOTA,803,80.16,GEN,South,0.3768537638445654
Vedasandur,133,MUTHUSAMY V,IND,740,80.16,GEN,South,0.347287403792003
Vedasandur,133,KARTHIKEYAN A,My India Party,669,80.16,GEN,South,0.31396658532006755
Vedasandur,133,MURUGAN P,IND,489,80.16,GEN,South,0.22949127088417498
Vedasandur,133,SUKUMAR V,IND,233,80.16,GEN,South,0.10934860146423879
Vedasandur,133,NANDAKUMAR P,IND,124,80.16,GEN,South,0.05819410550028159
Vedasandur,133,MURUGESAN K,Ganasangam Party of India,123,80.16,GEN,South,0.05772479819785996
Vedasandur,133,MANEESHANKAR M G,RSPS,108,80.16,GEN,South,0.05068518866153558
Vedasandur,133,KALIMUTHU V,Samaniya Makkal Nala Katchi,101,80.16,GEN,South,0.04740003754458419
Vedasandur,133,DHARMALINGAM DR MARUR N,IND,81,80.16,GEN,South,0.038013891496151676
Vedasandur,133,MOORTHY S,IND,77,80.16,GEN,South,0.03613666228646518
Vedasandur,133,SARAVANA KUMAR K R,IND,72,80.16,GEN,South,0.03379012577435705
Vedasandur,133,SELVARAJ V,IND,71,80.16,GEN,South,0.03332081847193542
Vedasandur,133,RAMASAMY K,IND,49,80.16,GEN,South,0.022996057818659658
Aravakurichi,134,ELANGO. R,DMK,93369,81.92,GEN,Kongu,52.71689420373319
Aravakurichi,134,ANNAMALAI. K,BJP,68553,81.92,GEN,Kongu,38.70557945729869
Aravakurichi,134,ANITHA PARVEEN. M,NTK,7188,81.92,GEN,Kongu,4.0584030624343645
Aravakurichi,134,THANGAVEL.  P. S. N,AMMK,1599,81.92,GEN,Kongu,0.9028083607168265
Aravakurichi,134,MOHAMMED HANEEF SHAHIL. K. S,MNM,1382,81.92,GEN,Kongu,0.7802884018202966
Aravakurichi,134,SARAVANAN. P,IND,1236,81.92,GEN,Kongu,0.697855618415258
Aravakurichi,134,NONE OF THE ABOVE,NOTA,869,81.92,GEN,Kongu,0.4906444436916337
Aravakurichi,134,RAJKUMAR. R,Tamil Nadu Ilangyar Katchi,377,81.92,GEN,Kongu,0.21285725577876394
Aravakurichi,134,SATHEESHKUMAR. T,IND,336,81.92,GEN,Kongu,0.1897083234526915
Aravakurichi,134,SUNDARARAJ. R,BSP,328,81.92,GEN,Kongu,0.18519145860857977
Aravakurichi,134,MANOJPANDIYAN. J. M,IND,290,81.92,GEN,Kongu,0.1637363505990492
Aravakurichi,134,CHITHAMBARAM. A,IND,240,81.92,GEN,Kongu,0.13550594532335106
Aravakurichi,134,MURUGESAN. M. S,IND,174,81.92,GEN,Kongu,0.09824181035942951
Aravakurichi,134,MATHIYALAGAN. P,IND,161,81.92,GEN,Kongu,0.090901904987748
Aravakurichi,134,SILAMBARASAN. P,IND,129,81.92,GEN,Kongu,0.0728344456113012
Aravakurichi,134,MAHESHMANI. T,IND,104,81.92,GEN,Kongu,0.05871924297345212
Aravakurichi,134,SAKUNTHALA. N,IND,79,81.92,GEN,Kongu,0.04460404033560306
Aravakurichi,134,KARTHIKEYAN. R,IND,63,81.92,GEN,Kongu,0.03557031064737966
Aravakurichi,134,ARIVALAGAN. T,IND,53,81.92,GEN,Kongu,0.029924229592240028
Aravakurichi,134,VAIRASEEMAN. G,IND,46,81.92,GEN,Kongu,0.025971972853642285
Aravakurichi,134,KARTHIK. D,IND,45,81.92,GEN,Kongu,0.02540736474812832
Aravakurichi,134,RAJENDIRAN. M,IND,44,81.92,GEN,Kongu,0.02484275664261436
Aravakurichi,134,KIRUBANANTH. S,IND,41,81.92,GEN,Kongu,0.02314893232607247
Aravakurichi,134,PERIYASAMY. M. R,IND,40,81.92,GEN,Kongu,0.022584324220558512
Aravakurichi,134,ARUMUGAM. R,IND,29,81.92,GEN,Kongu,0.01637363505990492
Aravakurichi,134,SIVAKUMAR. A,IND,28,81.92,GEN,Kongu,0.015809026954390955
Aravakurichi,134,BOOPATHY. S,IND,27,81.92,GEN,Kongu,0.015244418848876996
Aravakurichi,134,BASKARAN. N,IND,25,81.92,GEN,Kongu,0.014115202637849069
Aravakurichi,134,SURESHBABU. S,IND,24,81.92,GEN,Kongu,0.013550594532335106
Aravakurichi,134,PITCHAIMUTHU. T,IND,24,81.92,GEN,Kongu,0.013550594532335106
Aravakurichi,134,RAGUNATH. P,IND,23,81.92,GEN,Kongu,0.012985986426821142
Aravakurichi,134,MOHANRAJ. C,Samaniya Makkal Nala Katchi,22,81.92,GEN,Kongu,0.01242137832130718
Aravakurichi,134,THANEGASALAM. R. V,IND,21,81.92,GEN,Kongu,0.01185677021579322
Aravakurichi,134,PRABAKARAN. T,IND,21,81.92,GEN,Kongu,0.01185677021579322
Aravakurichi,134,RANJITH. I,IND,21,81.92,GEN,Kongu,0.01185677021579322
Aravakurichi,134,RAMAGURU. R,IND,20,81.92,GEN,Kongu,0.011292162110279256
Aravakurichi,134,SURESH. M,IND,19,81.92,GEN,Kongu,0.010727554004765293
Aravakurichi,134,SELVAKUMAR. R,IND,19,81.92,GEN,Kongu,0.010727554004765293
Aravakurichi,134,PRAKASH. P,IND,16,81.92,GEN,Kongu,0.009033729688223404
Aravakurichi,134,PRABHU. G,IND,16,81.92,GEN,Kongu,0.009033729688223404
Aravakurichi,134,VIVEKANANTHAN. V,IND,13,81.92,GEN,Kongu,0.007339905371681515
Karur,135,SENTHILBALAJI V,DMK,101757,83.57,GEN,Kongu,49.08446288167478
Karur,135,VIJAYABHASKAR. M.R,AIADMK,89309,83.57,GEN,Kongu,43.07992860932902
Karur,135,KARUPPAIYA.R,NTK,7316,83.57,GEN,Kongu,3.5290145193188946
Karur,135,MOHANRAJ.S,MNM,4154,83.57,GEN,Kongu,2.003762481308186
Karur,135,NONE OF THE ABOVE,NOTA,961,83.57,GEN,Kongu,0.46355699194443106
Karur,135,THANGARAJ.N,DMDK,953,83.57,GEN,Kongu,0.4596980367565482
Karur,135,RAVI.P,IND,369,83.57,GEN,Kongu,0.17799430804109787
Karur,135,ANBAZHAGAN,IND,334,83.57,GEN,Kongu,0.16111137909411027
Karur,135,AADHIKRISHNAN.P,BSP,210,83.57,GEN,Kongu,0.10129757368192562
Karur,135,KANNAN.T,IND,165,83.57,GEN,Kongu,0.0795909507500844
Karur,135,RAJESHKANNAN.S,IND,138,83.57,GEN,Kongu,0.0665669769909797
Karur,135,KATHIRAVAN.P,IND,114,83.57,GEN,Kongu,0.054990111427331054
Karur,135,DHANALAKSHMI.M,Ganasangam Party of India,105,83.57,GEN,Kongu,0.05064878684096281
Karur,135,JAYAKUMAR.G,IND,102,83.57,GEN,Kongu,0.04920167864550672
Karur,135,SHANMUGAM.N,Samaniya Makkal Nala Katchi,99,83.57,GEN,Kongu,0.04775457045005065
Karur,135,SURYA,IND,96,83.57,GEN,Kongu,0.04630746225459457
Karur,135,MURUGESAN.A,IND,84,83.57,GEN,Kongu,0.040519029472770245
Karur,135,AMARSRI.M,IND,56,83.57,GEN,Kongu,0.027012686315180164
Karur,135,BALAMANIKANDAN.K,IND,56,83.57,GEN,Kongu,0.027012686315180164
Karur,135,KALAI RAJ.K,IND,51,83.57,GEN,Kongu,0.02460083932275336
Karur,135,SIVAKUMAR.V,IND,46,83.57,GEN,Kongu,0.022188992330326566
Karur,135,KRISHNAKUMAR.S,IND,42,83.57,GEN,Kongu,0.020259514736385122
Karur,135,MOHAN.M.L.M,IND,42,83.57,GEN,Kongu,0.020259514736385122
Karur,135,JOSEPH.M.A,Desiya Makkal Sakthi Katchi,39,83.57,GEN,Kongu,0.018812406540929045
Karur,135,SIVASAMY.P,IND,37,83.57,GEN,Kongu,0.017847667743958323
Karur,135,MURUGANANTHAM.T,IND,30,83.57,GEN,Kongu,0.014471081954560802
Karur,135,ABILAZAN.N,IND,29,83.57,GEN,Kongu,0.013988712556075441
Karur,135,KARUNAMOORTHY.S,IND,29,83.57,GEN,Kongu,0.013988712556075441
Karur,135,SHIVAKUMAR.K,IND,29,83.57,GEN,Kongu,0.013988712556075441
Karur,135,AMARNATH.K,IND,28,83.57,GEN,Kongu,0.013506343157590082
Karur,135,VENKATESH PRABU.K,IND,26,83.57,GEN,Kongu,0.012541604360619362
Karur,135,VIGNESHWARAN.P,IND,25,83.57,GEN,Kongu,0.012059234962134001
Karur,135,JOTHI SUTHARSAN,IND,22,83.57,GEN,Kongu,0.010612126766677922
Karur,135,PRAKASH.N,IND,20,83.57,GEN,Kongu,0.009647387969707202
Karur,135,GOPALAKRISHNAN.A,IND,19,83.57,GEN,Kongu,0.009165018571221843
Karur,135,SUDHAKAR.L,IND,19,83.57,GEN,Kongu,0.009165018571221843
Karur,135,SIVAKUMAR.N,IND,18,83.57,GEN,Kongu,0.008682649172736482
Karur,135,PALANIVEL.P,IND,17,83.57,GEN,Kongu,0.008200279774251121
Karur,135,BANUMATHY,IND,16,83.57,GEN,Kongu,0.007717910375765762
Karur,135,KAMARAJ.P,IND,15,83.57,GEN,Kongu,0.007235540977280401
Karur,135,DEEPANANDH.N,IND,14,83.57,GEN,Kongu,0.006753171578795041
Karur,135,MUTHU. K.R,IND,14,83.57,GEN,Kongu,0.006753171578795041
Karur,135,MOUNAGURUBALUSAMY.K,IND,14,83.57,GEN,Kongu,0.006753171578795041
Karur,135,VIJAYABHASKAR.R.V,IND,14,83.57,GEN,Kongu,0.006753171578795041
Karur,135,VENKADESH.K,IND,14,83.57,GEN,Kongu,0.006753171578795041
Karur,135,SENTHILKUMAR.A,IND,13,83.57,GEN,Kongu,0.006270802180309681
Karur,135,TAMILARASAN.K,IND,13,83.57,GEN,Kongu,0.006270802180309681
Karur,135,THIRUGNANAM.M,IND,13,83.57,GEN,Kongu,0.006270802180309681
Karur,135,NOOR MOHAMMED THOUFFIC.A,IND,13,83.57,GEN,Kongu,0.006270802180309681
Karur,135,VIJAYAN.K,IND,13,83.57,GEN,Kongu,0.006270802180309681
Karur,135,SAMIVEL.A,IND,12,83.57,GEN,Kongu,0.005788432781824321
Karur,135,DANIYA,IND,11,83.57,GEN,Kongu,0.005306063383338961
Karur,135,PRAKASH.A,IND,11,83.57,GEN,Kongu,0.005306063383338961
Karur,135,MAHENDRAN,IND,11,83.57,GEN,Kongu,0.005306063383338961
Karur,135,SATHISH.P,IND,10,83.57,GEN,Kongu,0.004823693984853601
Karur,135,SARAVANAN.R,IND,10,83.57,GEN,Kongu,0.004823693984853601
Karur,135,SAMIAPPAN.K,IND,10,83.57,GEN,Kongu,0.004823693984853601
Karur,135,MANOJ.P,IND,10,83.57,GEN,Kongu,0.004823693984853601
Karur,135,MURALI.M,IND,10,83.57,GEN,Kongu,0.004823693984853601
Karur,135,SAMPATH.S,IND,9,83.57,GEN,Kongu,0.004341324586368241
Karur,135,VINOTHKUMAR,IND,9,83.57,GEN,Kongu,0.004341324586368241
Karur,135,SUBASH MALAYALAM.T,IND,8,83.57,GEN,Kongu,0.003858955187882881
Karur,135,MUTHUKUMAR.G,IND,8,83.57,GEN,Kongu,0.003858955187882881
Karur,135,SUDHAKAR.S,IND,7,83.57,GEN,Kongu,0.0033765857893975205
Karur,135,SELVAKUMAR.M,IND,7,83.57,GEN,Kongu,0.0033765857893975205
Karur,135,THAMILALAGAN,IND,7,83.57,GEN,Kongu,0.0033765857893975205
Karur,135,DHANABAL,IND,7,83.57,GEN,Kongu,0.0033765857893975205
Karur,135,BOOPATHI.P,IND,6,83.57,GEN,Kongu,0.0028942163909121605
Karur,135,DURAISAMY.J,IND,5,83.57,GEN,Kongu,0.0024118469924268005
Karur,135,PRAKASH.V,IND,5,83.57,GEN,Kongu,0.0024118469924268005
Karur,135,VEERAKUMAR.T,IND,5,83.57,GEN,Kongu,0.0024118469924268005
Karur,135,SANTHANAKUMAR.M,IND,4,83.57,GEN,Kongu,0.0019294775939414405
Karur,135,PRASANTH.S,IND,4,83.57,GEN,Kongu,0.0019294775939414405
Karur,135,PUSHPARAJ.P,IND,3,83.57,GEN,Kongu,0.0014471081954560803
Karur,135,MANIVANNAN.S,IND,3,83.57,GEN,Kongu,0.0014471081954560803
Karur,135,SAKTHIKUMAR,IND,2,83.57,GEN,Kongu,0.0009647387969707202
Karur,135,SENTHILKUMAR.A.M,IND,2,83.57,GEN,Kongu,0.0009647387969707202
Karur,135,MANIKANDAN.K,IND,2,83.57,GEN,Kongu,0.0009647387969707202
Krishnarayapuram,136,SIVAGAMA SUNDARI.K,DMK,96540,84.17,SC,Kongu,53.36591082464539
Krishnarayapuram,136,MUTHUKUMAR,AIADMK,64915,84.17,SC,Kongu,35.8840698278626
Krishnarayapuram,136,ILAKIYA.R,NTK,9706,84.17,SC,Kongu,5.365335927739881
Krishnarayapuram,136,KATHIRVEL.M,DMDK,1946,84.17,SC,Kongu,1.0757205558810847
Krishnarayapuram,136,SARAVANAN.V,MNM,1848,84.17,SC,Kongu,1.0215475782467855
Krishnarayapuram,136,NONE OF THE ABOVE,NOTA,1177,84.17,SC,Kongu,0.6506285170976551
Krishnarayapuram,136,SIVAKUMAR. O,IND,911,84.17,SC,Kongu,0.5035875778045572
Krishnarayapuram,136,SELVAKUMAR.S,IND,710,84.17,SC,Kongu,0.3924776951056373
Krishnarayapuram,136,MURUGESAN.R,BSP,540,84.17,SC,Kongu,0.29850416247471007
Krishnarayapuram,136,SATHYARAJ,IND,433,84.17,SC,Kongu,0.23935611546583233
Krishnarayapuram,136,CHINNASAMY.V,IND,377,84.17,SC,Kongu,0.20840012824623277
Krishnarayapuram,136,TAMIL SELVAN.M,IND,242,84.17,SC,Kongu,0.13377408762755527
Krishnarayapuram,136,SENTHILKUMAR.M,IND,214,84.17,SC,Kongu,0.11829609401775548
Krishnarayapuram,136,ASHOKAN.P,Puthiya Tamilagam,195,84.17,SC,Kongu,0.10779316978253418
Krishnarayapuram,136,SAKTHIVEL.K,IND,151,84.17,SC,Kongu,0.08347060839570597
Krishnarayapuram,136,CHANDRA.P,My India Party,128,84.17,SC,Kongu,0.07075654221622757
Krishnarayapuram,136,RAJAGURU. M,Samaniya Makkal Nala Katchi,122,84.17,SC,Kongu,0.06743982929984191
Krishnarayapuram,136,KRISHNAMOORTHI.M,IND,119,84.17,SC,Kongu,0.06578147284164906
Krishnarayapuram,136,RAJAGOPAL.K,IND,113,84.17,SC,Kongu,0.0624647599252634
Krishnarayapuram,136,RAMESH.N.P,IND,108,84.17,SC,Kongu,0.05970083249494201
Krishnarayapuram,136,NARAYANAN.KR,CPI(ML)(L),101,84.17,SC,Kongu,0.055831334092492066
Krishnarayapuram,136,GOPI KRISHNAN.P,IND,97,84.17,SC,Kongu,0.053620192148234956
Krishnarayapuram,136,MURUGANANTHAM.T,IND,69,84.17,SC,Kongu,0.038142198538435174
Krishnarayapuram,136,NAGARAJAN. C,IND,68,84.17,SC,Kongu,0.037589413052370894
Krishnarayapuram,136,MAHAMUNI.A,IND,27,84.17,SC,Kongu,0.014925208123735503
Krishnarayapuram,136,MAHESWARAN.A,IND,24,84.17,SC,Kongu,0.013266851665542671
Krishnarayapuram,136,MUHILAN.T,IND,21,84.17,SC,Kongu,0.011608495207349837
Kulithalai,137,R.MANICKAM,DMK,100829,86.16,GEN,Kongu,51.06403451908273
Kulithalai,137,N.R.CHANDRASEKAR,AIADMK,77289,86.16,GEN,Kongu,39.142391216270966
Kulithalai,137,SEENI.PRAKASU,NTK,11511,86.16,GEN,Kongu,5.8296531885584635
Kulithalai,137,NONE OF THE ABOVE,NOTA,1191,86.16,GEN,Kongu,0.6031723523215299
Kulithalai,137,R.SARAVANAN,IND,838,86.16,GEN,Kongu,0.4243983469735029
Kulithalai,137,V.NIROSHA,AMMK,761,86.16,GEN,Kongu,0.38540231747832426
Kulithalai,137,R.CHANDRASEKAR,IND,694,86.16,GEN,Kongu,0.3514707073981039
Kulithalai,137,S.MANIKANDAN,IJK,674,86.16,GEN,Kongu,0.3413418685681873
Kulithalai,137,V.VELLAIYAN,IND,612,86.16,GEN,Kongu,0.3099424681954461
Kulithalai,137,P.ANBALAGAN,BSP,590,86.16,GEN,Kongu,0.2988007454825379
Kulithalai,137,K.SURESH,IND,494,86.16,GEN,Kongu,0.2501823190989385
Kulithalai,137,M.SANKAR,Samaniya Makkal Nala Katchi,460,86.16,GEN,Kongu,0.23296329308808036
Kulithalai,137,B.SELVARAJ,IND,399,86.16,GEN,Kongu,0.20207033465683497
Kulithalai,137,V.ALEX MOURIS,IND,245,86.16,GEN,Kongu,0.1240782756664776
Kulithalai,137,M.SARAVANAN,IND,221,86.16,GEN,Kongu,0.11192366907057776
Kulithalai,137,A.SUBETHAR,Tipu Sultan Party,215,86.16,GEN,Kongu,0.10888501742160278
Kulithalai,137,S.BARANI,IND,184,86.16,GEN,Kongu,0.09318531723523216
Kulithalai,137,S.KANDASAMY,IND,138,86.16,GEN,Kongu,0.06988898792642412
Kulithalai,137,R.KALYANA SUNDARAM,IND,111,86.16,GEN,Kongu,0.05621505550603679
Manapparai,138,ABDUL SAMAD P,DMK,98077,76.02,GEN,Delta,44.22903476017822
Manapparai,138,CHANDRASEKAR.R,AIADMK,85834,76.02,GEN,Delta,38.707902664285584
Manapparai,138,KANIMOZHI.P,NTK,19450,76.02,GEN,Delta,8.77121777873983
Manapparai,138,KRISHNAGOPAL P,DMDK,10719,76.02,GEN,Delta,4.8338654689106555
Manapparai,138,CHANDRASEKAR V,IND,1259,76.02,GEN,Delta,0.5677616032613597
Manapparai,138,NONE OF THE ABOVE,NOTA,1009,76.02,GEN,Delta,0.45502101484568064
Manapparai,138,UMARANI K,IJK,914,76.02,GEN,Delta,0.4121795912477227
Manapparai,138,CHINNAN P,IND,650,76.02,GEN,Delta,0.29312552988076557
Manapparai,138,SUBRAMANIAN P,IND,628,76.02,GEN,Delta,0.2832043581001858
Manapparai,138,ELAYARAJA C,IND,547,76.02,GEN,Delta,0.2466764074535058
Manapparai,138,NIRMAL KUMAR M,IND,544,76.02,GEN,Delta,0.24532352039251765
Manapparai,138,SATHYA PRIYA A,IND,307,76.02,GEN,Delta,0.13844544257445388
Manapparai,138,ARPUTHASAMY V,IND,287,76.02,GEN,Delta,0.12942619550119955
Manapparai,138,CHITHAIYAN T,IND,270,76.02,GEN,Delta,0.12175983548893339
Manapparai,138,SAKTHIVEL.M,CPI(ML)(L),191,76.02,GEN,Delta,0.0861338095495788
Manapparai,138,DAVID P,IND,180,76.02,GEN,Delta,0.08117322365928892
Manapparai,138,KARTHICK KRISHNA P,IND,173,76.02,GEN,Delta,0.07801648718364991
Manapparai,138,RASU P,IND,169,76.02,GEN,Delta,0.07621263776899904
Manapparai,138,PANDIAN V,Ezhuchi Tamilargal Munnetra Kazhagam,129,76.02,GEN,Delta,0.0581741436224904
Manapparai,138,ILANGOVAN S,IND,123,76.02,GEN,Delta,0.05546836950051409
Manapparai,138,PRASANNA KUMAR P,IND,113,76.02,GEN,Delta,0.050958745963886935
Manapparai,138,JEYAPANDIAN D,IND,93,76.02,GEN,Delta,0.04193949889063261
Manapparai,138,VARADAN.M,LJP,82,76.02,GEN,Delta,0.036978913000342735
Srirangam,139,PALANIYANDI.M,DMK,113904,76.15,GEN,Delta,47.41258741258741
Srirangam,139,KUPA KRISHNAN,AIADMK,93989,76.15,GEN,Delta,39.12296037296038
Srirangam,139,K.SELVARATHI,NTK,17911,76.15,GEN,Delta,7.455461205461206
Srirangam,139,Y.JACOB,IND,4082,76.15,GEN,Delta,1.699134199134199
Srirangam,139,SARUBALA.R.THONDAIMAN,AMMK,3487,76.15,GEN,Delta,1.4514652014652014
Srirangam,139,NONE OF THE ABOVE,NOTA,2417,76.15,GEN,Delta,1.0060772560772562
Srirangam,139,S.FRANCIS MERY,IJK,1067,76.15,GEN,Delta,0.4441391941391941
Srirangam,139,G.SELVAKUMAR,BSP,811,76.15,GEN,Delta,0.33757908757908756
Srirangam,139,ANNALAKSHMI,Desiya Makkal Sakthi Katchi,608,76.15,GEN,Delta,0.25308025308025306
Srirangam,139,V.SETHUMADHAVAN,IND,594,76.15,GEN,Delta,0.24725274725274723
Srirangam,139,P.RAVICHANDRAN,IND,423,76.15,GEN,Delta,0.17607392607392608
Srirangam,139,S.SURESH,IND,388,76.15,GEN,Delta,0.1615051615051615
Srirangam,139,DANIEL JUDE MARTIN,Makkal Munnetra Peravai,210,76.15,GEN,Delta,0.08741258741258741
Srirangam,139,R.UMA,IND,163,76.15,GEN,Delta,0.06784881784881786
Srirangam,139,M.AMSAVALLI,IND,97,76.15,GEN,Delta,0.040376290376290376
Srirangam,139,P.BALASUBRAMANIAN,Samaniya Makkal Nala Katchi,89,76.15,GEN,Delta,0.03704628704628705
Tiruchirapalli (West),140,"NEHRU, K.N.",DMK,118133,67.01,GEN,Delta,64.51864838147668
Tiruchirapalli (West),140,"PADMANATHAN, V.",AIADMK,33024,67.01,GEN,Delta,18.036144380908688
Tiruchirapalli (West),140,"VINODH, V.",NTK,15725,67.01,GEN,Delta,8.588250072365224
Tiruchirapalli (West),140,"ABUBACKER SIDDIQ,  M.",MNM,10546,67.01,GEN,Delta,5.7597256129197865
Tiruchirapalli (West),140,"ABDULLAH HASSAN FAIZY, R.",SDPI,2545,67.01,GEN,Delta,1.3899584377850234
Tiruchirapalli (West),140,NONE OF THE ABOVE,NOTA,2117,67.01,GEN,Delta,1.1562051130809017
Tiruchirapalli (West),140,"SUDHA, R.",IND,222,67.01,GEN,Delta,0.12124588337456786
Tiruchirapalli (West),140,"VASUDEVAN, A.",IND,211,67.01,GEN,Delta,0.1152382044686208
Tiruchirapalli (West),140,"KALPANA, T.",IND,196,67.01,GEN,Delta,0.10704591505142026
Tiruchirapalli (West),140,"SHAJAHAN, R.",IND,181,67.01,GEN,Delta,0.09885362563421973
Tiruchirapalli (West),140,"DHEEPAN, M.",IND,66,67.01,GEN,Delta,0.036046073435682335
Tiruchirapalli (West),140,"SELVARAJ, D.",IND,48,67.01,GEN,Delta,0.0262153261350417
Tiruchirapalli (West),140,"SAHABUDHEEN, A.J.",IND,43,67.01,GEN,Delta,0.023484562995974855
Tiruchirapalli (West),140,"SUNDAR RAJULU, G.",IND,42,67.01,GEN,Delta,0.022938410368161487
Tiruchirapalli (East),141,"INIGO IRUDAYARAJ,S.",DMK,94302,66.87,GEN,Delta,54.555236728837876
Tiruchirapalli (East),141,"VELLAMANDI NATARAJAN,N.",AIADMK,40505,66.87,GEN,Delta,23.43279955569954
Tiruchirapalli (East),141,"PRABU,R.",NTK,14312,66.87,GEN,Delta,8.279724163465543
Tiruchirapalli (East),141,"VEERASAKTHI,D.",MNM,11396,66.87,GEN,Delta,6.592770861294952
Tiruchirapalli (East),141,MANOHARAN.R.,AMMK,9089,66.87,GEN,Delta,5.258133938075623
Tiruchirapalli (East),141,NONE OF THE ABOVE,NOTA,1535,66.87,GEN,Delta,0.8880224001481002
Tiruchirapalli (East),141,"RAJA,S.",IND,382,66.87,GEN,Delta,0.22099319664923406
Tiruchirapalli (East),141,"BALAMURUGAN,A.",IND,211,66.87,GEN,Delta,0.1220669227565141
Tiruchirapalli (East),141,"JAHIR HUSSAIN,M.",IND,208,66.87,GEN,Delta,0.12033137409172953
Tiruchirapalli (East),141,"SHEIK ABDULLAH,R.",IND,199,66.87,GEN,Delta,0.11512472809737585
Tiruchirapalli (East),141,"MANOHARAN,M.",IND,157,66.87,GEN,Delta,0.090827046790392
Tiruchirapalli (East),141,VIJAIA MOHANAAJI,Vidial Valarchi Perani,105,66.87,GEN,Delta,0.06074420326745962
Tiruchirapalli (East),141,"ARAVINDAN,P.",IND,85,66.87,GEN,Delta,0.04917387883556255
Tiruchirapalli (East),141,"CHARLES SAGAYARAJ,P.",IND,73,66.87,GEN,Delta,0.042231684176424304
Tiruchirapalli (East),141,"DEVAKUMAR,T.",IND,73,66.87,GEN,Delta,0.042231684176424304
Tiruchirapalli (East),141,"AROCKIA SATHEESH,A.",IND,70,66.87,GEN,Delta,0.04049613551163975
Tiruchirapalli (East),141,"IRUDAYARAJ,S.",IND,58,66.87,GEN,Delta,0.033553940852501504
Tiruchirapalli (East),141,"GASPAR REGAN,S.",IND,50,66.87,GEN,Delta,0.028925811079742677
Tiruchirapalli (East),141,"MARUTHAMUTHU,N.",IND,46,66.87,GEN,Delta,0.026611746193363265
Thiruverambur,142,ANBIL MAHESH POYYAMOZHI,DMK,105424,66.59,GEN,Delta,53.51118961692883
Thiruverambur,142,P KUMAR,AIADMK,55727,66.59,GEN,Delta,28.28595067330582
Thiruverambur,142,V CHOLASOORAN,NTK,15719,66.59,GEN,Delta,7.978661306614285
Thiruverambur,142,MURUGANANDAM M,MNM,14678,66.59,GEN,Delta,7.450269779151629
Thiruverambur,142,S.  SENTHILKUMAR,DMDK,2293,66.59,GEN,Delta,1.1638825864283067
Thiruverambur,142,NONE OF THE ABOVE,NOTA,1418,66.59,GEN,Delta,0.7197494581575835
Thiruverambur,142,S.SAKTHIVEL,New Generation People’s Party,416,66.59,GEN,Delta,0.21115357869785242
Thiruverambur,142,K.M. KARTHIK,Tamil Nadu Ilangyar Katchi,413,66.59,GEN,Delta,0.20963083654378134
Thiruverambur,142,MALATHI RAVICHANDRAN,BSP,226,66.59,GEN,Delta,0.11471324227335251
Thiruverambur,142,JESTIN RAJA,IND,224,66.59,GEN,Delta,0.11369808083730515
Thiruverambur,142,K. PALANISAMY,Veerath Thiyagi Viswanathadoss Thozhilalarkal Katchi,123,66.59,GEN,Delta,0.06243242831691309
Thiruverambur,142,N. RAJU,IND,88,66.59,GEN,Delta,0.04466710318608416
Thiruverambur,142,R. PRIYA,IND,72,66.59,GEN,Delta,0.036545811697705224
Thiruverambur,142,S CHARLES,IND,71,66.59,GEN,Delta,0.03603823097968154
Thiruverambur,142,A. RAJA MOHAMED,IND,67,66.59,GEN,Delta,0.03400790810758681
Thiruverambur,142,N. MUNIYANDI,IND,54,66.59,GEN,Delta,0.02740935877327892
Lalgudi,143,A.SOUNDARAPANDIAN,DMK,84914,79.23,GEN,Delta,48.59059020108267
Lalgudi,143,D.R.DHARMARAJ,AIADMK,67965,79.23,GEN,Delta,38.891813635167146
Lalgudi,143,I.MALAR TAMIL PRABHA,NTK,16248,79.23,GEN,Delta,9.297641255708024
Lalgudi,143,M.VIJAYAMURTHY,AMMK,2941,79.23,GEN,Delta,1.6829371573755108
Lalgudi,143,NONE OF THE ABOVE,NOTA,1200,79.23,GEN,Delta,0.6866795609828674
Lalgudi,143,U.JOHNSON,IND,304,79.23,GEN,Delta,0.17395882211565972
Lalgudi,143,K.KAMARAJ,Samaniya Makkal Nala Katchi,270,79.23,GEN,Delta,0.15450290122114516
Lalgudi,143,ANBIL K.THANGAMANI,IND,247,79.23,GEN,Delta,0.14134154296897353
Lalgudi,143,R.SILAMBARASAN,Anna MGR Dravida Makkal Kalgam,138,79.23,GEN,Delta,0.07896814951302975
Lalgudi,143,P.NAMBIRAJAN,Puthiya Tamilagam,124,79.23,GEN,Delta,0.07095688796822962
Lalgudi,143,K.DHARMARAJ,IND,120,79.23,GEN,Delta,0.06866795609828673
Lalgudi,143,A.ANANDHKUMAR,IND,96,79.23,GEN,Delta,0.05493436487862939
Lalgudi,143,VEERAN.MUTHUKUMAR,SHS,65,79.23,GEN,Delta,0.03719514288657198
Lalgudi,143,P.M.SAHADEVAN,IND,65,79.23,GEN,Delta,0.03719514288657198
Lalgudi,143,K.ANANTHABABU,IND,57,79.23,GEN,Delta,0.0326172791466862
Manachanallur,144,S. KATHIRAVAN,DMK,116334,79.63,GEN,Delta,59.137144861452114
Manachanallur,144,M. PARANJOTHI,AIADMK,56716,79.63,GEN,Delta,28.830972097255476
Manachanallur,144,DR. KRISHNASAMY. V,NTK,14443,79.63,GEN,Delta,7.341944601182397
Manachanallur,144,R. SAMSON,MNM,1996,79.63,GEN,Delta,1.0146452554150844
Manachanallur,144,M. RAJASEKHARN,AMMK,1631,79.63,GEN,Delta,0.8291014086082179
Manachanallur,144,NONE OF THE ABOVE,NOTA,1067,79.63,GEN,Delta,0.5423980398436348
Manachanallur,144,V.M. SELVARAJ,IND,577,79.63,GEN,Delta,0.2933117797467453
Manachanallur,144,P. RAJARAM,IND,482,79.63,GEN,Delta,0.245019545646328
Manachanallur,144,V. INDIRANI,BSP,451,79.63,GEN,Delta,0.22926102715040234
Manachanallur,144,C. ARULMANI,Akila India Vallalar Peravai,379,79.63,GEN,Delta,0.1926605970953492
Manachanallur,144,T. RENGARAJ,Tamil Nadu Ilangyar Katchi,240,79.63,GEN,Delta,0.12200143351684384
Manachanallur,144,K.R.ELAIYARAJA,IND,237,79.63,GEN,Delta,0.12047641559788327
Manachanallur,144,V. RAJU,IND,231,79.63,GEN,Delta,0.11742637975996217
Manachanallur,144,V. GOPALAKRISHNAN,IND,206,79.63,GEN,Delta,0.10471789710195761
Manachanallur,144,P. NEELAMEGAM,IND,192,79.63,GEN,Delta,0.09760114681347506
Manachanallur,144,S. PUGAZHENTHI,IND,168,79.63,GEN,Delta,0.08540100346179068
Manachanallur,144,R. SUDHA,IND,161,79.63,GEN,Delta,0.08184262831754939
Manachanallur,144,M. DHINAKARAN,Puthiya Tamilagam,158,79.63,GEN,Delta,0.08031761039858885
Manachanallur,144,R. RAJASEHAR,IND,137,79.63,GEN,Delta,0.06964248496586502
Manachanallur,144,P. JAGADEESAN,My India Party,112,79.63,GEN,Delta,0.05693400230786046
Manachanallur,144,K. RAJINIKANTH,IND,110,79.63,GEN,Delta,0.05591732369522009
Manachanallur,144,P. RAMALINGAM,IND,109,79.63,GEN,Delta,0.05540898438889991
Manachanallur,144,K. GURUNATHAN,Samaniya Makkal Nala Katchi,103,79.63,GEN,Delta,0.05235894855097881
Manachanallur,144,V. MUTHUSAMY,IND,100,79.63,GEN,Delta,0.05083393063201826
Manachanallur,144,S. ROHINI,Makkal Munnetra Peravai,91,79.63,GEN,Delta,0.04625887687513661
Manachanallur,144,N. MOHAN,IND,91,79.63,GEN,Delta,0.04625887687513661
Manachanallur,144,K. MANIMARABOOPATHI,IND,61,79.63,GEN,Delta,0.031008697685531137
Manachanallur,144,S. MANOJ KUMAR,IND,55,79.63,GEN,Delta,0.027958661847610044
Manachanallur,144,A.C. MANOHARAN,IND,43,79.63,GEN,Delta,0.02185859017176785
Manachanallur,144,P. MACHAVALLAVAN,IND,38,79.63,GEN,Delta,0.01931689364016694
Musiri,145,N. THIYAGARAJAN,DMK,90624,75.98,GEN,Delta,50.42903408901205
Musiri,145,M. SELVARASU,AIADMK,63788,75.98,GEN,Delta,35.49575417626568
Musiri,145,SRIDEVI ILANGOVAN,NTK,14311,75.98,GEN,Delta,7.963562707978587
Musiri,145,KUMAR.K.S,DMDK,3182,75.98,GEN,Delta,1.770669871901884
Musiri,145,S. GOKUL,MNM,2499,75.98,GEN,Delta,1.3906046542686388
Musiri,145,NONE OF THE ABOVE,NOTA,1092,75.98,GEN,Delta,0.6076591766552034
Musiri,145,N. SIVAKUMAR,IND,513,75.98,GEN,Delta,0.2854662615605489
Musiri,145,T. SENTHIL KUMAR,IND,497,75.98,GEN,Delta,0.27656283040076574
Musiri,145,T. PERIYATHAMBI,IND,463,75.98,GEN,Delta,0.2576430391862264
Musiri,145,V. BERNARDSHAW,BSP,458,75.98,GEN,Delta,0.25486071694879414
Musiri,145,SHANMUGAM,IND,363,75.98,GEN,Delta,0.2019965944375814
Musiri,145,N. SAMINATHAN,IND,317,75.98,GEN,Delta,0.17639922985320466
Musiri,145,R. MICHAEL,IND,297,75.98,GEN,Delta,0.16526994090347566
Musiri,145,GAUTHAM. S,RSPS,253,75.98,GEN,Delta,0.14078550521407188
Musiri,145,DEVANUR KARTHICK,IND,227,75.98,GEN,Delta,0.12631742957942416
Musiri,145,"A.CHANDRAN. M.SC.,",IND,175,75.98,GEN,Delta,0.09738127831012877
Musiri,145,V. NATARAJAN,IND,164,75.98,GEN,Delta,0.09126016938777781
Musiri,145,"P. LOGANATHAN. M.SC.,",IND,161,75.98,GEN,Delta,0.08959077604531847
Musiri,145,D. DHARMALINGAM,Samaniya Makkal Nala Katchi,110,75.98,GEN,Delta,0.061211089223509506
Musiri,145,N. ARAVAN,IND,108,75.98,GEN,Delta,0.06009816032853661
Musiri,145,R. ANANDHAN,IND,104,75.98,GEN,Delta,0.057872302538590804
Thuraiyur,146,S.STALINKUMAR,DMK,87786,76.63,SC,Delta,49.913575473629145
Thuraiyur,146,T.INDRAGANDHI,AIADMK,65715,76.63,SC,Delta,37.364393095135206
Thuraiyur,146,R.TAMILZHSELVI,NTK,13158,76.63,SC,Delta,7.48140735518206
Thuraiyur,146,T.N. YUVARAJAN,MNM,2528,76.63,SC,Delta,1.437376333325752
Thuraiyur,146,K.SUBRAMANIAN,AMMK,2435,76.63,SC,Delta,1.3844981691646387
Thuraiyur,146,NONE OF THE ABOVE,NOTA,1594,76.63,SC,Delta,0.9063203620732788
Thuraiyur,146,S.ESWARAMOORTHY,BSP,867,76.63,SC,Delta,0.4929609497600582
Thuraiyur,146,K.GUNASEKARAN,Puthiya Tamilagam,541,76.63,SC,Delta,0.3076030839909937
Thuraiyur,146,S.KARUPPIAH,IND,320,76.63,SC,Delta,0.18194637130705726
Thuraiyur,146,SRINIVASAN J,IND,317,76.63,SC,Delta,0.18024062407605357
Thuraiyur,146,K.SUNDARRAJ,IND,230,76.63,SC,Delta,0.1307739543769474
Thuraiyur,146,K.JAYAKKANNAN,Tamizhaga Murpokku Makkal Katchi,166,76.63,SC,Delta,0.09438468011553594
Thuraiyur,146,A.SEERANGAN,IND,119,76.63,SC,Delta,0.06766130682981192
Thuraiyur,146,M.MALARMANNAN,Samaniya Makkal Nala Katchi,100,76.63,SC,Delta,0.05685824103345539
Perambalur,147,"PRABHAHARAN, M.",DMK,122090,78.2,SC,Central,50.86532292334998
Perambalur,147,"THAMIZHSELVAN, R.",AIADMK,91056,78.2,SC,Central,37.93589027855316
Perambalur,147,"MAHESHWARI, M.",NTK,18673,78.2,SC,Central,7.779573879496388
Perambalur,147,"RAJENDRAN, K.",DMDK,2932,78.2,SC,Central,1.2215343337805071
Perambalur,147,NONE OF THE ABOVE,NOTA,1884,78.2,SC,Central,0.7849149675451826
Perambalur,147,"SASIKALA, M.",IJK,1080,78.2,SC,Central,0.4499512552806779
Perambalur,147,"RADHIKA, T.",Puthiya Tamilagam,1003,78.2,SC,Central,0.4178713972652962
Perambalur,147,"RAJENDRAN, K.",BSP,520,78.2,SC,Central,0.21664319698699308
Perambalur,147,"GUNASEKARAN, A.",NCP,409,78.2,SC,Central,0.17039820686092338
Perambalur,147,"SATHISH, S.",IND,379,78.2,SC,Central,0.15789956088090457
Kunnam,148,"SIVASANKAR, S.S.",DMK,103922,80.05,GEN,Central,47.26326752441115
Kunnam,148,"RAMACHANDRAN, R.T.",AIADMK,97593,80.05,GEN,Central,44.38486622187658
Kunnam,148,"ARUL, P.",NTK,9354,80.05,GEN,Central,4.254157968700968
Kunnam,148,"KAARTHIKEYAN, S.",AMMK,2118,80.05,GEN,Central,0.9632570641125345
Kunnam,148,"SELVARAJU, R.",IND,977,80.05,GEN,Central,0.4443352935023354
Kunnam,148,"BALAMURUGAN, S.",IND,934,80.05,GEN,Central,0.42477908304112716
Kunnam,148,NONE OF THE ABOVE,NOTA,753,80.05,GEN,Central,0.3424610808672042
Kunnam,148,"SATHIK BASHA, A.S.",MNM,739,80.05,GEN,Central,0.3360939425775085
Kunnam,148,"PRAKASH, M.R.",IND,604,80.05,GEN,Central,0.27469653764115715
Kunnam,148,"PANDIYAN, S.",BSP,494,80.05,GEN,Central,0.22466902250783388
Kunnam,148,"VINOTHKUMAR, M.",IND,451,80.05,GEN,Central,0.20511281204662565
Kunnam,148,"PUGALENTHI, DR.S.",IND,366,80.05,GEN,Central,0.16645518671633033
Kunnam,148,"GOWTHAMAN, V.",IND,336,80.05,GEN,Central,0.1528113189526967
Kunnam,148,"SURESHKUMAR, S.",IND,269,80.05,GEN,Central,0.1223400142805816
Kunnam,148,"RAVANAN, M.",New Generation People’s Party,187,80.05,GEN,Central,0.08504677572664966
Kunnam,148,"SELVAM, J.",IND,174,80.05,GEN,Central,0.07913443302907508
Kunnam,148,"MANIKANDAN, K.",IND,152,80.05,GEN,Central,0.06912893000241042
Kunnam,148,"ARUL, G.",IND,123,80.05,GEN,Central,0.05593985783089791
Kunnam,148,KALAIYARASI SARAVANAN,IND,90,80.05,GEN,Central,0.040931603290900904
Kunnam,148,"MATHIYAZHAGAN, S.",IND,87,80.05,GEN,Central,0.03956721651453754
Kunnam,148,"KALAISELVI, J.",IND,68,80.05,GEN,Central,0.030926100264236235
Kunnam,148,"KATHIRAVAN, C.",IND,48,80.05,GEN,Central,0.021830188421813817
Kunnam,148,"MUTHAMILSELVAN, D.",IND,40,80.05,GEN,Central,0.018191823684844847
Ariyalur,149,CHINNAPPA K,DMK,103975,84.54,GEN,Central,46.164946164946166
Ariyalur,149,RAJENDRAN S,AIADMK,100741,84.54,GEN,Central,44.729048729048735
Ariyalur,149,SUGUNA KUMAR,NTK,12346,84.54,GEN,Central,5.481629481629482
Ariyalur,149,DURAI.MANIVEL,AMMK,2044,84.54,GEN,Central,0.9075369075369075
Ariyalur,149,NONE OF THE ABOVE,NOTA,1386,84.54,GEN,Central,0.6153846153846154
Ariyalur,149,THANGA. SHANMUGA SUNDARAM,New Generation People’s Party,1037,84.54,GEN,Central,0.4604284604284604
Ariyalur,149,JAWAHAR P,IJK,905,84.54,GEN,Central,0.4018204018204018
Ariyalur,149,RAMESH K,IND,767,84.54,GEN,Central,0.34054834054834054
Ariyalur,149,RAVICHANDRAN S,IND,632,84.54,GEN,Central,0.2806082806082806
Ariyalur,149,MANIKANNAN M,IND,540,84.54,GEN,Central,0.23976023976023975
Ariyalur,149,SAVARIANANDHAM V,BSP,486,84.54,GEN,Central,0.21578421578421578
Ariyalur,149,SIVATHASAN V,IND,159,84.54,GEN,Central,0.07059607059607059
Ariyalur,149,DEVA P,IND,133,84.54,GEN,Central,0.059052059052059055
Ariyalur,149,KUMAR J,IND,74,84.54,GEN,Central,0.032856032856032856
Jayankondam,150,KANNAN KA SO KA,DMK,99529,80.38,GEN,Central,45.99987059084523
Jayankondam,150,BALU K,PMK,94077,80.38,GEN,Central,43.480089477187015
Jayankondam,150,MAHALINGAM NEELA,NTK,9956,80.38,GEN,Central,4.601419803298085
Jayankondam,150,SORNALATHA @ LATHA G,IJK,4700,80.38,GEN,Central,2.172225097981217
Jayankondam,150,NONE OF THE ABOVE,NOTA,1861,80.38,GEN,Central,0.8601087036900096
Jayankondam,150,SIVA J K,AMMK,1560,80.38,GEN,Central,0.7209938623086594
Jayankondam,150,KESAVARAJAN V K,IND,1546,80.38,GEN,Central,0.7145234045699919
Jayankondam,150,RAJKUMAR S,IND,947,80.38,GEN,Central,0.4376802484655772
Jayankondam,150,NEELAMEGAM K,BSP,605,80.38,GEN,Central,0.2796162094209865
Jayankondam,150,NATARAJAN A,Anna Dravidar Kazhagam,418,80.38,GEN,Central,0.19318938105449976
Jayankondam,150,SATHISHKUMAR R,IND,349,80.38,GEN,Central,0.16129926791392443
Jayankondam,150,SAMUVEL MARTIN A,IND,312,80.38,GEN,Central,0.14419877246173188
Jayankondam,150,SEDHURAMAN R,IND,258,80.38,GEN,Central,0.11924129261258597
Jayankondam,150,SUDARVIZHI K,IND,250,80.38,GEN,Central,0.11554388819049027
Tittakudi,151,"GANESAN,  C.V.",DMK,83726,76.3,SC,Central,49.78238120154117
Tittakudi,151,"PERIYASAMY,  D.",BJP,62163,76.3,SC,Central,36.961304285782234
Tittakudi,151,"KAMATCHI,  N.",NTK,10591,76.3,SC,Central,6.297269657042287
Tittakudi,151,"UMANATH,  R.",DMDK,4142,76.3,SC,Central,2.4627788612472052
Tittakudi,151,"PRABAKARAN,  R.",MNM,1745,76.3,SC,Central,1.037554107406174
Tittakudi,151,"NATARAJAN,  M.",IND,1063,76.3,SC,Central,0.6320458545402654
Tittakudi,151,NONE OF THE ABOVE,NOTA,999,76.3,SC,Central,0.5939922941540218
Tittakudi,151,"KARUPPAN,  M.",IND,944,76.3,SC,Central,0.5612900156970937
Tittakudi,151,"AYYASAMY,  S.",IND,724,76.3,SC,Central,0.4304809018693812
Tittakudi,151,"PALANIAMMAL,  P.",IND,601,76.3,SC,Central,0.35734671550206915
Tittakudi,151,"RAVICHANDRAN,  P.",BSP,559,76.3,SC,Central,0.3323740664985968
Tittakudi,151,"SUMATHI,  S.",IND,238,76.3,SC,Central,0.1415116776863435
Tittakudi,151,"ARULDOSS,  E.",Desiya Makkal Sakthi Katchi,221,76.3,SC,Central,0.13140370070874757
Tittakudi,151,"SEENUVASAN,  C.",IND,197,76.3,SC,Central,0.1171336155639062
Tittakudi,151,"KAMARAJ,  K.",IND,141,76.3,SC,Central,0.08383675022594302
Tittakudi,151,"KOLANJINATHAN,  V.",IND,130,76.3,SC,Central,0.0772962945345574
Vriddhachalam,152,RADHAKRISHNAN,INC,77064,77.02,GEN,Central,39.17167342706395
Vriddhachalam,152,KARTHIKEYAN. J,PMK,76202,77.02,GEN,Central,38.73351835473279
Vriddhachalam,152,PREMALATHA VIJAYAKANT,DMDK,25908,77.02,GEN,Central,13.169050596236541
Vriddhachalam,152,N. AMUTHA,NTK,8642,77.02,GEN,Central,4.392733335366535
Vriddhachalam,152,R. KESAVAPERUMAL,Tamil Nadu Ilangyar Katchi,891,77.02,GEN,Central,0.45289578822165966
Vriddhachalam,152,STALIN,IND,862,77.02,GEN,Central,0.4381550723311679
Vriddhachalam,152,R. PARTHASARATHI,IJK,841,77.02,GEN,Central,0.4274807608242602
Vriddhachalam,152,NONE OF THE ABOVE,NOTA,761,77.02,GEN,Central,0.3868167169884209
Vriddhachalam,152,S. MURUGANANTHAM,IND,527,77.02,GEN,Central,0.2678743887685911
Vriddhachalam,152,PERUMAL,IND,485,77.02,GEN,Central,0.24652576575477547
Vriddhachalam,152,A. AYYASAMY,BSP,468,77.02,GEN,Central,0.23788465643965964
Vriddhachalam,152,B. ARASI,RJD,405,77.02,GEN,Central,0.20586172191893623
Vriddhachalam,152,R. SARAVANAN,IND,398,77.02,GEN,Central,0.20230361808330027
Vriddhachalam,152,G. PICHAMUTHU,Desiya Sirupanmayinar Makkal Iyakkam,323,77.02,GEN,Central,0.164181076987201
Vriddhachalam,152,M. ANWAR BASHA,IND,300,77.02,GEN,Central,0.1524901643843972
Vriddhachalam,152,SATHIYANATHAN,Anaithu Makkal Puratchi Katchi,273,77.02,GEN,Central,0.13876604958980146
Vriddhachalam,152,K.P.SENTHILMURUGAN,IND,270,77.02,GEN,Central,0.1372411479459575
Vriddhachalam,152,C. DHANASEKAR,IND,268,77.02,GEN,Central,0.1362245468500615
Vriddhachalam,152,M. SATHIYASEELAN,IND,261,77.02,GEN,Central,0.13266644301442557
Vriddhachalam,152,S. SADHASIVAM,IND,246,77.02,GEN,Central,0.12504193479520573
Vriddhachalam,152,N. RADHIKA,IND,194,77.02,GEN,Central,0.0986103063019102
Vriddhachalam,152,SIVASANKAR,New Generation People’s Party,179,77.02,GEN,Central,0.09098579808269033
Vriddhachalam,152,S. MAHAVEER CHAND,IND,175,77.02,GEN,Central,0.08895259589089838
Vriddhachalam,152,K. RAVICHANDIRAN,IND,156,77.02,GEN,Central,0.07929488547988656
Vriddhachalam,152,T. VEERAMANI,IND,148,77.02,GEN,Central,0.07522848109630262
Vriddhachalam,152,RAMADOSS  S,IND,115,77.02,GEN,Central,0.058454563014018926
Vriddhachalam,152,A. MANIKANDAN,IND,109,77.02,GEN,Central,0.055404759726330986
Vriddhachalam,152,S. RADHAKRISHNAN,IND,103,77.02,GEN,Central,0.05235495643864304
Vriddhachalam,152,S. ARULJOTHI,IND,86,77.02,GEN,Central,0.0437138471235272
Vriddhachalam,152,P. RAMASAMY,IND,74,77.02,GEN,Central,0.03761424054815131
Neyveli,153,SABA.RAJENDRAN,DMK,75177,74.25,GEN,Central,45.80332663132882
Neyveli,153,JAGAN.K,PMK,74200,74.25,GEN,Central,45.20806677633583
Neyveli,153,RAMESH.K,NTK,7785,74.25,GEN,Central,4.743191372692378
Neyveli,153,BAKTHARATCHAGAN.R,AMMK,2230,74.25,GEN,Central,1.3586790958386643
Neyveli,153,NONE OF THE ABOVE,NOTA,1171,74.25,GEN,Central,0.7134588435995858
Neyveli,153,ILANGOVAN.R,IJK,1011,74.25,GEN,Central,0.6159751416560044
Neyveli,153,RAJENDRAN .B,IND,556,74.25,GEN,Central,0.33875586425394505
Neyveli,153,VADUGANATHAN.R,IND,519,74.25,GEN,Central,0.31621275817949185
Neyveli,153,KANAGARAJI.C,BSP,455,74.25,GEN,Central,0.2772192774020593
Neyveli,153,DHILIBAN.U,IND,392,74.25,GEN,Central,0.2388350697617742
Neyveli,153,DHANASEKARAN.S,IND,334,74.25,GEN,Central,0.203497227807226
Neyveli,153,DHURGA.K,IND,209,74.25,GEN,Central,0.12733808566380309
Neyveli,153,BOOBALAN.E,IND,91,74.25,GEN,Central,0.05544385548041186
Panruti,154,VELMURUGAN.T,DMK,93801,79.6,GEN,Central,47.602880501804115
Panruti,154,RAJENDRAN.R,AIADMK,89104,79.6,GEN,Central,45.21920943521663
Panruti,154,SUBHASHINI.R,NTK,6547,79.6,GEN,Central,3.322523839248106
Panruti,154,SIVAKOZHUNDU.P,DMDK,3362,79.6,GEN,Central,1.7061746063161953
Panruti,154,JAYLANI,MNM,1670,79.6,GEN,Central,0.8475049353206563
Panruti,154,NONE OF THE ABOVE,NOTA,1323,79.6,GEN,Central,0.6714066044486396
Panruti,154,VELMURUGAN.K,IND,418,79.6,GEN,Central,0.21212997782277507
Panruti,154,ARULKUMAR.R,IND,159,79.6,GEN,Central,0.08069058965029002
Panruti,154,VELMURUGAN.R,IND,152,79.6,GEN,Central,0.07713817375373638
Panruti,154,PRAKASH.R,IND,125,79.6,GEN,Central,0.06343599815274374
Panruti,154,SUMATHI.V,IND,116,79.6,GEN,Central,0.05886860628574618
Panruti,154,KAMADEVAN.S,IND,69,79.6,GEN,Central,0.035016670980314545
Panruti,154,KRISHNARAJ.S,IND,68,79.6,GEN,Central,0.03450918299509259
Panruti,154,KUMAR.D,IND,48,79.6,GEN,Central,0.024359423290653593
Panruti,154,NAGAMANI.M,IND,45,79.6,GEN,Central,0.022836959334987743
Panruti,154,GOVINDASAMY.S,IND,42,79.6,GEN,Central,0.021314495379321896
Cuddalore,155,G.IYAPPAN,DMK,84563,74.77,GEN,Central,46.462931522354275
Cuddalore,155,M.C.SAMPATH,AIADMK,79412,74.77,GEN,Central,43.63272729270719
Cuddalore,155,JALADEEPAN.V,NTK,9563,74.77,GEN,Central,5.2543667342487135
Cuddalore,155,K.ANANDRAJ,MNM,4040,74.77,GEN,Central,2.2197680232526196
Cuddalore,155,A.GNANAPANDITHAN,DMDK,1499,74.77,GEN,Central,0.8236218482316031
Cuddalore,155,NONE OF THE ABOVE,NOTA,1236,74.77,GEN,Central,0.6791171477079796
Cuddalore,155,S.PUSHBARAJ,Tamil Nadu Ilangyar Katchi,617,74.77,GEN,Central,0.33900912632348174
Cuddalore,155,J.JACOB,IND,307,74.77,GEN,Central,0.16868039186597875
Cuddalore,155,S.DEENADHAYALAN,IND,291,74.77,GEN,Central,0.15988923137784958
Cuddalore,155,V. DAKSHNAMOORTHY,IND,185,74.77,GEN,Central,0.1016477931439937
Cuddalore,155,R.VALLAL KUMAR,BSP,79,74.77,GEN,Central,0.043406354910137855
Cuddalore,155,S.V.RAJARAJAN,Desiya Makkal Sakthi Katchi,74,74.77,GEN,Central,0.04065911725759749
Cuddalore,155,S.SAMPATH,IND,46,74.77,GEN,Central,0.02527458640337141
Cuddalore,155,K.THANGARASU,IND,31,74.77,GEN,Central,0.017032873445750298
Cuddalore,155,A.MOHAMED USMAN,Anna Puratchi Thalaivar Amma Dravida Munnetra Kazhagam,29,74.77,GEN,Central,0.01593397838473415
Cuddalore,155,G.KRISHNAN,IND,29,74.77,GEN,Central,0.01593397838473415
Kurinjipadi,156,M.R.K.PANNEERSELVAM,DMK,101456,82.06,GEN,Central,51.03908321217823
Kurinjipadi,156,SELVI RAMAJAYAM,AIADMK,83929,82.06,GEN,Central,42.22184212776875
Kurinjipadi,156,S.SUMATHI,NTK,8512,82.06,GEN,Central,4.282099395817507
Kurinjipadi,156,NONE OF THE ABOVE,NOTA,1212,82.06,GEN,Central,0.6097162203631131
Kurinjipadi,156,K.CHANDRAMOULI,JD(S),1189,82.06,GEN,Central,0.5981456980294898
Kurinjipadi,156,A.VASANTHAKUMAR,AMMK,837,82.06,GEN,Central,0.42106639970620935
Kurinjipadi,156,R.RAJESH,IND,515,82.06,GEN,Central,0.25907908703548127
Kurinjipadi,156,T.VELAYUDHAM,BSP,482,82.06,GEN,Central,0.24247790281767373
Kurinjipadi,156,R.SARATHKUMAR,IND,154,82.06,GEN,Central,0.07747219301643517
Kurinjipadi,156,R.MUTHUKRISHNAN,Anna Dravidar Kazhagam,140,82.06,GEN,Central,0.07042926637857744
Kurinjipadi,156,L.MADHIYAZHAGAN,IND,139,82.06,GEN,Central,0.06992620019015902
Kurinjipadi,156,N.MUTHAZHAGAN,IND,124,82.06,GEN,Central,0.06238020736388287
Kurinjipadi,156,BRIJITA ROSLENE,IND,92,82.06,GEN,Central,0.04628208933449374
Bhuvanagiri,157,ARUNMOZHITHEVAN. A,AIADMK,96453,78.57,GEN,Central,48.919940151649634
Bhuvanagiri,157,SARAVANAN. DURAI.K,DMK,88194,78.57,GEN,Central,44.731062815408414
Bhuvanagiri,157,RATHINAVEL. R.,NTK,6958,78.57,GEN,Central,3.5290239139806756
Bhuvanagiri,157,BALAMURUGAN. K.S.K,AMMK,2470,78.57,GEN,Central,1.2527578424162502
Bhuvanagiri,157,NONE OF THE ABOVE,NOTA,1058,78.57,GEN,Central,0.5366063956584587
Bhuvanagiri,157,EZHILVENDHAN. R,BSP,504,78.57,GEN,Central,0.2556234625821013
Bhuvanagiri,157,RANJITH. R,IND,333,78.57,GEN,Central,0.16889407349174548
Bhuvanagiri,157,REVATHI. R.,IJK,315,78.57,GEN,Central,0.15976466411381332
Bhuvanagiri,157,SARAVANAN. J.,IND,196,78.57,GEN,Central,0.09940912433748383
Bhuvanagiri,157,JEYAKUMAR. K,IND,184,78.57,GEN,Central,0.09332285141886237
Bhuvanagiri,157,PAZHANIVEL. M,IND,142,78.57,GEN,Central,0.07202089620368726
Bhuvanagiri,157,BALAMURUGAN. G.C,IND,133,78.57,GEN,Central,0.06745619151472118
Bhuvanagiri,157,ANANDAN. S (A) KAVIGNAR SELLA AANANTHAMAALAI,IND,102,78.57,GEN,Central,0.051733319808282406
Bhuvanagiri,157,SIVAKUMARI. T,IND,68,78.57,GEN,Central,0.034488879872188266
Bhuvanagiri,157,EZHILVENDAN. P.,IND,55,78.57,GEN,Central,0.027895417543681685
Chidambaram,158,K.A. PANDIAN,AIADMK,91961,71.93,GEN,Central,50.15543871896679
Chidambaram,158,S. ABDUL RAHMAN,IUML,75024,71.93,GEN,Central,40.91801562022776
Chidambaram,158,NATARAJAN KRISHNAMOORTHY,NTK,9071,71.93,GEN,Central,4.947314455255465
Chidambaram,158,G. DEVASAGAYAM,MNM,2953,71.93,GEN,Central,1.6105632881015752
Chidambaram,158,M. NANTHINIDEVI,AMMK,1388,71.93,GEN,Central,0.7570138313189929
Chidambaram,158,NONE OF THE ABOVE,NOTA,1202,71.93,GEN,Central,0.6555696147301365
Chidambaram,158,D. CHANDRA PRABU,BSP,478,71.93,GEN,Central,0.26070072865308264
Chidambaram,158,S. BALAMURUGAN,IND,337,71.93,GEN,Central,0.1837994676905624
Chidambaram,158,K. UDAYA SELVAN,Anaithu Makkal Puratchi Katchi,305,71.93,GEN,Central,0.16634669924516776
Chidambaram,158,C. VINOBA,IND,245,71.93,GEN,Central,0.13362275841005278
Chidambaram,158,B. NARAYANAMOORTHY,IND,242,71.93,GEN,Central,0.13198656136829703
Chidambaram,158,M. RAGHUNATHAN,Ilantamilar Munnani Kazhagam,146,71.93,GEN,Central,0.07962825603211308
Kattumannarkoil,159,SINTHANAI SELVAN,VCK,86056,75.87,SC,Central,49.01772033652121
Kattumannarkoil,159,N. MURUGUMARAN,AIADMK,75491,75.87,SC,Central,42.999868991404696
Kattumannarkoil,159,P. NIVEDHA,NTK,6806,75.87,SC,Central,3.8767152157939404
Kattumannarkoil,159,S. NARAYANAMOORTHY,AMMK,1904,75.87,SC,Central,1.0845233280740028
Kattumannarkoil,159,THANGA VIKRAM,MNM,1415,75.87,SC,Central,0.8059876624079378
Kattumannarkoil,159,A. ANANDAN,IND,991,75.87,SC,Central,0.5644761649796937
Kattumannarkoil,159,NONE OF THE ABOVE,NOTA,648,75.87,SC,Central,0.3691024772016564
Kattumannarkoil,159,M.G. KALYANASUNDARAM,All India Jananayaka Makkal Kazhagam,460,75.87,SC,Central,0.2620171906061141
Kattumannarkoil,159,THANGA UDHAYAKUMAR,BSP,429,75.87,SC,Central,0.24435951036961512
Kattumannarkoil,159,M.A.T. ARCHUNAN,IND,421,75.87,SC,Central,0.23980268966342183
Kattumannarkoil,159,P.M. KUMAR,IND,363,75.87,SC,Central,0.2067657395435205
Kattumannarkoil,159,MATHIAZHAGAN,IND,227,75.87,SC,Central,0.12929978753823457
Kattumannarkoil,159,S.TAMILSELVAN,IND,216,75.87,SC,Central,0.1230341590672188
Kattumannarkoil,159,M. THIRUNAVUKARASU,Anna Puratchi Thalaivar Amma Dravida Munnetra Kazhagam,134,75.87,SC,Central,0.0763267468287376
Sirkali,160,PANNEERSELVAM,DMK,94057,74.91,SC,Delta,49.16085195348229
Sirkali,160,P.V.BHARATHI,AIADMK,81909,74.91,SC,Delta,42.81144649157193
Sirkali,160,KAVITHA,NTK,11013,74.91,SC,Delta,5.756174049392395
Sirkali,160,BALU,AMMK,1308,74.91,SC,Delta,0.6836534692277538
Sirkali,160,PRABU,MNM,1000,74.91,SC,Delta,0.5226708480334509
Sirkali,160,NONE OF THE ABOVE,NOTA,977,74.91,SC,Delta,0.5106494185286816
Sirkali,160,SRITHAR,BSP,495,74.91,SC,Delta,0.2587220697765582
Sirkali,160,BARATHI,IND,288,74.91,SC,Delta,0.15052920423363386
Sirkali,160,SILAMBARASAN,IND,122,74.91,SC,Delta,0.06376584346008102
Sirkali,160,KAMBAN,Anaithu Makkal Arasiyal Katchi,79,74.91,SC,Delta,0.04129099699464262
Sirkali,160,ANUSUYA,IND,77,74.91,SC,Delta,0.04024565529857572
Mayiladuthurai,161,RAJAKUMAR.S,INC,73642,70.14,GEN,Delta,42.16788822721026
Mayiladuthurai,161,PALANISAMY.A,PMK,70900,70.14,GEN,Delta,40.59780119102153
Mayiladuthurai,161,KASIRAMAN.K,NTK,13186,70.14,GEN,Delta,7.55038937242327
Mayiladuthurai,161,ANBARASAN KOMAL R K,AMMK,7282,70.14,GEN,Delta,4.169720568025652
Mayiladuthurai,161,RAVICHANDRAN.N,MNM,5933,70.14,GEN,Delta,3.397274393037105
Mayiladuthurai,161,NONE OF THE ABOVE,NOTA,1067,70.14,GEN,Delta,0.6109711406321575
Mayiladuthurai,161,RAJKUMAR.S,Tamil Nadu Ilangyar Katchi,651,70.14,GEN,Delta,0.3727668346312414
Mayiladuthurai,161,SHAMSUDEEN.N,BSP,526,70.14,GEN,Delta,0.30119102153000454
Mayiladuthurai,161,RAJENDRAN.M,IND,356,70.14,GEN,Delta,0.20384791571232247
Mayiladuthurai,161,NIRANJAN.R,IND,243,70.14,GEN,Delta,0.13914338066880438
Mayiladuthurai,161,MANIMARAN.T,IND,208,70.14,GEN,Delta,0.11910215300045808
Mayiladuthurai,161,GANESAN.S,IND,185,70.14,GEN,Delta,0.1059322033898305
Mayiladuthurai,161,BABUSANKAR.R,IND,168,70.14,GEN,Delta,0.0961978928080623
Mayiladuthurai,161,LOGA.SAMPATH,IND,155,70.14,GEN,Delta,0.08875400824553366
Mayiladuthurai,161,THIMOTHY.T,IND,138,70.14,GEN,Delta,0.07901969766376546
Poompuhar,162,NIVEDHA M. MURUGAN,DMK,96102,75.19,GEN,Delta,46.23889760294075
Poompuhar,162,S.PAVUNRAJ,AIADMK,92803,75.19,GEN,Delta,44.651603652845004
Poompuhar,162,P. KALIYAMMAL,NTK,14823,75.19,GEN,Delta,7.131997036153158
Poompuhar,162,S.SENTHAMIZHAN,AMMK,1220,75.19,GEN,Delta,0.5869956408356508
Poompuhar,162,M.H.MEHARAJDEEN,MNM,950,75.19,GEN,Delta,0.4570867695031708
Poompuhar,162,NONE OF THE ABOVE,NOTA,733,75.19,GEN,Delta,0.3526785284692886
Poompuhar,162,T. ILANCHEZHIAN,BSP,500,75.19,GEN,Delta,0.24057198394903723
Poompuhar,162,S.PANDIYARAJAN,IND,343,75.19,GEN,Delta,0.16503238098903955
Poompuhar,162,S.MURUGAN,IND,262,75.19,GEN,Delta,0.12605971958929552
Poompuhar,162,A. KALAIVANAN,IND,102,75.19,GEN,Delta,0.04907668472560359
Nagapattinam,163,J. MOHAMED SHANAVAS,VCK,66281,71.97,GEN,Delta,46.169545834494286
Nagapattinam,163,THANKA.KATHIRAVAN,AIADMK,59043,71.97,GEN,Delta,41.127751462803005
Nagapattinam,163,S.AUGUSTINE ARPUTHARAJ,NTK,9976,71.97,GEN,Delta,6.949010866536639
Nagapattinam,163,C.MANJULA,AMMK,3503,71.97,GEN,Delta,2.440094733909167
Nagapattinam,163,SYED ANAS MOHIDEEN SAHIP,MNM,2540,71.97,GEN,Delta,1.7692950682641404
Nagapattinam,163,NONE OF THE ABOVE,NOTA,895,71.97,GEN,Delta,0.623432711061577
Nagapattinam,163,MAYILARASI,Naadaalum Makkal Katchi,256,71.97,GEN,Delta,0.17832265254945667
Nagapattinam,163,V. MANIKANDAN,IND,252,71.97,GEN,Delta,0.1755363611033714
Nagapattinam,163,V. CANAGARADJOU,IND,209,71.97,GEN,Delta,0.14558372805795486
Nagapattinam,163,N P BHASHGARAN,IND,184,71.97,GEN,Delta,0.12816940651992198
Nagapattinam,163,DURAI. SELVAKUMAR,IND,113,71.97,GEN,Delta,0.07871273335190862
Nagapattinam,163,T. SINGARAVADIVELAN,SHS,105,71.97,GEN,Delta,0.0731401504597381
Nagapattinam,163,S. PREM,IND,105,71.97,GEN,Delta,0.0731401504597381
Nagapattinam,163,J.V. DURAI,Makkalatchi Katchi,98,71.97,GEN,Delta,0.06826414042908889
Kilvelur,164,NAGAIMAALI V P,CPI(M),67988,79.43,SC,Delta,47.545718381761596
Kilvelur,164,VADIVEL RAVANAN  S,PMK,51003,79.43,SC,Delta,35.66768068813595
Kilvelur,164,PONELAVAZHAKI  S,NTK,15173,79.43,SC,Delta,10.610860519598587
Kilvelur,164,SIDHU G,MNM,2906,79.43,SC,Delta,2.03223888947166
Kilvelur,164,NEETHIMOHAN M,AMMK,2503,79.43,SC,Delta,1.750410853526347
Kilvelur,164,NONE OF THE ABOVE,NOTA,897,79.43,SC,Delta,0.6272946606524703
Kilvelur,164,TAMILARASAN U,BSP,641,79.43,SC,Delta,0.44826742193783004
Kilvelur,164,KALAISELVAN G,IND,615,79.43,SC,Delta,0.43008496800587437
Kilvelur,164,MUTHALAGAN S,Puthiya Tamilagam,614,79.43,SC,Delta,0.4293856428546453
Kilvelur,164,VEDHA MUKUNDHAN,IND,482,79.43,SC,Delta,0.3370747228924088
Kilvelur,164,MARUTHAIYAN G,IND,173,79.43,SC,Delta,0.12098325116262808
Vedaranyam,165,O.S.MANIAN,AIADMK,78719,80.6,GEN,Delta,49.80323927622422
Vedaranyam,165,S.K.VETHARATHINAM,DMK,66390,80.6,GEN,Delta,42.003036821460206
Vedaranyam,165,K.RAJENDRAN,NTK,9106,80.6,GEN,Delta,5.761103378463874
Vedaranyam,165,P.S.ARUMUGAM,AMMK,1284,80.6,GEN,Delta,0.8123497406048336
Vedaranyam,165,NONE OF THE ABOVE,NOTA,673,80.6,GEN,Delta,0.42578767556624064
Vedaranyam,165,R.PANNEERSELVAM,BSP,460,80.6,GEN,Delta,0.2910287232696444
Vedaranyam,165,MOHAMED ALI,MNM,437,80.6,GEN,Delta,0.2764772871061622
Vedaranyam,165,P.V.THEENATHAYALAN,IND,319,80.6,GEN,Delta,0.20182209287612302
Vedaranyam,165,V.VEERAKUMAR,IND,297,80.6,GEN,Delta,0.18790332785018346
Vedaranyam,165,R.KATHIRVEL,IND,143,80.6,GEN,Delta,0.09047197266860685
Vedaranyam,165,DR.T.SUNDARAVADIVELAN,SHS,91,80.6,GEN,Delta,0.057573073516386186
Vedaranyam,165,T.RAMAJAYAM,IND,76,80.6,GEN,Delta,0.048083006453245605
Vedaranyam,165,R.RAMAMURTHY,IND,65,80.6,GEN,Delta,0.04112362394027585
Thiruthuraipundi,166,MARIMUTHU K,CPI,97092,76.74,SC,Delta,52.23201316936187
Thiruthuraipundi,166,SURESH KUMAR C,AIADMK,67024,76.74,SC,Delta,36.05650775206309
Thiruthuraipundi,166,AARTHI A,NTK,15362,76.74,SC,Delta,8.264204942814413
Thiruthuraipundi,166,RAJANIKANTH S,AMMK,3555,76.74,SC,Delta,1.9124624770020335
Thiruthuraipundi,166,NONE OF THE ABOVE,NOTA,1313,76.74,SC,Delta,0.7063469007886555
Thiruthuraipundi,166,PARAMASIVAM K,IND,476,76.74,SC,Delta,0.2560709251907083
Thiruthuraipundi,166,PARIVENTHAN D,AISMK,315,76.74,SC,Delta,0.1694587004938511
Thiruthuraipundi,166,SURESH A K,IND,190,76.74,SC,Delta,0.10221318442486256
Thiruthuraipundi,166,THULASIRAMAN R,IND,155,76.74,SC,Delta,0.08338443992554576
Thiruthuraipundi,166,THIRUVARUL SELVI V,IND,139,76.74,SC,Delta,0.07477701386871523
Thiruthuraipundi,166,SENGUTTUVAN M,IND,136,76.74,SC,Delta,0.0731631214830595
Thiruthuraipundi,166,SIVAPRAKASAM V,IND,129,76.74,SC,Delta,0.06939737258319616
Mannargudi,167,RAJAA T R B,DMK,87172,74.34,GEN,Delta,45.11331114894762
Mannargudi,167,RAJAMANICKAM  SIVA,AIADMK,49779,74.34,GEN,Delta,25.761661034316795
Mannargudi,167,KAMARAJ S,AMMK,40481,74.34,GEN,Delta,20.94975391892521
Mannargudi,167,ARAVINDAN RAMA,NTK,10438,74.34,GEN,Delta,5.401880670085753
Mannargudi,167,KUMARESAN T,IND,1845,74.34,GEN,Delta,0.9548256214129349
Mannargudi,167,ANBANANDAM S,MNM,1366,74.34,GEN,Delta,0.7069332243089805
Mannargudi,167,NONE OF THE ABOVE,NOTA,960,74.34,GEN,Delta,0.49681983553193365
Mannargudi,167,SATHISKUMAR S,Puthiya Tamilagam,588,74.34,GEN,Delta,0.30430214926330934
Mannargudi,167,MURUGAN S,IND,378,74.34,GEN,Delta,0.19562281024069886
Mannargudi,167,MARIMUTHU A.V.M,IND,125,74.34,GEN,Delta,0.06469008275155386
Mannargudi,167,BARADHIDASAN T,IND,97,74.34,GEN,Delta,0.0501995042152058
Thiruvarur,168,KALAIVANAN  POONDI  K.,DMK,108906,73.25,GEN,Delta,52.28575543713092
Thiruvarur,168,PANNERSELVAM A.N.R.,AIADMK,57732,73.25,GEN,Delta,27.7171251620337
Thiruvarur,168,VINOTHINI R.,NTK,26300,73.25,GEN,Delta,12.626626338278363
Thiruvarur,168,NASEEMA BANU M.A.,SDPI,6364,73.25,GEN,Delta,3.055355513946901
Thiruvarur,168,KABILARASAN  P.,MNM,4068,73.25,GEN,Delta,1.9530462336165924
Thiruvarur,168,NONE OF THE ABOVE,NOTA,1653,73.25,GEN,Delta,0.7936050698545298
Thiruvarur,168,THIYAGASUNDARAM N.,Tamil Nadu Ilangyar Katchi,1008,73.25,GEN,Delta,0.48394065965720867
Thiruvarur,168,GOMATHI A.,BSP,720,73.25,GEN,Delta,0.34567189975514906
Thiruvarur,168,PANNEERSELVAM J.,IND,531,73.25,GEN,Delta,0.2549330260694224
Thiruvarur,168,THIYAGARAJAN  M.,Puthiya Tamilagam,293,73.25,GEN,Delta,0.14066925920591483
Thiruvarur,168,MOHAMED HALITH A.,IND,247,73.25,GEN,Delta,0.11858466561044698
Thiruvarur,168,MUTHARASAN S.,IND,202,73.25,GEN,Delta,0.09698017187575016
Thiruvarur,168,AMANULLAH R.S.A.,IND,163,73.25,GEN,Delta,0.07825627730567958
Thiruvarur,168,ANBAZHAGAN T.,IND,103,73.25,GEN,Delta,0.04945028565941716
Nannilam,169,KAMARAJ R,AIADMK,103637,81.08,GEN,Delta,46.69511228057528
Nannilam,169,JOTHIRAMAN  S,DMK,99213,81.08,GEN,Delta,44.70181667447645
Nannilam,169,FATHIMA FARHANA  S,NTK,13419,81.08,GEN,Delta,6.04611974191688
Nannilam,169,RAMACHANDRAN   N,AMMK,2076,81.08,GEN,Delta,0.9353710845979166
Nannilam,169,NONE OF THE ABOVE,NOTA,1190,81.08,GEN,Delta,0.5361712864506362
Nannilam,169,RAVICHANDRAN  R,BSP,711,81.08,GEN,Delta,0.3203510795515986
Nannilam,169,GANESAN  D,IJK,381,81.08,GEN,Delta,0.17166492448545578
Nannilam,169,NATARAJAN  C,IND,352,81.08,GEN,Delta,0.15859856540388567
Nannilam,169,ANUSHA  T,IND,206,81.08,GEN,Delta,0.09281620588977399
Nannilam,169,MURUGAVEL  M,Anna Dravidar Kazhagam,164,81.08,GEN,Delta,0.07389251342681037
Nannilam,169,TAMILSELVAN  R,IND,153,81.08,GEN,Delta,0.06893630825793894
Nannilam,169,RAJA S,IND,125,81.08,GEN,Delta,0.05632051328262986
Nannilam,169,PANASAIARAGAN K N,Desiya Makkal Sakthi Katchi,111,81.08,GEN,Delta,0.050012615794975304
Nannilam,169,NITHIYANANTHAM  S,Anaithu Makkal Arasiyal Katchi,81,81.08,GEN,Delta,0.036495692607144144
Nannilam,169,KUMARAN  R,IND,78,81.08,GEN,Delta,0.03514400028836103
Nannilam,169,KRISHNAN  K,IND,47,81.08,GEN,Delta,0.021176512994268825
Thiruvidamarudur,170,"CHEZHIAAN,  GOVI.",DMK,95763,75.76,SC,Delta,48.25645263698941
Thiruvidamarudur,170,"UNION VEERAMANI, S.",AIADMK,85083,75.76,SC,Delta,42.874635921107
Thiruvidamarudur,170,"DIVYA BHARATHI, M.",NTK,11176,75.76,SC,Delta,5.63175876560878
Thiruvidamarudur,170,"PURATCHI MANI, M.",BSP,1839,75.76,SC,Delta,0.9267004625943582
Thiruvidamarudur,170,"KUDANTHAI ARASAN, J.",AMMK,1746,75.76,SC,Delta,0.879836328270663
Thiruvidamarudur,170,NONE OF THE ABOVE,NOTA,1240,75.76,SC,Delta,0.6248551243159348
Thiruvidamarudur,170,"KANNAIYAN, T.",CPI(ML)(L),576,75.76,SC,Delta,0.2902552835532084
Thiruvidamarudur,170,"MARIMUTHU, G.",IND,245,75.76,SC,Delta,0.12345927859468066
Thiruvidamarudur,170,"MADHANKUMAR, R.",IJK,226,75.76,SC,Delta,0.11388488556080746
Thiruvidamarudur,170,"MARIYAPPAN, N.",IND,198,75.76,SC,Delta,0.0997752537214154
Thiruvidamarudur,170,"MATHI, M.",IND,102,75.76,SC,Delta,0.05139937312921399
Thiruvidamarudur,170,"SURESH, R.",Anaithu Makkal Puratchi Katchi,78,75.76,SC,Delta,0.03930540298116364
Thiruvidamarudur,170,"KANNAIYAN, N.",IND,68,75.76,SC,Delta,0.03426624875280933
Thiruvidamarudur,170,"NEDUMARAN, S.",IND,68,75.76,SC,Delta,0.03426624875280933
Thiruvidamarudur,170,"DHANASEKAR, V.",IND,38,75.76,SC,Delta,0.01914878606774639
Kumbakonam,171,"ANBALAGAN, G.",DMK,96057,71.45,GEN,Delta,48.620700127553604
Kumbakonam,171,"SRITHAR VANDAYAR, G.M.",AIADMK,74674,71.45,GEN,Delta,37.79737199084853
Kumbakonam,171,"ANANDH, M.",NTK,12480,71.45,GEN,Delta,6.316940333259096
Kumbakonam,171,"BALAMURUGAN, S.",AMMK,6523,71.45,GEN,Delta,3.301714887327651
Kumbakonam,171,"GOPALAKRISHNAN, G.",MNM,5276,71.45,GEN,Delta,2.6705270190925474
Kumbakonam,171,NONE OF THE ABOVE,NOTA,1648,71.45,GEN,Delta,0.8341600696483166
Kumbakonam,171,"GURUMOORTHI, D.",IND,234,71.45,GEN,Delta,0.11844263124860806
Kumbakonam,171,"AYYAPPAN, M.",IND,209,71.45,GEN,Delta,0.10578850397845761
Kumbakonam,171,"VIJAYAKUMAR, C.",IND,190,71.45,GEN,Delta,0.09617136725314329
Kumbakonam,171,"SUBRAMANIAN, P.",IND,153,71.45,GEN,Delta,0.07744325889332065
Kumbakonam,171,"PRAKASH, P.",IND,120,71.45,GEN,Delta,0.06073981089672208
Papanasam,172,"DR.JAWAHIRULLAH, M.H.",DMK,86567,74.76,GEN,Delta,43.94665502431695
Papanasam,172,"GOPINATHAN, K.",AIADMK,70294,74.76,GEN,Delta,35.68549410606045
Papanasam,172,"RENGASAMY, M.",AMMK,19778,74.76,GEN,Delta,10.04051131575474
Papanasam,172,"KRISHNAKUMAR, N.",NTK,14724,74.76,GEN,Delta,7.474794651287935
Papanasam,172,"SHANTHA, K.",MNM,2032,74.76,GEN,Delta,1.0315663360103968
Papanasam,172,NONE OF THE ABOVE,NOTA,1204,74.76,GEN,Delta,0.6112233605100974
Papanasam,172,"GOPINATHAN, R.",IND,567,74.76,GEN,Delta,0.28784355930998773
Papanasam,172,"RAJA, A.",IND,477,74.76,GEN,Delta,0.2421541054512595
Papanasam,172,"RAJA, A.M.",IND,412,74.76,GEN,Delta,0.20915616655328914
Papanasam,172,"MUTHUKUMAR, R.",Anaithu Makkal Puratchi Katchi,252,74.76,GEN,Delta,0.12793047080443898
Papanasam,172,"GOPI, N.",IND,211,74.76,GEN,Delta,0.10711638626879615
Papanasam,172,"MEHRAJ BANU, N.",All India Jananayaka Makkal Kazhagam,169,74.76,GEN,Delta,0.08579464113472296
Papanasam,172,"XAVIER, S.",IND,163,74.76,GEN,Delta,0.08274867754414109
Papanasam,172,"THIYAGARAJAN, V.",IND,132,74.76,GEN,Delta,0.06701119899280138
Thiruvaiyaru,173,DURAI.CHANDRASEKARAN,DMK,103210,78.11,GEN,Delta,48.81521070803576
Thiruvaiyaru,173,"VENKATESAN, S.",BJP,49560,78.11,GEN,Delta,23.440382159580004
Thiruvaiyaru,173,"KARTHIKEYAN, V.",AMMK,37469,78.11,GEN,Delta,17.72170458307714
Thiruvaiyaru,173,"SENTHILNATHAN, D.",NTK,15820,78.11,GEN,Delta,7.4823818757981355
Thiruvaiyaru,173,"UTHIRAPATHI, G.",Puthiya Tamilagam,1215,78.11,GEN,Delta,0.5746582793359504
Thiruvaiyaru,173,NONE OF THE ABOVE,NOTA,1180,78.11,GEN,Delta,0.5581043371328572
Thiruvaiyaru,173,"THIRUMARAN, P.S.",IND,1093,78.11,GEN,Delta,0.5169559665137398
Thiruvaiyaru,173,ASWIN,BSP,530,78.11,GEN,Delta,0.25067398193255447
Thiruvaiyaru,173,"RAJKUMAR, R.",IND,368,78.11,GEN,Delta,0.17405287802109445
Thiruvaiyaru,173,"VIJAYAKUMAR, S.",Anna Puratchi Thalaivar Amma Dravida Munnetra Kazhagam,257,78.11,GEN,Delta,0.12155323274842737
Thiruvaiyaru,173,"BACKIYARAJ, V.",Anaithu Makkal Arasiyal Katchi,252,78.11,GEN,Delta,0.1191883838622712
Thiruvaiyaru,173,"SINGARAVADIVEL, S.",IND,240,78.11,GEN,Delta,0.11351274653549638
Thiruvaiyaru,173,"SIVARAMAN, T.","Makkal Sananayaga Kudiyarasu Katchi,",236,78.11,GEN,Delta,0.11162086742657144
Thanjavur,174,"NEELAMEGAM, T.K.G.",DMK,103772,65.72,GEN,Delta,53.25491765840942
Thanjavur,174,"ARIVUDAINAMBI, V.",AIADMK,56623,65.72,GEN,Delta,29.058447390164172
Thanjavur,174,"SUBADEVI, R.",NTK,17366,65.72,GEN,Delta,8.91208514874858
Thanjavur,174,"SUNDARAMOHAN, G.",MNM,9681,65.72,GEN,Delta,4.968207781010885
Thanjavur,174,"DR.RAMANATHAN, P.",DMDK,4246,65.72,GEN,Delta,2.179011490359696
Thanjavur,174,NONE OF THE ABOVE,NOTA,1938,65.72,GEN,Delta,0.9945653010638461
Thanjavur,174,"KARIKALA CHOLAN, S.",NCP,281,65.72,GEN,Delta,0.14420683673835952
Thanjavur,174,"VASUKI, N.",IND,260,65.72,GEN,Delta,0.1334298133522188
Thanjavur,174,"XAVIER, A.",People's Party of India(secular),217,65.72,GEN,Delta,0.11136257499012106
Thanjavur,174,"DINESH BABU, D.",IND,142,65.72,GEN,Delta,0.0728732057539041
Thanjavur,174,"SANTHOSH, M.",IND,122,65.72,GEN,Delta,0.0626093739575796
Thanjavur,174,"BHARATH, B.",IND,110,65.72,GEN,Delta,0.05645107487978487
Thanjavur,174,"SABTHAGIRI, R.",IND,101,65.72,GEN,Delta,0.05183235057143883
Orathanad,175,"VAITHILINGAM, R.",AIADMK,90063,78.29,GEN,Delta,46.94693494578816
Orathanad,175,"RAMCHANDRAN, M.",DMK,61228,78.29,GEN,Delta,31.916180150125108
Orathanad,175,"SEKAR, M.",AMMK,26022,78.29,GEN,Delta,13.56442869057548
Orathanad,175,"KANDHASAMY, M.",NTK,9050,78.29,GEN,Delta,4.717472894078399
Orathanad,175,"MOOKKAIYAN, V.",IND,2041,78.29,GEN,Delta,1.063907422852377
Orathanad,175,NONE OF THE ABOVE,NOTA,867,78.29,GEN,Delta,0.45193911592994157
Orathanad,175,"RENGASAMY, G.",MNM,721,78.29,GEN,Delta,0.37583402835696417
Orathanad,175,"STALIN, R.",BSP,550,78.29,GEN,Delta,0.286697247706422
Orathanad,175,"JAYASOORIYAN, T.",IND,428,78.29,GEN,Delta,0.22310258548790657
Orathanad,175,"RENGARAJ, S.",IND,319,78.29,GEN,Delta,0.16628440366972477
Orathanad,175,"THANRAJ, R.",United States of India Party,229,78.29,GEN,Delta,0.11937030859049207
Orathanad,175,"ARUNKUMAR, K.",IND,223,78.29,GEN,Delta,0.11624270225187656
Orathanad,175,"PRABAKARAN, U.",Anaithu Makkal Puratchi Katchi,99,78.29,GEN,Delta,0.051605504587155966
Pattukkottai,176,"ANNADURAI, K.",DMK,79065,71.66,GEN,Delta,44.61907449209932
Pattukkottai,176,"RENGARAJAN, N.R.",AIADMK,53796,71.66,GEN,Delta,30.358916478555305
Pattukkottai,176,"BALAKRISHNAN, V.",IND,23771,71.66,GEN,Delta,13.414785553047404
Pattukkottai,176,KEERTHIKA ANBU,NTK,10730,71.66,GEN,Delta,6.055304740406321
Pattukkottai,176,"SELVAM, S.D.S.",AMMK,5223,71.66,GEN,Delta,2.9475169300225734
Pattukkottai,176,"SADASIVAM, B.",MNM,3088,71.66,GEN,Delta,1.742663656884876
Pattukkottai,176,NONE OF THE ABOVE,NOTA,1026,71.66,GEN,Delta,0.5790067720090293
Pattukkottai,176,"MEIKKAPPAN, T.",Anna Dravidar Kazhagam,322,71.66,GEN,Delta,0.1817155756207675
Pattukkottai,176,"SUNDARRAJ, M.",Anaithu Makkal Puratchi Katchi,179,71.66,GEN,Delta,0.1010158013544018
Peravurani,177,"ASHOKKUMAR, N.",DMK,89130,77.02,GEN,Delta,52.16856892010535
Peravurani,177,"THIRUGNANASAMBANDAM, S.V.",AIADMK,65627,77.02,GEN,Delta,38.412057360257535
Peravurani,177,"DELIPAN, K.",NTK,12154,77.02,GEN,Delta,7.113842551946152
Peravurani,177,"SIVAKUMAR, M.",DMDK,1623,77.02,GEN,Delta,0.9499561018437226
Peravurani,177,NONE OF THE ABOVE,NOTA,770,77.02,GEN,Delta,0.4506877377816798
Peravurani,177,"PACHAMUTHU, P.",IJK,554,77.02,GEN,Delta,0.3242610477026632
Peravurani,177,"DURAIRAJ, G.",BSP,494,77.02,GEN,Delta,0.28914252268071405
Peravurani,177,"UTHAYAKUMAR, U.",IND,262,77.02,GEN,Delta,0.1533508925958443
Peravurani,177,"ELANGOVAN, G.",IND,236,77.02,GEN,Delta,0.13813286508633305
Gandharvakottai,178,M.CHINNADURAI,CPI(M),69710,74.45,SC,Delta,44.22662098718437
Gandharvakottai,178,S.JAYABHARATHI,AIADMK,56989,74.45,SC,Delta,36.15594467707144
Gandharvakottai,178,P.LENIN,AMMK,12840,74.45,SC,Delta,8.146174343357442
Gandharvakottai,178,M.RAMILA,NTK,12661,74.45,SC,Delta,8.032610074863596
Gandharvakottai,178,NONE OF THE ABOVE,NOTA,1390,74.45,SC,Delta,0.881867783276234
Gandharvakottai,178,P.ASAITHAMBI,CPI(ML)(L),1271,74.45,SC,Delta,0.8063697500317218
Gandharvakottai,178,KRM.ADHIDRAVIDAR,MNM,848,74.45,SC,Delta,0.5380027915239183
Gandharvakottai,178,V.RETHINAM,IND,620,74.45,SC,Delta,0.3933510975764497
Gandharvakottai,178,P.KARTHIKEYAN,IND,289,74.45,SC,Delta,0.183352366450958
Gandharvakottai,178,K. MANIMUTHU,IND,232,74.45,SC,Delta,0.14718944296409084
Gandharvakottai,178,P.RENGASAMY,IND,206,74.45,SC,Delta,0.13069407435604619
Gandharvakottai,178,S.MALARVIZHI,Anaithu Makkal Arasiyal Katchi,190,74.45,SC,Delta,0.12054307828955717
Gandharvakottai,178,M.THANARAJ,Namadhu Makkal Katchi,133,74.45,SC,Delta,0.08438015480269001
Gandharvakottai,178,V.ILAIYARAJA,IND,130,74.45,SC,Delta,0.08247684304022332
Gandharvakottai,178,KEERAI.A.T.CHINNAPPA,IND,111,74.45,SC,Delta,0.07042253521126761
Viralimalai,179,VIJAYA BASKER C,AIADMK,102179,85.43,GEN,Delta,52.82670623452227
Viralimalai,179,PALANIAPPAN,DMK,78581,85.43,GEN,Delta,40.62650253589283
Viralimalai,179,AZHAGU MEENA P,NTK,7035,85.43,GEN,Delta,3.6371062386582773
Viralimalai,179,KARTHI PRABHAKARAN O,AMMK,1228,85.43,GEN,Delta,0.6348779617729019
Viralimalai,179,DHANALAKSHMI.M,IND,620,85.43,GEN,Delta,0.32054099047166057
Viralimalai,179,SARAVANAN R,MNM,559,85.43,GEN,Delta,0.28900389302202945
Viralimalai,179,THIRUVENTHIRAN V,IND,509,85.43,GEN,Delta,0.26315381314528263
Viralimalai,179,RAMESH M,IND,504,85.43,GEN,Delta,0.26056880515760794
Viralimalai,179,NONE OF THE ABOVE,NOTA,385,85.43,GEN,Delta,0.19904561505095053
Viralimalai,179,MANIKANDAN. C,IND,291,85.43,GEN,Delta,0.1504474648826665
Viralimalai,179,ALAGURAJA.V,BSP,263,85.43,GEN,Delta,0.13597142015168828
Viralimalai,179,PALANISAMY A,IND,241,85.43,GEN,Delta,0.12459738500591967
Viralimalai,179,ARUMUGAM P,Puthiya Tamilagam,215,85.43,GEN,Delta,0.11115534347001133
Viralimalai,179,JOTHIVEL A,IND,191,85.43,GEN,Delta,0.09874730512917285
Viralimalai,179,BALASUBRAMANIAN M,IND,156,85.43,GEN,Delta,0.08065224921545008
Viralimalai,179,RAJAVARMAN R,IND,119,85.43,GEN,Delta,0.061523190106657424
Viralimalai,179,RAMESHKUMAR.P,IND,93,85.43,GEN,Delta,0.048081148570749084
Viralimalai,179,MANIKANDAN K,IND,73,85.43,GEN,Delta,0.037741116620050356
Viralimalai,179,SYEED MOHAMED J,IND,50,85.43,GEN,Delta,0.02585007987674682
Viralimalai,179,ELAYARAJA R,IND,37,85.43,GEN,Delta,0.019129059108792645
Viralimalai,179,SENTHILKUMAR P,My India Party,35,85.43,GEN,Delta,0.018095055913722773
Viralimalai,179,ABDUL NAZAR K,IND,33,85.43,GEN,Delta,0.0170610527186529
Viralimalai,179,VIJAY A,Anna Dravidar Kazhagam,26,85.43,GEN,Delta,0.013442041535908346
Pudukkottai,180,V . MUTHURAJA,DMK,85802,72.94,GEN,Delta,47.69639561514686
Pudukkottai,180,KARTHIK THONDAIMAN,AIADMK,72801,72.94,GEN,Delta,40.46928156894136
Pudukkottai,180,SASIKUMAR,NTK,11503,72.94,GEN,Delta,6.394392190870078
Pudukkottai,180,S . MOORTHY,MNM,3948,72.94,GEN,Delta,2.194650123407378
Pudukkottai,180,M . SUBRAMANIAN,DMDK,1873,72.94,GEN,Delta,1.041180263713784
Pudukkottai,180,NONE OF THE ABOVE,NOTA,604,72.94,GEN,Delta,0.33575700976141243
Pudukkottai,180,DURAI GUNA,IND,476,72.94,GEN,Delta,0.2646032063682654
Pudukkottai,180,VENGADESHWARAN,BSP,463,72.94,GEN,Delta,0.2573766482111489
Pudukkottai,180,M. SARAVANA DEVA,Namadhu Makkal Katchi,424,72.94,GEN,Delta,0.23569697373979942
Pudukkottai,180,KARTHIKEYAN,IND,393,72.94,GEN,Delta,0.21846441198052163
Pudukkottai,180,V. N. MUTHUKUMAR,IND,380,72.94,GEN,Delta,0.21123785382340513
Pudukkottai,180,A. RAJASEKAR,IND,250,72.94,GEN,Delta,0.13897227225224024
Pudukkottai,180,S . SOUNDAR RAJA,IND,205,72.94,GEN,Delta,0.113957263246837
Pudukkottai,180,K . DHANAGOPAL,IND,180,72.94,GEN,Delta,0.10006003602161297
Pudukkottai,180,KARUPPAIAH . C,IND,104,72.94,GEN,Delta,0.05781246525693194
Pudukkottai,180,KUMAR,My India Party,95,72.94,GEN,Delta,0.05280946345585128
Pudukkottai,180,M . RAJINIKANTH,IND,90,72.94,GEN,Delta,0.05003001801080648
Pudukkottai,180,S . SAHUL AMEEDU,IND,89,72.94,GEN,Delta,0.049474128921797526
Pudukkottai,180,P. VIJAYAKUMAR,IND,71,72.94,GEN,Delta,0.03946812531963623
Pudukkottai,180,S . KARTHIKEYAN,IND,58,72.94,GEN,Delta,0.03224156716251973
Pudukkottai,180,N. VEERIAH,IND,42,72.94,GEN,Delta,0.023347341738376357
Pudukkottai,180,I . ABDULLAH,IND,41,72.94,GEN,Delta,0.022791452649367397
Thirumayam,181,S.REGUPATHY,DMK,71349,75.85,GEN,Delta,40.99786819589613
Thirumayam,181,P.K.VAIRAMUTHU,AIADMK,69967,75.85,GEN,Delta,40.203756801949076
Thirumayam,181,K.SELVAKUMAR,IND,15144,75.85,GEN,Delta,8.70189793772374
Thirumayam,181,U.SIVARAMAN,NTK,11061,75.85,GEN,Delta,6.355764202929364
Thirumayam,181,S.MUNIARAJU,AMMK,1503,75.85,GEN,Delta,0.8636392366877166
Thirumayam,181,R.THIRUMENI,MNM,1356,75.85,GEN,Delta,0.7791715269118721
Thirumayam,181,NONE OF THE ABOVE,NOTA,569,75.85,GEN,Delta,0.3269532439622826
Thirumayam,181,S. GANDIPAN,My India Party,554,75.85,GEN,Delta,0.3183340899035229
Thirumayam,181,M.SELVAKUMAR,IND,456,75.85,GEN,Delta,0.26202228338629324
Thirumayam,181,C. ALAGU SUBBIAH,IND,412,75.85,GEN,Delta,0.2367394314805983
Thirumayam,181,M. DURAIRAJAN,IND,365,75.85,GEN,Delta,0.2097327487631514
Thirumayam,181,M.SELVAKUMAR,IND,315,75.85,GEN,Delta,0.18100223523395256
Thirumayam,181,R.SIVAKUMAR,Puthiya Tamilagam,238,75.85,GEN,Delta,0.13675724439898637
Thirumayam,181,S.SELVAKUMAR,IND,109,75.85,GEN,Delta,0.06263251949365344
Thirumayam,181,R. PALANIYAPPAN,IND,92,75.85,GEN,Delta,0.05286414489372583
Thirumayam,181,M.SELVAKUMAR,IND,87,75.85,GEN,Delta,0.04999109354080595
Thirumayam,181,S.PURACHIBALAN,Anna Dravidar Kazhagam,74,75.85,GEN,Delta,0.04252116002321426
Thirumayam,181,MUTHUADAIKKAN @ ADAIKKALAM,IND,74,75.85,GEN,Delta,0.04252116002321426
Thirumayam,181,R.SUNDARAM,IND,70,75.85,GEN,Delta,0.040222718940878345
Thirumayam,181,S.MANIKANDAN,IND,66,75.85,GEN,Delta,0.037924277858542445
Thirumayam,181,M.KARTHICK,IND,65,75.85,GEN,Delta,0.03734966758795847
Thirumayam,181,K.SELVAKUMAR,IND,54,75.85,GEN,Delta,0.031028954611534727
Thirumayam,181,AL.MATHIALAGAN,IND,51,75.85,GEN,Delta,0.0293051237997828
Alangudi,182,SIVA.V.MEYYANATHAN,DMK,87935,78.47,GEN,Delta,51.172006843495765
Alangudi,182,DHARMA THANGAVEL,AIADMK,62088,78.47,GEN,Delta,36.13086439869182
Alangudi,182,C.THIRUCHELVAM,NTK,15477,78.47,GEN,Delta,9.006529253616694
Alangudi,182,D.VIDANGAR,AMMK,2924,78.47,GEN,Delta,1.7015630637446026
Alangudi,182,N.VAIRAVAN,MNM,1230,78.47,GEN,Delta,0.7157737922044669
Alangudi,182,NONE OF THE ABOVE,NOTA,702,78.47,GEN,Delta,0.4085147984776713
Alangudi,182,M.CHINNADURAI,BSP,444,78.47,GEN,Delta,0.2583768810884417
Alangudi,182,V.KANNADASAN,IND,343,78.47,GEN,Delta,0.19960195993994484
Alangudi,182,T.VINAYAGAMOORTHY,IND,199,78.47,GEN,Delta,0.11580405255990969
Alangudi,182,P.BALAMURUGAN,My India Party,180,78.47,GEN,Delta,0.10474738422504393
Alangudi,182,G.MANIMEGALAI,CPI(ML)(L),165,78.47,GEN,Delta,0.09601843553962361
Alangudi,182,C.JAYA,Anaithu Makkal Puratchi Katchi,155,78.47,GEN,Delta,0.09019913641601006
Arantangi,183,RAMACHANDRAN T,INC,81835,70.21,GEN,Delta,48.69739598210035
Arantangi,183,RAJANAYAGAM M,AIADMK,50942,70.21,GEN,Delta,30.31395791678568
Arantangi,183,HUMAYUN KABIR M I,NTK,18460,70.21,GEN,Delta,10.984956679044082
Arantangi,183,SIVASHANMUGAM K,AMMK,4699,70.21,GEN,Delta,2.796224888127202
Arantangi,183,VELRAJ. K P,IND,3164,70.21,GEN,Delta,1.882795391792821
Arantangi,183,MUTHUSELVAM V,IND,2164,70.21,GEN,Delta,1.287727316004951
Arantangi,183,"DHETCHENA MOORTHY, DR. S",IND,1080,70.21,GEN,Delta,0.6426735218508998
Arantangi,183,SHAIK MOHAMED B,MNM,966,70.21,GEN,Delta,0.5748357612110826
Arantangi,183,JEEVA A,BSP,636,70.21,GEN,Delta,0.37846329620108543
Arantangi,183,AMALADOSS SANDHIYAGU,Puthiya Tamilagam,612,70.21,GEN,Delta,0.36418166238217653
Arantangi,183,NONE OF THE ABOVE,NOTA,524,70.21,GEN,Delta,0.31181567171284397
Arantangi,183,PANDIYAN V,IND,505,70.21,GEN,Delta,0.30050937827287444
Arantangi,183,MAHENDRAN K,IND,493,70.21,GEN,Delta,0.29336856136341993
Arantangi,183,SELVAKUMAR K,IND,391,70.21,GEN,Delta,0.23267161763305722
Arantangi,183,MUTHUKKARUPPAIAH K,IND,334,70.21,GEN,Delta,0.19875273731314863
Arantangi,183,RAMASAMY R S,IND,212,70.21,GEN,Delta,0.12615443206702848
Arantangi,183,SYED SULTHAN IBRAHIM A,IND,202,70.21,GEN,Delta,0.12020375130914976
Arantangi,183,TILLAINATHAN R,IND,180,70.21,GEN,Delta,0.10711225364181663
Arantangi,183,RAMALINGASWAMI ADIHITHAN. PPC,Akhila India Jananayaka Makkal Katchi (Dr. Isaac),168,70.21,GEN,Delta,0.0999714367323622
Arantangi,183,SAKTHIVEL K,Tamizhaga Murpokku Makkal Katchi,162,70.21,GEN,Delta,0.09640102827763496
Arantangi,183,ARJUNAN R,IND,140,70.21,GEN,Delta,0.08330953061030182
Arantangi,183,KUMARAPPAN B,My India Party,125,70.21,GEN,Delta,0.07438350947348377
Arantangi,183,JEGADEESAN R,IND,54,70.21,GEN,Delta,0.032133676092544985
Karaikudi,184,S.MANGUDI,INC,75954,66.23,GEN,South,35.750461271981024
Karaikudi,184,H.RAJA,BJP,54365,66.23,GEN,South,25.58882780434537
Karaikudi,184,DHERPOKI V PANDI,AMMK,44864,66.23,GEN,South,21.11684301690703
Karaikudi,184,N.DURAI MANICKAM,NTK,23872,66.23,GEN,South,11.236208909138835
Karaikudi,184,S.RAJKUMAR,MNM,8351,66.23,GEN,South,3.9306962382799266
Karaikudi,184,NONE OF THE ABOVE,NOTA,1349,66.23,GEN,South,0.6349550024475656
Karaikudi,184,B.VANITHA,Puthiya Tamilagam,702,66.23,GEN,South,0.3304213578340927
Karaikudi,184,N.BALUSWAMY,BSP,652,66.23,GEN,South,0.3068870730880747
Karaikudi,184,N.MEENAL,IND,548,66.23,GEN,South,0.2579357608163573
Karaikudi,184,K.VELU,IND,504,66.23,GEN,South,0.23722559023986145
Karaikudi,184,M.NAINA MOHAMED,IND,416,66.23,GEN,South,0.19580524908686972
Karaikudi,184,A.GANESAN,IND,346,66.23,GEN,South,0.16285725044244456
Karaikudi,184,RAJKUMAR.G,Anna MGR Dravida Makkal Kalgam,341,66.23,GEN,South,0.16050382196784277
Karaikudi,184,A.PARAMASIVAM,IND,192,66.23,GEN,South,0.09037165342470911
Tiruppattur,185,KR.PERIYAKARUPPAN,DMK,103682,71.98,GEN,South,49.192943833445625
Tiruppattur,185,MARUDHU ALAGURAJ,AIADMK,66308,71.98,GEN,South,31.460482240968656
Tiruppattur,185,KOTTAIKUMAR,NTK,14571,71.98,GEN,South,6.913354146304432
Tiruppattur,185,C.PARAMASIVAM,IND,13202,71.98,GEN,South,6.263818642475541
Tiruppattur,185,K.K.UMADHEVAN,AMMK,7448,71.98,GEN,South,3.533776795118757
Tiruppattur,185,A.AMALAN SAVARIMUTHU,IJK,862,71.98,GEN,South,0.4089843712932826
Tiruppattur,185,NONE OF THE ABOVE,NOTA,853,71.98,GEN,South,0.4047142328459049
Tiruppattur,185,PERIYASAMY,IND,605,71.98,GEN,South,0.287048195629276
Tiruppattur,185,A.PARTHASARATHY,IND,465,71.98,GEN,South,0.22062381978117915
Tiruppattur,185,A.MALLIKA,IND,444,71.98,GEN,South,0.2106601634039646
Tiruppattur,185,K.S.K.RAJESH,IND,352,71.98,GEN,South,0.16700985927521517
Tiruppattur,185,PALANIAPPAN,IND,333,71.98,GEN,South,0.15799512255297343
Tiruppattur,185,M.SARASWATHI,Puthiya Tamilagam,241,71.98,GEN,South,0.11434481842422402
Tiruppattur,185,P.SELVARAJ,IND,221,71.98,GEN,South,0.1048556218744959
Tiruppattur,185,P.RAJESWARI,IND,152,71.98,GEN,South,0.07211789377793382
Tiruppattur,185,K.VEERAPANDIAN,My India Party,144,71.98,GEN,South,0.06832221515804257
Tiruppattur,185,M.MOHAMED RABEEK,IND,122,71.98,GEN,South,0.05788409895334162
Tiruppattur,185,P.JEYACHANDRAN,IND,115,71.98,GEN,South,0.05456288016093677
Tiruppattur,185,S.MURUGAN,Anaithu Makkal Puratchi Katchi,96,71.98,GEN,South,0.045548143438695045
Tiruppattur,185,G.ABDUL KISHORE BABU,IND,85,71.98,GEN,South,0.04032908533634457
Tiruppattur,185,A.KARTHIKA,IND,80,71.98,GEN,South,0.03795678619891254
Tiruppattur,185,RM.MURUGESAN,IND,69,71.98,GEN,South,0.032737728096562065
Tiruppattur,185,C.KANNAN,IND,68,71.98,GEN,South,0.032263268269075655
Tiruppattur,185,MUTHULAKSHMI,IND,65,71.98,GEN,South,0.030839888786616435
Tiruppattur,185,J.VEERAYI,IND,65,71.98,GEN,South,0.030839888786616435
Tiruppattur,185,ANANDHAN K,IND,62,71.98,GEN,South,0.029416509304157214
Tiruppattur,185,RENUKA,IND,56,71.98,GEN,South,0.02656975033923878
Sivaganga,186,PR. SENTHILNATHAN,AIADMK,82153,66.29,GEN,South,40.66094514066243
Sivaganga,186,S. GUNASEKARAN,CPI,70900,66.29,GEN,South,35.09136623705727
Sivaganga,186,R. MALLIKA,NTK,22500,66.29,GEN,South,11.136188157035102
Sivaganga,186,K. ANBARASAN,AMMK,19824,66.29,GEN,South,9.811724178891726
Sivaganga,186,JOSEPH. C,MNM,2105,66.29,GEN,South,1.0418522698026174
Sivaganga,186,P. VISWANATHAN,IND,1332,66.29,GEN,South,0.659262338896478
Sivaganga,186,NONE OF THE ABOVE,NOTA,1270,66.29,GEN,South,0.628575953752648
Sivaganga,186,N. PANDIMUTHU,My India Party,373,66.29,GEN,South,0.18461325255884856
Sivaganga,186,DR. A. PARTHASARATHY,IND,345,66.29,GEN,South,0.17075488507453823
Sivaganga,186,VIMALRAJ,IND,309,66.29,GEN,South,0.15293698402328207
Sivaganga,186,VADIVEL. C,Anaithu Makkal Puratchi Katchi,241,66.29,GEN,South,0.11928094870424263
Sivaganga,186,M. RAVI,IND,175,66.29,GEN,South,0.08661479677693967
Sivaganga,186,R. GUNASEKARAN,IND,155,66.29,GEN,South,0.07671596285957515
Sivaganga,186,M. THIRUKUMARAN,IND,127,66.29,GEN,South,0.0628575953752648
Sivaganga,186,K. KALAISELVAM,IND,123,66.29,GEN,South,0.06087782859179188
Sivaganga,186,C. KANINGPRABHU,IND,112,66.29,GEN,South,0.05543346993724139
Manamadurai,187,TAMILARASI A.,DMK,89364,72.05,SC,South,44.00845066260877
Manamadurai,187,NAGARAJAN S.,AIADMK,75273,72.05,SC,South,37.069156558866545
Manamadurai,187,SHANMUGAPRIYA M.,NTK,23228,72.05,SC,South,11.438927218914513
Manamadurai,187,MARIAPPANKENNADY S.,AMMK,10231,72.05,SC,South,5.038387479624349
Manamadurai,187,SIVASANKARI P.,MNM,2257,72.05,SC,South,1.1114886659673693
Manamadurai,187,NONE OF THE ABOVE,NOTA,1333,72.05,SC,South,0.656452987033453
Manamadurai,187,RAJAIAH  C.,IND,371,72.05,SC,South,0.18270371957195128
Manamadurai,187,CHANDRASEKAR M.,Anaithu Makkal Puratchi Katchi,229,72.05,SC,South,0.11277399402150094
Manamadurai,187,MUTHUMARI K.,IND,185,72.05,SC,South,0.09110562835798111
Manamadurai,187,THAMARAISELVI S.,IND,142,72.05,SC,South,0.06992972555045036
Manamadurai,187,MURALITHARAN M.,Anna MGR Dravida Makkal Kalgam,128,72.05,SC,South,0.06303524556660314
Manamadurai,187,DURAIPANDI M.,IND,125,72.05,SC,South,0.061557856998635876
Manamadurai,187,RAJENDRAN A.,My India Party,111,72.05,SC,South,0.054663377014788656
Manamadurai,187,KARUPPAIAH S.,IND,84,72.05,SC,South,0.04136687990308331
Melur,188,PERIYAPULLAN @ SELVAM  P.,AIADMK,83344,74.23,GEN,South,45.597487717608956
Melur,188,RAVICHANDRAN  T.,INC,48182,74.23,GEN,South,26.360363711962886
Melur,188,SELVARAJ  A.,AMMK,34262,74.23,GEN,South,18.7447341641956
Melur,188,KARUPPUSAMY  P.,NTK,10669,74.23,GEN,South,5.837008020483418
Melur,188,KATHIRESAN  K.,MNM,2176,74.23,GEN,South,1.1904892166624723
Melur,188,NONE OF THE ABOVE,NOTA,884,74.23,GEN,South,0.4836362442691294
Melur,188,PANDI  K.,IND,736,74.23,GEN,South,0.40266547034171857
Melur,188,BALAN  T.,IND,630,74.23,GEN,South,0.3446728890153297
Melur,188,GOBALAKRISHNAN  M.,IND,350,74.23,GEN,South,0.19148493834184985
Melur,188,MOHANRAM  C.,IND,342,74.23,GEN,South,0.187108139751179
Melur,188,DHINAKARAN  S.,IND,274,74.23,GEN,South,0.14990535173047673
Melur,188,SENTHILRAJ  K.,My India Party,270,74.23,GEN,South,0.14771695243514132
Melur,188,KANNAN  P.,IND,258,74.23,GEN,South,0.14115175454913503
Melur,188,NAGENDRAN  N.,IND,200,74.23,GEN,South,0.10941996476677135
Melur,188,SIVASAMY  R.,IND,110,74.23,GEN,South,0.060180980621724244
Melur,188,DHARMAR  P.,IND,95,74.23,GEN,South,0.051974483264216394
Madurai East,189,MOORTHY P,DMK,122729,71.34,GEN,South,51.590217409580816
Madurai East,189,GOPALAKRISHNAN R,AIADMK,73125,71.34,GEN,South,30.738738587258084
Madurai East,189,LATHA J,NTK,17668,71.34,GEN,South,7.426899601499841
Madurai East,189,MUTHUKRISHNAN I,MNM,11993,71.34,GEN,South,5.041363307719469
Madurai East,189,SARAVANAN T,AMMK,6729,71.34,GEN,South,2.828594488255175
Madurai East,189,NONE OF THE ABOVE,NOTA,1944,71.34,GEN,South,0.8171775427504918
Madurai East,189,BALAMURUGAN A,Puthiya Tamilagam,1755,71.34,GEN,South,0.7377297260941941
Madurai East,189,PALANIAMMAL P,IND,349,71.34,GEN,South,0.14670522758226423
Madurai East,189,CHANDRASEKARAN V,IND,346,71.34,GEN,South,0.14544415112740233
Madurai East,189,MUSTAK MOHAMED.A.K,Tipu Sultan Party,308,71.34,GEN,South,0.12947051603248533
Madurai East,189,GANDHI K,IND,233,71.34,GEN,South,0.09794360466093859
Madurai East,189,JEYAKUMAR P,IND,232,71.34,GEN,South,0.09752324584265128
Madurai East,189,MUTHU KRISHNAN M,Anaithu Makkal Puratchi Katchi,152,71.34,GEN,South,0.06389454037966807
Madurai East,189,RAJA P,My India Party,122,71.34,GEN,South,0.051283775831049386
Madurai East,189,PRABAHARAN M,Bahujan Dravida Party,112,71.34,GEN,South,0.04708018764817649
Madurai East,189,DINESH G,IND,95,71.34,GEN,South,0.03993408773729255
Sholavandan,190,VENKATESAN A,DMK,84240,79.49,SC,South,48.038047228289074
Sholavandan,190,MANICKAM K,AIADMK,67195,79.49,SC,South,38.318098094787324
Sholavandan,190,SENGANNAN G,NTK,13936,79.49,SC,South,7.947034973568809
Sholavandan,190,JEYALAKSHMI M,DMDK,3582,79.49,SC,South,2.04264346120289
Sholavandan,190,YOGANATHAN S,MNM,3031,79.49,SC,South,1.7284344865734114
Sholavandan,190,NONE OF THE ABOVE,NOTA,961,79.49,SC,South,0.5480123858782739
Sholavandan,190,MOORTHI M,IND,363,79.49,SC,South,0.20700155678856758
Sholavandan,190,RAJKUMAR V,IND,353,79.49,SC,South,0.2012990345629872
Sholavandan,190,KANDAVEL S,IND,294,79.49,SC,South,0.167654153432063
Sholavandan,190,INDURANI S,Puthiya Tamilagam,250,79.49,SC,South,0.14256305563950936
Sholavandan,190,MOORTHY P,IND,200,79.49,SC,South,0.1140504445116075
Sholavandan,190,SILAMBARASAN P,Bahujan Dravida Party,146,79.49,SC,South,0.08325682449347346
Sholavandan,190,MALAICHAMY A,IND,133,79.49,SC,South,0.07584354560021898
Sholavandan,190,ESWARI T,CPI(ML)(L),125,79.49,SC,South,0.07128152781975468
Sholavandan,190,KATHIRESAN P,IND,104,79.49,SC,South,0.05930623114603589
Sholavandan,190,VARATHARAJAN C,IND,89,79.49,SC,South,0.05075244780766533
Sholavandan,190,DHANAGOPAL S,IND,88,79.49,SC,South,0.050182195585107295
Sholavandan,190,KRISHNASAMY P,IND,84,79.49,SC,South,0.04790118669487514
Sholavandan,190,RAJKUMAR K,My India Party,71,79.49,SC,South,0.040487907801620655
Sholavandan,190,SEKAR N,IND,70,79.49,SC,South,0.03991765557906262
Sholavandan,190,VETRIVEL J,IND,46,79.49,SC,South,0.02623160223766972
Madurai North,191,THALAPATHI G,DMK,73010,63.6,GEN,South,46.63506987914868
Madurai North,191,SARAVANAN P,BJP,50094,63.6,GEN,South,31.997496103630652
Madurai North,191,ANBARASI S,NTK,15311,63.6,GEN,South,9.779887069163749
Madurai North,191,ALAGAR M,MNM,12102,63.6,GEN,South,7.730141291295127
Madurai North,191,JEYAPAL M,AMMK,3280,63.6,GEN,South,2.0950969621094053
Madurai North,191,NONE OF THE ABOVE,NOTA,1564,63.6,GEN,South,0.9990035514448504
Madurai North,191,NATARAJAN R,IND,168,63.6,GEN,South,0.10730984440072563
Madurai North,191,VASANTHAKUMAR S,Anna Dravidar Kazhagam,167,63.6,GEN,South,0.10667109532691177
Madurai North,191,SANKARAPANDI P,IND,163,63.6,GEN,South,0.10411609903165639
Madurai North,191,ABUBAKKAR SITHICK J,IND,139,63.6,GEN,South,0.08878612126012417
Madurai North,191,THEIVAMMAL K,IND,125,63.6,GEN,South,0.07984363422673037
Madurai North,191,VOLTAIRE M J,SUCI,115,63.6,GEN,South,0.07345614348859193
Madurai North,191,ISMAIL D,IND,105,63.6,GEN,South,0.06706865275045351
Madurai North,191,RAAM VISHWAKARMA T,IND,94,63.6,GEN,South,0.06004241293850124
Madurai North,191,KESAVARAJAH J,IND,70,63.6,GEN,South,0.04471243516696901
Madurai North,191,KUPPUSAMY N,IND,49,63.6,GEN,South,0.03129870461687831
Madurai South,192,BOOMINATHAN.M,DMK,62812,63.8,GEN,South,42.4884836267951
Madurai South,192,SARAVANAN. S.S,AIADMK,56297,63.8,GEN,South,38.081483836491174
Madurai South,192,ESWARAN.G,MNM,12821,63.8,GEN,South,8.672623839061643
Madurai South,192,ABBAS.M,NTK,10483,63.8,GEN,South,7.091109562817503
Madurai South,192,RAAJALINGAM.SHA,AMMK,2672,63.8,GEN,South,1.8074448871361604
Madurai South,192,NONE OF THE ABOVE,NOTA,1551,63.8,GEN,South,1.0491568188428835
Madurai South,192,SARAVANAN.R,IND,257,63.8,GEN,South,0.17384481137499747
Madurai South,192,JEYA.K,IND,178,63.8,GEN,South,0.12040613394844182
Madurai South,192,RAJKUMAR(A)MANIKANDAN.K,IND,162,63.8,GEN,South,0.10958311067217738
Madurai South,192,VENGADACHALAPATHY.T.S,IND,159,63.8,GEN,South,0.10755379380787781
Madurai South,192,BHARATHI KANNAMMA. S,New Generation People’s Party,140,63.8,GEN,South,0.09470145366731379
Madurai South,192,RAVICHANDRAN.V.C,IND,116,63.8,GEN,South,0.07846691875291714
Madurai South,192,SADAM HUSSAIN.K,My India Party,104,63.8,GEN,South,0.07034965129571882
Madurai South,192,UMESH.K.R,IND,81,63.8,GEN,South,0.05479155533608869
Madurai Central,193,PALANIVEL THIAGA RAJAN,DMK,73205,61.03,GEN,South,48.989493408284815
Madurai Central,193,JOTHI MUTHURAMALINGAM N,AIADMK,39029,61.03,GEN,South,26.11858395235227
Madurai Central,193,MANI B,MNM,14495,61.03,GEN,South,9.700194070802382
Madurai Central,193,PANDIAMMAL J,NTK,11215,61.03,GEN,South,7.505186374891254
Madurai Central,193,KREMMER SURESH,IND,4907,61.03,GEN,South,3.2838118182426554
Madurai Central,193,SIKKANDAR BATCHA G S,SDPI,3347,61.03,GEN,South,2.239844743358094
Madurai Central,193,NONE OF THE ABOVE,NOTA,1441,61.03,GEN,South,0.9643311249414442
Madurai Central,193,KRISHNAPRABBU M R,IND,440,61.03,GEN,South,0.29445225189051727
Madurai Central,193,ESWARI M,My India Party,287,61.03,GEN,South,0.19206317339222378
Madurai Central,193,THAVAMANI A,BSP,286,61.03,GEN,South,0.19139396372883624
Madurai Central,193,ELANGOVAN R,IND,264,61.03,GEN,South,0.17667135113431037
Madurai Central,193,RAJASURIYAA K R,IND,193,61.03,GEN,South,0.12915746503379508
Madurai Central,193,RAJAKUMAR NAIDU E V S,Tamil Telugu National Party,176,61.03,GEN,South,0.11778090075620692
Madurai Central,193,SIVASANKAR S,IND,94,61.03,GEN,South,0.0629057083584287
Madurai Central,193,SATHIYENDRAN N,IND,51,61.03,GEN,South,0.034129692832764506
Madurai West,194,RAJU. K,AIADMK,83883,65.12,GEN,South,41.58923914444654
Madurai West,194,CHINNAMMAL. C,DMK,74762,65.12,GEN,South,37.06704215296439
Madurai West,194,VETRIKUMARAN. C,NTK,18224,65.12,GEN,South,9.03546957271907
Madurai West,194,MUNIYASAMY. V,MNM,15849,65.12,GEN,South,7.857943220918817
Madurai West,194,BALACHANDRAN. P,DMDK,3417,65.12,GEN,South,1.6941505448848255
Madurai West,194,NAGAJOTHI. K,Tamil Nadu Ilangyar Katchi,2509,65.12,GEN,South,1.2439636280702449
Madurai West,194,NONE OF THE ABOVE,NOTA,1774,65.12,GEN,South,0.8795502097236408
Madurai West,194,RAMU. N,IND,368,65.12,GEN,South,0.18245460945789166
Madurai West,194,KARTHIKEYAN. R,Akhil Bharat Hindu Mahasabha,318,65.12,GEN,South,0.15766458099893899
Madurai West,194,VENKATESAN. M,IND,126,65.12,GEN,South,0.06247087171656074
Madurai West,194,PREMKUMAR. M,IND,122,65.12,GEN,South,0.060487669439844516
Madurai West,194,ARASU THIRUVALAVAN. K. K,IND,97,65.12,GEN,South,0.04809265521036818
Madurai West,194,SULTHAN BADUSHA. J,Anna MGR Dravida Makkal Kalgam,79,65.12,GEN,South,0.03916824496514522
Madurai West,194,ANBUMANIKANDANTAMILSOORIYAN.K,IND,73,65.12,GEN,South,0.0361934415500709
Madurai West,194,SEBASTHIYAN. B,IND,49,65.12,GEN,South,0.024294227889773617
Madurai West,194,SULTHAN BASHA. K,IND,44,65.12,GEN,South,0.02181522504387835
Thiruparankundram,195,"RAJANCHELLAPPA, V.V.",AIADMK,103683,72.73,GEN,South,43.96160255078461
Thiruparankundram,195,PONNUTHAI,CPI(M),74194,72.73,GEN,South,31.45826354998325
Thiruparankundram,195,"REVATHY, R.",NTK,22722,72.73,GEN,South,9.634130312191274
Thiruparankundram,195,"BHARANIRAJAN, M.",MNM,16750,72.73,GEN,South,7.10200170448041
Thiruparankundram,195,"DAVID ANNADURAI, K.",AMMK,10190,72.73,GEN,South,4.320561036934649
Thiruparankundram,195,NONE OF THE ABOVE,NOTA,2073,72.73,GEN,South,0.8789522109485306
Thiruparankundram,195,"ARUMUGAM, V.",IND,2005,72.73,GEN,South,0.8501202040288489
Thiruparankundram,195,"SAVITHA, R.",Anna MGR Dravida Makkal Kalgam,592,72.73,GEN,South,0.25100806024193445
Thiruparankundram,195,"MURUGAN, K.R.",IND,562,72.73,GEN,South,0.23828805718913373
Thiruparankundram,195,"RAJAMANI, V.",Namadhu Makkal Katchi,538,72.73,GEN,South,0.22811205474689314
Thiruparankundram,195,"PACKIYASELVI, K.",IND,402,72.73,GEN,South,0.17044804090752982
Thiruparankundram,195,"UKKRA PANDIYAN, S.",IND,302,72.73,GEN,South,0.12804803073152737
Thiruparankundram,195,"PILLAI, M.M.",IND,284,72.73,GEN,South,0.12041602889984694
Thiruparankundram,195,"BALAMURUGAN, R.",IND,257,72.73,GEN,South,0.10896802615232627
Thiruparankundram,195,"KARUNAKARAN, M.",IND,246,72.73,GEN,South,0.10430402503296601
Thiruparankundram,195,"SEKAR, S.",IND,200,72.73,GEN,South,0.08480002035200489
Thiruparankundram,195,"PALANIKUMAR, M.",Ambedkar Political Party,177,72.73,GEN,South,0.07504801801152432
Thiruparankundram,195,"MURUGESAN, A.",My India Party,131,72.73,GEN,South,0.0555440133305632
Thiruparankundram,195,"ILANGOVAN, P.",IND,114,72.73,GEN,South,0.048336011600642784
Thiruparankundram,195,"RADHA (A) GUNASEKARAN, M.",IND,114,72.73,GEN,South,0.048336011600642784
Thiruparankundram,195,"MOHIDEEN ABDUL KADAR, M.K.",IND,98,72.73,GEN,South,0.041552009972482394
Thiruparankundram,195,"MANIKANDAN, S.",IND,82,72.73,GEN,South,0.034768008344322
Thiruparankundram,195,"SANKAR THAYAL SHARMA, M.",IND,80,72.73,GEN,South,0.033920008140801955
Thiruparankundram,195,"RAMACHANDRAN, K.",IND,53,72.73,GEN,South,0.022472005393281293
Thirumangalam,196,UDHAYAKUMAR R B,AIADMK,100338,78.13,GEN,South,45.505793782171935
Thirumangalam,196,MANIMARAN M,DMK,86251,78.13,GEN,South,39.116986779745574
Thirumangalam,196,ATHI NARAYANAN K,AMMK,13780,78.13,GEN,South,6.24957482029071
Thirumangalam,196,SARAL M,NTK,11593,78.13,GEN,South,5.257715594457924
Thirumangalam,196,RAMKUMAR M,MNM,2775,78.13,GEN,South,1.2585319394997618
Thirumangalam,196,VEERANAN S,IND,1576,78.13,GEN,South,0.7147554366312161
Thirumangalam,196,NONE OF THE ABOVE,NOTA,971,78.13,GEN,South,0.44037279756910586
Thirumangalam,196,RAMANATHAN A,IND,684,78.13,GEN,South,0.31021111589831973
Thirumangalam,196,MUTHUVELRAJ P,IND,503,78.13,GEN,South,0.2281230866913082
Thirumangalam,196,RAMANATHAN M,IND,433,78.13,GEN,South,0.19637633506428717
Thirumangalam,196,RAJANBABU P,IND,278,78.13,GEN,South,0.12607995646159775
Thirumangalam,196,MUTHURAJA M,IND,190,78.13,GEN,South,0.08616975441619991
Thirumangalam,196,RAMAMOORTHI R,IND,165,78.13,GEN,South,0.07483162883512097
Thirumangalam,196,BALAMURUGAN N R,IND,131,78.13,GEN,South,0.05941177804485362
Thirumangalam,196,ARUMUGAM K,LJP,122,78.13,GEN,South,0.05533005283566521
Thirumangalam,196,NIRMAL M,My India Party,122,78.13,GEN,South,0.05533005283566521
Thirumangalam,196,MARIKANNAN A,National Democratic Party of South India,98,78.13,GEN,South,0.04444545227782943
Thirumangalam,196,THIRALIPANDI N,IND,82,78.13,GEN,South,0.03718905190593891
Thirumangalam,196,JEGADEESH KUMAR R,IND,75,78.13,GEN,South,0.03401437674323681
Thirumangalam,196,ALAGARSAMY M,IND,71,78.13,GEN,South,0.032200276650264176
Thirumangalam,196,VAIRASEEMAN G,IND,64,78.13,GEN,South,0.02902560148756208
Thirumangalam,196,DURAIPANDI B,IND,62,78.13,GEN,South,0.02811855144107576
Thirumangalam,196,KALI A,IND,45,78.13,GEN,South,0.020408626045942086
Thirumangalam,196,CHANDRASEKARAN R,IND,44,78.13,GEN,South,0.01995510102269893
Thirumangalam,196,VEERAMANI V,IND,42,78.13,GEN,South,0.01904805097621261
Usilampatti,197,AYYAPPAN P,AIADMK,71255,73.82,GEN,South,33.529713476352036
Usilampatti,197,KATHIRAVAN P V,DMK,63778,73.82,GEN,South,30.011340482699882
Usilampatti,197,MAHENDRAN I,AMMK,55491,73.82,GEN,South,26.11181433606415
Usilampatti,197,IYNDHUKOVILAN G,NTK,15357,73.82,GEN,South,7.226381444899841
Usilampatti,197,ARUMUGAM K,IND,1247,73.82,GEN,South,0.5867876318154653
Usilampatti,197,THIRUSELVAM C,Puthiya Tamilagam,1161,73.82,GEN,South,0.5463195192764678
Usilampatti,197,NONE OF THE ABOVE,NOTA,1032,73.82,GEN,South,0.4856173504679714
Usilampatti,197,ARASUMAYAN M,All India Jananayaka Makkal Kazhagam,967,73.82,GEN,South,0.45503098633965916
Usilampatti,197,KATHIRAVAN A,IND,528,73.82,GEN,South,0.24845538861152025
Usilampatti,197,DHANASEKARAN T,IND,478,73.82,GEN,South,0.2249274162051263
Usilampatti,197,BHARATH V,My India Party,378,73.82,GEN,South,0.17787147139233836
Usilampatti,197,ARUNKUMAR M,IND,362,73.82,GEN,South,0.1703425202222923
Usilampatti,197,MAHENDRAN A,IND,247,73.82,GEN,South,0.11622818368758617
Usilampatti,197,ALAGUMURUGESAN K,IND,158,73.82,GEN,South,0.07434839280420492
Usilampatti,197,ANANTHA KUMAR N,IND,74,73.82,GEN,South,0.03482139916146306
Andipatti,198,A.MAHARAJAN,DMK,93541,74.85,GEN,South,44.6411186408323
Andipatti,198,A.LOGIRAJAN,AIADMK,85003,74.85,GEN,South,40.566478953899015
Andipatti,198,R.JEYAKUMAR,AMMK,11896,74.85,GEN,South,5.677197671089052
Andipatti,198,JEYAKUMAR,NTK,11216,74.85,GEN,South,5.352677293118259
Andipatti,198,S.GUNASEKARAN,MNM,3010,74.85,GEN,South,1.436479908370717
Andipatti,198,NONE OF THE ABOVE,NOTA,1333,74.85,GEN,South,0.6361553879927461
Andipatti,198,C.KANIVEL,Anaithu Makkal Puratchi Katchi,650,74.85,GEN,South,0.3102033024720817
Andipatti,198,VELMANI,IND,572,74.85,GEN,South,0.2729789061754319
Andipatti,198,M.RAGHUNATHAN,IND,457,74.85,GEN,South,0.21809678343037128
Andipatti,198,S.KAMATCHI,BSP,392,74.85,GEN,South,0.18707645318316313
Andipatti,198,P.PANDIDURAI,IND,227,74.85,GEN,South,0.10833253794025008
Andipatti,198,P.PANIVURAJA,IND,156,74.85,GEN,South,0.07444879259329962
Andipatti,198,MARIYAMMAL,IND,149,74.85,GEN,South,0.07110814164360027
Andipatti,198,V.JEYAKODI,IND,145,74.85,GEN,South,0.06919919824377206
Andipatti,198,BALAMURUGAN,National Democratic Party of South India,127,74.85,GEN,South,0.0606089529445452
Andipatti,198,M.EASWARAN,IND,127,74.85,GEN,South,0.0606089529445452
Andipatti,198,S.GOVINDHARAJ,All India MGR Makkal Munnetra Kazhagam,115,74.85,GEN,South,0.05488212274506061
Andipatti,198,A.VELUCHAMY,Anna Puratchi Thalaivar Amma Dravida Munnetra Kazhagam,115,74.85,GEN,South,0.05488212274506061
Andipatti,198,M.DIVAKAR,IND,115,74.85,GEN,South,0.05488212274506061
Andipatti,198,M.KUMARAN,My India Party,109,74.85,GEN,South,0.05201870764531832
Andipatti,198,K.KASENDRAN @ GAJENDRAN,IND,85,74.85,GEN,South,0.04056504724634915
Periyakulam,199,K.S.SARAVANAKUMAAR,DMK,92251,69.94,SC,South,45.71475294479105
Periyakulam,199,M MURUGAN,AIADMK,70930,69.94,SC,South,35.14918457657944
Periyakulam,199,DR.K.KATHIRKAMU,AMMK,16424,69.94,SC,South,8.138872232986616
Periyakulam,199,VIMALA,NTK,11794,69.94,SC,South,5.844487281773268
Periyakulam,199,S.PANDIYARAJAN,MNM,5680,69.94,SC,South,2.81470983215806
Periyakulam,199,NONE OF THE ABOVE,NOTA,2451,69.94,SC,South,1.2145869363766557
Periyakulam,199,MADHU BHARATHI,IND,628,69.94,SC,South,0.3112038335555038
Periyakulam,199,MURUGAN,IND,339,69.94,SC,South,0.16799060441929264
Periyakulam,199,S.CHINNAMUTHU,My India Party,301,69.94,SC,South,0.1491597992041507
Periyakulam,199,M.RAJENDRAN,IND,242,69.94,SC,South,0.11992249637011451
Periyakulam,199,A.MURUGESAN,SUCI,202,69.94,SC,South,0.1001005961436493
Periyakulam,199,"A.C.MOHAN RAJ B.P.T.,",IND,149,69.94,SC,South,0.07383657834358291
Periyakulam,199,M.MUNEESWARAN,IND,143,69.94,SC,South,0.07086329330961312
Periyakulam,199,P.RAMAIYA,IND,112,69.94,SC,South,0.05550132063410259
Periyakulam,199,M.MUNIYAPPAN,IND,94,69.94,SC,South,0.04658146553219324
Periyakulam,199,C.MAYAZHAKU,IND,57,69.94,SC,South,0.028246207822712924
Bodinayakanur,200,O.PANNEERSELVAM,AIADMK,100050,76.3,GEN,South,46.57929653856002
Bodinayakanur,200,THANGATAMILSELVAN,DMK,89029,76.3,GEN,South,41.448357736446376
Bodinayakanur,200,M.PREM CHANDAR,NTK,11114,76.3,GEN,South,5.174235899345888
Bodinayakanur,200,M.MUTHUSAMY,AMMK,5649,76.3,GEN,South,2.629949486719896
Bodinayakanur,200,P.GANESH KUMAR,MNM,4128,76.3,GEN,South,1.921832444889313
Bodinayakanur,200,NONE OF THE ABOVE,NOTA,1403,76.3,GEN,South,0.6531809399660141
Bodinayakanur,200,K.I.M HAKKEEM,AITC,559,76.3,GEN,South,0.26024814357876114
Bodinayakanur,200,TAMILSELVAN,IND,443,76.3,GEN,South,0.2062431620847785
Bodinayakanur,200,G.SENTHIL KUMAR,IND,402,76.3,GEN,South,0.1871551944877674
Bodinayakanur,200,N.SALEEM,IND,354,76.3,GEN,South,0.16480830559370563
Bodinayakanur,200,M.ANANTHARAJ,IND,270,76.3,GEN,South,0.12570125002909752
Bodinayakanur,200,P.KUMARAGURUBARAN,IND,219,76.3,GEN,South,0.10195768057915688
Bodinayakanur,200,ARUN KUMAR,My India Party,143,76.3,GEN,South,0.06657510649689238
Bodinayakanur,200,P.NAGENDHREN,IND,135,76.3,GEN,South,0.06285062501454876
Bodinayakanur,200,N.KRISHNAN,IND,126,76.3,GEN,South,0.058660583346912175
Bodinayakanur,200,P.MANIMARAN,IND,117,76.3,GEN,South,0.054470541679275584
Bodinayakanur,200,S.KRISHNAVENI,Anna Puratchi Thalaivar Amma Dravida Munnetra Kazhagam,100,76.3,GEN,South,0.046556018529295376
Bodinayakanur,200,C.ANBAZHAKAN,IND,94,76.3,GEN,South,0.043762657417537654
Bodinayakanur,200,THENI.T.KARNAN,Anna Dravidar Kazhagam,80,76.3,GEN,South,0.0372448148234363
Bodinayakanur,200,P.KARUPPIAH,Bahujan Dravida Party,77,76.3,GEN,South,0.03584813426755744
Bodinayakanur,200,V.RAMPRAKAASH,IND,71,76.3,GEN,South,0.033054773155799716
Bodinayakanur,200,V.NANDHAGOPAL,IND,68,76.3,GEN,South,0.031658092599920855
Bodinayakanur,200,T.RAJA MOHAMED,IND,62,76.3,GEN,South,0.02886473148816313
Bodinayakanur,200,A.ABTHAHIR,IND,54,76.3,GEN,South,0.0251402500058195
Bodinayakanur,200,RAJA MOHAMED,IND,48,76.3,GEN,South,0.02234688889406178
Cumbum,201,N.RAMAKRISHNAN,DMK,104800,69.51,GEN,South,51.810653812878506
Cumbum,201,SYEDUKHAN.S.P.M,AIADMK,62387,69.51,GEN,South,30.8426646891608
Cumbum,201,SURESH.P,AMMK,14536,69.51,GEN,South,7.186256334198491
Cumbum,201,ANISH FATHIMA. A,NTK,12347,69.51,GEN,South,6.104066246446669
Cumbum,201,VENKIDESH.N,MNM,4647,69.51,GEN,South,2.2973674453096034
Cumbum,201,NONE OF THE ABOVE,NOTA,1659,69.51,GEN,South,0.8201705598813497
Cumbum,201,MUTHU MUNEESWARAN.M,IND,451,69.51,GEN,South,0.2229637869237424
Cumbum,201,SARAVANAN.S.R,IND,321,69.51,GEN,South,0.15869484612532442
Cumbum,201,KATHIRAVAN.S,New Generation People’s Party,236,69.51,GEN,South,0.11667284637251268
Cumbum,201,PRAKASH.P,IND,155,69.51,GEN,South,0.07662835249042146
Cumbum,201,PANDI SELVAM.R,Anna Puratchi Thalaivar Amma Dravida Munnetra Kazhagam,151,69.51,GEN,South,0.07465084661970091
Cumbum,201,MUTHUSELVAM.G,IND,136,69.51,GEN,South,0.06723519960449884
Cumbum,201,RADHAKRISHNAN.K,Anaithu Makkal Puratchi Katchi,122,69.51,GEN,South,0.06031392905697689
Cumbum,201,LAL BAHDUR SASTHRI.V,My India Party,120,69.51,GEN,South,0.05932517612161661
Cumbum,201,MARIMUTHU.G,IND,106,69.51,GEN,South,0.05240390557409467
Cumbum,201,THAVIDHU RAJA. A,IND,101,69.51,GEN,South,0.049932023235693984
Rajapalayam,202,THANGAPANDIAN S.,DMK,74158,73.89,GEN,South,41.496743290731246
Rajapalayam,202,RAJENTHRABHALAJI K.T,AIADMK,70260,73.89,GEN,South,39.31553148152293
Rajapalayam,202,JEYARAJ V.,NTK,15593,73.89,GEN,South,8.725406808872574
Rajapalayam,202,KALIMUTHU K.,AMMK,7660,73.89,GEN,South,4.286321821071245
Rajapalayam,202,VIVEKANANTHAN S.,MNM,4059,73.89,GEN,South,2.2713029075363163
Rajapalayam,202,AYYAR V.K.,Puthiya Tamilagam,3388,73.89,GEN,South,1.8958300691631043
Rajapalayam,202,NONE OF THE ABOVE,NOTA,1875,73.89,GEN,South,1.0491975736956376
Rajapalayam,202,MANIKUMAR M.,IND,548,73.89,GEN,South,0.30664547753877835
Rajapalayam,202,JEYAPRAKASH I.,IND,336,73.89,GEN,South,0.18801620520625825
Rajapalayam,202,THANGAPANDI S.,IND,264,73.89,GEN,South,0.14772701837634578
Rajapalayam,202,VIJAYAKUMAR E.,IND,140,73.89,GEN,South,0.0783400855026076
Rajapalayam,202,KALIMUTHU K.,IND,120,73.89,GEN,South,0.06714864471652081
Rajapalayam,202,THANGAPANDI B.,IND,112,73.89,GEN,South,0.06267206840208608
Rajapalayam,202,DHARMALINGAM K.,RPI(A),109,73.89,GEN,South,0.06099335228417306
Rajapalayam,202,SELVARAJ G.,IND,86,73.89,GEN,South,0.04812319538017325
Srivilliputhur,203,"MANRAJ, E.M.",AIADMK,70475,73.14,SC,South,38.0865655348332
Srivilliputhur,203,"MADHAVARAO, P.S.W.",INC,57737,73.14,SC,South,31.202611341392895
Srivilliputhur,203,"SANGEETHAPRIYA, S.",AMMK,23682,73.14,SC,South,12.7983830435746
Srivilliputhur,203,"ABINAYA, B.",NTK,20348,73.14,SC,South,10.996600716605688
Srivilliputhur,203,"SHANTHI, S.",Puthiya Tamilagam,4985,73.14,SC,South,2.694026664649074
Srivilliputhur,203,"GURUVAIYA, K.",MNM,3512,73.14,SC,South,1.8979782640416345
Srivilliputhur,203,NONE OF THE ABOVE,NOTA,1666,73.14,SC,South,0.9003507368716865
Srivilliputhur,203,"IRULANDI, DR. V.",Tamil Nadu Ilangyar Katchi,942,73.14,SC,South,0.5090818692275683
Srivilliputhur,203,"MUTHULAKSHMI,R.",IND,363,73.14,SC,South,0.19617486043482726
Srivilliputhur,203,"KANNAN, A.",IND,238,73.14,SC,South,0.12862153383881236
Srivilliputhur,203,"PANDIYARAJ, K.",Anaithu Makkal Puratchi Katchi,209,73.14,SC,South,0.1129491620685369
Srivilliputhur,203,"PRABHAKARAN, P.",IND,202,73.14,SC,South,0.10916617577916006
Srivilliputhur,203,"MAHALAKSHMI, M.",IND,191,73.14,SC,South,0.10322148303871076
Srivilliputhur,203,"VEERAPANDI, K.",My India Party,177,73.14,SC,South,0.09565551045995709
Srivilliputhur,203,"THAMARAISELVAM, K.",IND,164,73.14,SC,South,0.08862996449397155
Srivilliputhur,203,"GURUVAIYA, G.",IND,148,73.14,SC,South,0.07998313868968163
Sattur,204,"RAGHURAMAN,  A.R.R.",DMK,74174,75.17,GEN,South,38.676003608244734
Sattur,204,"RAVICHANDHRAN, R.K.",AIADMK,62995,75.17,GEN,South,32.847019808846454
Sattur,204,"RAJAVARMAN, M.S.R.",AMMK,32916,75.17,GEN,South,17.163147932819907
Sattur,204,"PANDI, K.",NTK,12626,75.17,GEN,South,6.583482373307331
Sattur,204,"BHARATHI, M.",IJK,1751,75.17,GEN,South,0.9130110593743971
Sattur,204,"MARIKANNAN, G.",Puthiya Tamilagam,1599,75.17,GEN,South,0.8337548166417253
Sattur,204,NONE OF THE ABOVE,NOTA,1297,75.17,GEN,South,0.6762851764754958
Sattur,204,"SARAVANAKUMAR, M.",IND,635,75.17,GEN,South,0.33110338246872767
Sattur,204,"SUBRAMANIAN, S.",IND,551,75.17,GEN,South,0.28730387990593537
Sattur,204,"ANGUSAMY,  S.",Anaithu Makkal Puratchi Katchi,414,75.17,GEN,South,0.2158689769166193
Sattur,204,"SENTHUR PANDIAN, R.",IND,406,75.17,GEN,South,0.2116975957201629
Sattur,204,"CHELLAPANDIAN,  P.",IND,369,75.17,GEN,South,0.192404957686552
Sattur,204,"RAGU, B.",IND,332,75.17,GEN,South,0.17311231965294108
Sattur,204,"RAMESH, A.",IND,210,75.17,GEN,South,0.1094987564069808
Sattur,204,"RAJKUMAR, R.",My India Party,188,75.17,GEN,South,0.09802745811672568
Sattur,204,"JEYAGANESH, K.",Veerath Thiyagi Viswanathadoss Thozhilalarkal Katchi,166,75.17,GEN,South,0.08655615982647054
Sattur,204,"BALAMURUGAN, K.",IND,157,75.17,GEN,South,0.08186335598045708
Sattur,204,"SUBBURAMAN, P.",All India MGR Makkal Munnetra Kazhagam,156,75.17,GEN,South,0.08134193333090003
Sattur,204,"KARUTHAPANDIAN, S.",IND,136,75.17,GEN,South,0.070913480339759
Sattur,204,"MARIAPPAN, M.",IND,124,75.17,GEN,South,0.06465640854507437
Sattur,204,"DHAMODHARAN,  S.",IND,119,75.17,GEN,South,0.06204929529728912
Sattur,204,"PALANICHAMY, P.",Bahujan Dravida Party,97,75.17,GEN,South,0.050577997007034
Sattur,204,"GURUSAMY, P.",IND,94,75.17,GEN,South,0.04901372905836284
Sattur,204,"BALA SUBRAMANIAN, R.",IND,62,75.17,GEN,South,0.03232820427253719
Sattur,204,"PRABAKARAN, J.",IND,60,75.17,GEN,South,0.03128535897342309
Sattur,204,"ANTHONYRAJ,  A.",IND,57,75.17,GEN,South,0.029721091024751935
Sattur,204,"MANOHARAN, V.",IND,51,75.17,GEN,South,0.02659255512740962
Sattur,204,"MAHESKUMAR, M",IND,41,75.17,GEN,South,0.02137832863183911
Sivakasi,205,ASHOKAN.G,INC,78947,70.16,GEN,South,42.66321529125033
Sivakasi,205,LAKSHMI GANESAN,AIADMK,61628,70.16,GEN,South,33.3039714234762
Sivakasi,205,KANAGAPRIYA.R,NTK,20865,70.16,GEN,South,11.275513788388896
Sivakasi,205,SAMIKKALAI.G,AMMK,9893,70.16,GEN,South,5.34620934141056
Sivakasi,205,MUGUNTHAN.S,MNM,6090,70.16,GEN,South,3.291055785827384
Sivakasi,205,NONE OF THE ABOVE,NOTA,1727,70.16,GEN,South,0.933276410857782
Sivakasi,205,LAKSHMANAN.E,IND,1430,70.16,GEN,South,0.7727766459331953
Sivakasi,205,KESAVAKUMAR.D,IND,442,70.16,GEN,South,0.2388582360157149
Sivakasi,205,ANANTHALAKSHMI,BSP,438,70.16,GEN,South,0.23669662302009759
Sivakasi,205,KANNAN.K,Veerath Thiyagi Viswanathadoss Thozhilalarkal Katchi,426,70.16,GEN,South,0.23021178403324563
Sivakasi,205,BALAKRISHNAN.N,IND,414,70.16,GEN,South,0.22372694504639362
Sivakasi,205,DHARMALINGAM.M,IND,330,70.16,GEN,South,0.1783330721384297
Sivakasi,205,KARTHIK.N,IND,319,70.16,GEN,South,0.17238863640048205
Sivakasi,205,KARUPPASAMY.S,Anaithu Makkal Puratchi Katchi,316,70.16,GEN,South,0.17076742665376904
Sivakasi,205,VINOTHKUMAR.M,IND,245,70.16,GEN,South,0.13239879598156143
Sivakasi,205,THANGARAJ.S,IND,234,70.16,GEN,South,0.12645436024361378
Sivakasi,205,MARIMUTHU.M,IND,221,70.16,GEN,South,0.11942911800785745
Sivakasi,205,KALYANASUNDARI.M,My India Party,191,70.16,GEN,South,0.1032170205407275
Sivakasi,205,GANESAN.R,IND,152,70.16,GEN,South,0.08214129383345853
Sivakasi,205,ANBALAGAN.P,IND,126,70.16,GEN,South,0.06809080936194588
Sivakasi,205,PANDIARAJAN.S,IND,114,70.16,GEN,South,0.061605970375093896
Sivakasi,205,MGR NAMBBI,All India MGR Makkal Munnetra Kazhagam,107,70.16,GEN,South,0.05782314763276357
Sivakasi,205,MAYILVAGANAN.G,IND,101,70.16,GEN,South,0.05458072813933758
Sivakasi,205,ASHOKKUMAR.C,IND,88,70.16,GEN,South,0.04755548590358125
Sivakasi,205,JEEVANANTHAM.G,RPI(A),78,70.16,GEN,South,0.04215145341453793
Sivakasi,205,JOYSMARY.T,IND,64,70.16,GEN,South,0.034585807929877276
Sivakasi,205,PALANICHAMY.P,Bahujan Dravida Party,61,70.16,GEN,South,0.03296459818316428
Virudhunagar,206,SEENIVASAN A.R.R,DMK,73297,71.27,GEN,South,45.32423925746829
Virudhunagar,206,PANDURANGAN G,BJP,51958,71.27,GEN,South,32.12896603325562
Virudhunagar,206,SELVAKUMAR V.R,NTK,14311,71.27,GEN,South,8.849409771390764
Virudhunagar,206,THANGARAJ M,AMMK,10783,71.27,GEN,South,6.667820946468213
Virudhunagar,206,MANIMARAN N,AISMK,5054,71.27,GEN,South,3.125212562686669
Virudhunagar,206,NONE OF THE ABOVE,NOTA,1570,71.27,GEN,South,0.9708317616577107
Virudhunagar,206,GUNASEKARAN G,IND,1406,71.27,GEN,South,0.869420036236141
Virudhunagar,206,PUNGAN K,IND,759,71.27,GEN,South,0.46933841216446015
Virudhunagar,206,SUYAMBULINGAM L,Naam Indiar Party,590,71.27,GEN,South,0.3648348658458913
Virudhunagar,206,RAMARAJ C,IND,465,71.27,GEN,South,0.2875393434209143
Virudhunagar,206,VELUCHAMY S,IND,328,71.27,GEN,South,0.20282345084313957
Virudhunagar,206,PANDURENGAN T,IND,282,71.27,GEN,South,0.17437869859074803
Virudhunagar,206,SHIBI B,IND,264,71.27,GEN,South,0.16324814336155136
Virudhunagar,206,VIKRAMAN N,Desa Makkal Munnetrak Kazhgam,200,71.27,GEN,South,0.12367283587996314
Virudhunagar,206,DHAMOTHARAN R,IND,119,71.27,GEN,South,0.07358533734857807
Virudhunagar,206,THANGARAJ R,IND,93,71.27,GEN,South,0.05750786868418287
Virudhunagar,206,THANGAPANDI N,IND,89,71.27,GEN,South,0.055034411966583596
Virudhunagar,206,KARUPPIAH P,IND,85,71.27,GEN,South,0.05256095524898434
Virudhunagar,206,GURUNATHAN G,IND,64,71.27,GEN,South,0.039575307481588204
Aruppukottai,207,K.K.S.S.R.RAMACHANDRAN,DMK,91040,75.6,GEN,South,53.17725947862454
Aruppukottai,207,VAIGAICHELVAN,AIADMK,52006,75.6,GEN,South,30.377159011921663
Aruppukottai,207,UMA,NTK,12392,75.6,GEN,South,7.2382754773628655
Aruppukottai,207,V.UMADEVI,MNM,7638,75.6,GEN,South,4.461422538419752
Aruppukottai,207,R.RAMESH,DMDK,2532,75.6,GEN,South,1.478963323812361
Aruppukottai,207,NONE OF THE ABOVE,NOTA,1323,75.6,GEN,South,0.772775859954089
Aruppukottai,207,K. BOOMINATHAN,IND,630,75.6,GEN,South,0.3679885047400424
Aruppukottai,207,M.KARUPPASAMY,Puthiya Tamilagam,478,75.6,GEN,South,0.27920397661228613
Aruppukottai,207,P.PRASANTH,IND,436,75.6,GEN,South,0.25467140962961665
Aruppukottai,207,THANGAPANDIAN,IND,426,75.6,GEN,South,0.24883032225279056
Aruppukottai,207,LINGAPANDI,IND,419,75.6,GEN,South,0.24474156108901232
Aruppukottai,207,G.SUBBURAJ,BSP,272,75.6,GEN,South,0.1588775766496691
Aruppukottai,207,V. POORNISHA,IND,219,75.6,GEN,South,0.12791981355249094
Aruppukottai,207,S.MANIVANNAN,IND,190,75.6,GEN,South,0.11098066015969534
Aruppukottai,207,S.RAMACHANDRAN,IND,189,75.6,GEN,South,0.11039655142201271
Aruppukottai,207,M MUTHUMARIAPPAN,IND,128,75.6,GEN,South,0.07476591842337368
Aruppukottai,207,PONMUNIASAMY,IND,118,75.6,GEN,South,0.06892483104654763
Aruppukottai,207,DHANASEKARAPANDIAN,IND,76,75.6,GEN,South,0.04439226406387813
Aruppukottai,207,E.RAMACHANDRAN,IND,72,75.6,GEN,South,0.0420558291131477
Aruppukottai,207,R.RAMACHANDRAN,IND,71,75.6,GEN,South,0.04147172037546509
Aruppukottai,207,R.S.RAMACHANDRAN,IND,67,75.6,GEN,South,0.03913528542473467
Aruppukottai,207,THANGA VADIVEL.A.N,IND,62,75.6,GEN,South,0.03621474173632164
Aruppukottai,207,G.RAMACHANDRAN,IND,60,75.6,GEN,South,0.03504652426095642
Aruppukottai,207,VIJAYAKUMAR,IND,60,75.6,GEN,South,0.03504652426095642
Aruppukottai,207,S.DEENATHAYALAN,Anaithu Makkal Puratchi Katchi,58,75.6,GEN,South,0.03387830678559121
Aruppukottai,207,A.P.S.JOHNSON,My India Party,57,75.6,GEN,South,0.0332941980479086
Aruppukottai,207,G.RANJITH,IND,57,75.6,GEN,South,0.0332941980479086
Aruppukottai,207,S.PANDIYAN,Bahujan Dravida Party,48,75.6,GEN,South,0.028037219408765135
Aruppukottai,207,T.RAMACHANDRAN,IND,39,75.6,GEN,South,0.022780240769621672
Aruppukottai,207,VENKATESAN,IND,38,75.6,GEN,South,0.022196132031939066
Tiruchuli,208,THANGAM THENARASU,DMK,102225,77.46,GEN,South,59.15422050679644
Tiruchuli,208,RAJASEKAR S,AIADMK,41233,77.46,GEN,South,23.860170938192592
Tiruchuli,208,ANANDHAJOTHI A,NTK,13787,77.46,GEN,South,7.978080099067768
Tiruchuli,208,SIVASAMY K K,AMMK,6441,77.46,GEN,South,3.7271932920936743
Tiruchuli,208,ARUNKUMAR V,IND,2492,77.46,GEN,South,1.4420378332397823
Tiruchuli,208,MURUGAN S,MNM,1356,77.46,GEN,South,0.784672272019721
Tiruchuli,208,ADAIKALAM R,IND,898,77.46,GEN,South,0.5196428468095202
Tiruchuli,208,NONE OF THE ABOVE,NOTA,740,77.46,GEN,South,0.4282134817806737
Tiruchuli,208,RAMATHILAGAM A,IND,684,77.46,GEN,South,0.39580813721348757
Tiruchuli,208,THIRUMURUGAN PALANISAMY K,Puthiya Tamilagam,593,77.46,GEN,South,0.34314945229181015
Tiruchuli,208,MALAIALAGU M,IND,566,77.46,GEN,South,0.32752544687548824
Tiruchuli,208,THIRUMURUGAN G,IND,480,77.46,GEN,South,0.27776009629016674
Tiruchuli,208,ADVOCATE. THANGAPANDIAN M,IND,365,77.46,GEN,South,0.21121340655398096
Tiruchuli,208,RAJANGAM C,IND,349,77.46,GEN,South,0.20195473667764205
Tiruchuli,208,RAJENDRAN R,IND,137,77.46,GEN,South,0.07927736081615175
Tiruchuli,208,INDIRA B,IND,124,77.46,GEN,South,0.0717546915416264
Tiruchuli,208,HARIKRISHNAN K,IND,108,77.46,GEN,South,0.06249602166528751
Tiruchuli,208,MANIVASAGAM S,Bahujan Dravida Party,70,77.46,GEN,South,0.04050668070898265
Tiruchuli,208,SETHURAMALINGAM S,IND,65,77.46,GEN,South,0.03761334637262674
Tiruchuli,208,CHENNAKESAVAN P,IND,52,77.46,GEN,South,0.03009067709810139
Tiruchuli,208,KALIMUTHU S,IND,46,77.46,GEN,South,0.026618675894474312
Paramakudi,209,MURUGESAN S,DMK,84864,70.59,SC,South,46.58812679102757
Paramakudi,209,SADHAN PRABHAKAR N,AIADMK,71579,70.59,SC,South,39.29500763073815
Paramakudi,209,SASIKALA S,NTK,16430,70.59,SC,South,9.019642288562677
Paramakudi,209,KARUPPU RAJA M,MNM,3488,70.59,SC,South,1.914821199178735
Paramakudi,209,SELVI U,DMDK,2009,70.59,SC,South,1.1028887010177977
Paramakudi,209,NONE OF THE ABOVE,NOTA,1258,70.59,SC,South,0.690609251309303
Paramakudi,209,MURUKESAN K,IND,687,70.59,SC,South,0.37714511577860976
Paramakudi,209,GOVINDAN V,BSP,425,70.59,SC,South,0.23331393625314287
Paramakudi,209,RAJIV GANDHI K,IND,354,70.59,SC,South,0.19433678454967665
Paramakudi,209,UDHAYAKUMAR M,IND,208,70.59,SC,South,0.1141865852721264
Paramakudi,209,BALAMURUGAN S,IND,198,70.59,SC,South,0.10869684559558186
Paramakudi,209,PARTHASARATHI M,My India Party,188,70.59,SC,South,0.10320710591903731
Paramakudi,209,RAMAPANDI C,IND,186,70.59,SC,South,0.10210915798372841
Paramakudi,209,RAVISANKAR V,IND,109,70.59,SC,South,0.05983816247433547
Paramakudi,209,UDAYAKUMAR,IND,96,70.59,SC,South,0.052701500894827565
Paramakudi,209,KUMAR S,IND,79,70.59,SC,South,0.04336894344470185
Tiruvadanai,210,KARUMANICKAM,INC,79364,68.72,GEN,South,39.325124495206005
Tiruvadanai,210,K C ANIMUTHU,AIADMK,65512,68.72,GEN,South,32.461412679929644
Tiruvadanai,210,ANANDH N,AMMK,33426,68.72,GEN,South,16.562693555979486
Tiruvadanai,210,JAWAHAR,NTK,16501,68.72,GEN,South,8.176300076803013
Tiruvadanai,210,SATHYARAJ,MNM,2208,68.72,GEN,South,1.094071302925947
Tiruvadanai,210,NONE OF THE ABOVE,NOTA,768,68.72,GEN,South,0.38054654014815553
Tiruvadanai,210,ANBUBAGURUDEEN N,NCP,629,68.72,GEN,South,0.3116715804077992
Tiruvadanai,210,RAMALINGAM,BSP,610,68.72,GEN,South,0.30225701756559226
Tiruvadanai,210,PERUMAL,IND,522,68.72,GEN,South,0.2586527265069494
Tiruvadanai,210,MANIKANDAN,IND,410,68.72,GEN,South,0.20315635606867674
Tiruvadanai,210,ANANTHARAJ S,My India Party,399,68.72,GEN,South,0.19770581968634643
Tiruvadanai,210,SURIYA PRAKASH,IND,385,68.72,GEN,South,0.1907687733815623
Tiruvadanai,210,MANI,IND,382,68.72,GEN,South,0.1892822634591086
Tiruvadanai,210,PRAVEEN,IND,274,68.72,GEN,South,0.13576790625077423
Tiruvadanai,210,SIKKANDAR,IND,262,68.72,GEN,South,0.1298218665609593
Tiruvadanai,210,PRADEEP,IND,163,68.72,GEN,South,0.08076703911998613
Ramanathapuram,211,KATHARBATCHA MUTHURAMALINGAM,DMK,111082,68.81,GEN,South,51.88371680258573
Ramanathapuram,211,D.KUPPURAMU,BJP,60603,68.81,GEN,South,28.306196227895636
Ramanathapuram,211,K.ILANGO,NTK,17046,68.81,GEN,South,7.96177451447468
Ramanathapuram,211,P.MALAICHAMY,IND,10822,68.81,GEN,South,5.0546945791179745
Ramanathapuram,211,G.MUNIYASAMY,AMMK,6760,68.81,GEN,South,3.1574325776046486
Ramanathapuram,211,K.P SARAVANAN,MNM,1985,68.81,GEN,South,0.9271455128025484
Ramanathapuram,211,E VINOTH,IND,1216,68.81,GEN,South,0.5679642033087651
Ramanathapuram,211,SURYAPRAKASH,IND,1002,68.81,GEN,South,0.46800997673962397
Ramanathapuram,211,NONE OF THE ABOVE,NOTA,753,68.81,GEN,South,0.3517080962923521
Ramanathapuram,211,ALLAPICHAI,BSP,636,68.81,GEN,South,0.29706022475688704
Ramanathapuram,211,MISRA G,IND,495,68.81,GEN,South,0.2312025334192753
Ramanathapuram,211,AMUTHAN,Namadhu Makkal Katchi,383,68.81,GEN,South,0.17889004100925746
Ramanathapuram,211,B VIJAYAPRAKASH,IND,343,68.81,GEN,South,0.16020700800567964
Ramanathapuram,211,K.KURUNTHAPPAN,IND,246,68.81,GEN,South,0.11490065297200347
Ramanathapuram,211,S.SURESH,IND,190,68.81,GEN,South,0.08874440676699455
Ramanathapuram,211,V.JAYAPRAKASH,My India Party,133,68.81,GEN,South,0.06212108473689618
Ramanathapuram,211,SALEEM,IND,128,68.81,GEN,South,0.05978570561144896
Ramanathapuram,211,N MUNIYASAMI,IND,119,68.81,GEN,South,0.05558202318564396
Ramanathapuram,211,R.S.WILHELM BENJAMIN ANAND,Bahujan Dravida Party,78,68.81,GEN,South,0.036431914356976715
Ramanathapuram,211,ASANALI,IND,78,68.81,GEN,South,0.036431914356976715
Mudukulathur,212,R.S.RAJAKANNAPPAN,DMK,101901,70.29,GEN,South,46.06465261987315
Mudukulathur,212,KEERTHIKA,AIADMK,81180,70.29,GEN,South,36.697662433943755
Mudukulathur,212,M.MURUGAN,AMMK,19669,70.29,GEN,South,8.891430431303766
Mudukulathur,212,R.RAHMADNISHA,NTK,11244,70.29,GEN,South,5.082883917310466
Mudukulathur,212,C.NAVAPANNEERSELVAM,MNM,943,70.29,GEN,South,0.4262859777680335
Mudukulathur,212,K.SATHISH,IND,813,70.29,GEN,South,0.36751908793786986
Mudukulathur,212,G.M.SENTHILMURUGAN,IND,713,70.29,GEN,South,0.3223137880685132
Mudukulathur,212,A.SARAVANAKUMAR,Naam Indiar Party,614,70.29,GEN,South,0.27756054119785
Mudukulathur,212,S.PRABAKARAN,IND,548,70.29,GEN,South,0.24772504328407463
Mudukulathur,212,N.SIVANANDAM,BSP,535,70.29,GEN,South,0.24184835430105825
Mudukulathur,212,NONE OF THE ABOVE,NOTA,523,70.29,GEN,South,0.23642371831673545
Mudukulathur,212,C.MALAISELVAM,Puthiya Tamilagam,393,70.29,GEN,South,0.17765682848657177
Mudukulathur,212,K.RAMACHANDRAN,IND,390,70.29,GEN,South,0.17630066949049106
Mudukulathur,212,K.MURUGAN,IND,327,70.29,GEN,South,0.14782133057279634
Mudukulathur,212,K.BOOMIRAJAN YADAV,Tamilaga Makkal Thannurimai Katchi,214,70.29,GEN,South,0.09673934172042331
Mudukulathur,212,DEVA SITHAM.I,IND,204,70.29,GEN,South,0.09221881173348763
Mudukulathur,212,S.IMMANUVEL SEKAR,IND,198,70.29,GEN,South,0.08950649374132623
Mudukulathur,212,M.KARTHICK,IND,141,70.29,GEN,South,0.06373947281579292
Mudukulathur,212,K.PANCHATCHARAM,My India Party,134,70.29,GEN,South,0.06057510182493795
Mudukulathur,212,T.AZHAKUMALAI KUMARAN,IND,131,70.29,GEN,South,0.05921894282885726
Mudukulathur,212,S.RAJA,People's Party of India(secular),114,70.29,GEN,South,0.05153404185106662
Mudukulathur,212,K.RAJAKUMAR,IND,109,70.29,GEN,South,0.04927377685759878
Mudukulathur,212,P.MURUGAN,IND,93,70.29,GEN,South,0.042040928878501714
Mudukulathur,212,E.MOHAN,IND,82,70.29,GEN,South,0.03706834589287248
Vilathikulam,213,MARKANDAYAN V,DMK,90348,76.52,GEN,South,54.04590564039984
Vilathikulam,213,CHINNAPPAN P,AIADMK,51799,76.52,GEN,South,30.986008171371488
Vilathikulam,213,BALAJI R,NTK,11828,76.52,GEN,South,7.075474519797331
Vilathikulam,213,SEENI SELVI K,AMMK,6657,76.52,GEN,South,3.9821976562640202
Vilathikulam,213,WILSON X,MNM,1520,76.52,GEN,South,0.9092594918914392
Vilathikulam,213,MUTHUKUMAR C,Puthiya Tamilagam,1055,76.52,GEN,South,0.6310978710167555
Vilathikulam,213,NONE OF THE ABOVE,NOTA,1036,76.52,GEN,South,0.6197321273681125
Vilathikulam,213,KARUPPASAMY K,Naam Indiar Party,613,76.52,GEN,South,0.3666947819272712
Vilathikulam,213,MANIKKARAJ A,BSP,487,76.52,GEN,South,0.29132195562574403
Vilathikulam,213,MARIMUTHU S,South India Forward Bloc,404,76.52,GEN,South,0.24167160179219832
Vilathikulam,213,MURUGANANTHAM M,IND,348,76.52,GEN,South,0.20817256788040844
Vilathikulam,213,CHELLADURAI S,IND,312,76.52,GEN,South,0.18663747465140068
Vilathikulam,213,ARUMUGAM S,IND,272,76.52,GEN,South,0.16270959328583648
Vilathikulam,213,ARUMUGAPERUMAL K,IND,268,76.52,GEN,South,0.16031680514928007
Vilathikulam,213,GANDHI M,Bahujan Dravida Party,121,76.52,GEN,South,0.07238184113083167
Vilathikulam,213,RAJAMANI P,IND,101,76.52,GEN,South,0.06041790044804958
Thoothukkudi,214,P.GEETHA JEEVAN,DMK,92314,65.07,GEN,South,48.99711794147776
Thoothukkudi,214,SDR VIJAYASEELAN,AIADMK,42004,65.07,GEN,South,22.29428842877388
Thoothukkudi,214,V.VELRAJ,NTK,30937,65.07,GEN,South,16.420302854989462
Thoothukkudi,214,N.SUNDAR,MNM,10534,65.07,GEN,South,5.591087379980574
Thoothukkudi,214,U.CHANDRAN,DMDK,4040,65.07,GEN,South,2.144294001815219
Thoothukkudi,214,J.SIVANESWARAN,IND,2866,65.07,GEN,South,1.5211749032679254
Thoothukkudi,214,NONE OF THE ABOVE,NOTA,1569,65.07,GEN,South,0.8327716061505145
Thoothukkudi,214,S.V.RAJASEKAR,United States of India Party,915,65.07,GEN,South,0.48565074546062514
Thoothukkudi,214,L.MARIA DEVA SAHAYA JOHNY,IND,446,65.07,GEN,South,0.23672156554692766
Thoothukkudi,214,A.ASHOK KUMAR,BSP,436,65.07,GEN,South,0.23141390712659296
Thoothukkudi,214,A.RAJAVEL,IND,282,65.07,GEN,South,0.14967596745343856
Thoothukkudi,214,G.SELVAVINAYAGAM,Veerath Thiyagi Viswanathadoss Thozhilalarkal Katchi,269,65.07,GEN,South,0.14277601150700345
Thoothukkudi,214,S.KRISHNAN,IND,182,65.07,GEN,South,0.09659938325009156
Thoothukkudi,214,J.ALLDRIN AIRMARSHAL THAYARAM,IND,167,65.07,GEN,South,0.08863789561958951
Thoothukkudi,214,A.JEYALALITHA,IND,163,65.07,GEN,South,0.08651483225145562
Thoothukkudi,214,S.SUBASH,RPI(A),161,65.07,GEN,South,0.08545330056738867
Thoothukkudi,214,J.ARUN NEHRURAJ,IND,142,65.07,GEN,South,0.07536874956875275
Thoothukkudi,214,J.SAMUVEL,IND,138,65.07,GEN,South,0.07324568620061887
Thoothukkudi,214,N.BALASUBRAMANIAN,Anna Puratchi Thalaivar Amma Dravida Munnetra Kazhagam,127,65.07,GEN,South,0.06740726193825071
Thoothukkudi,214,K.SUBRAMANI,SHS,124,65.07,GEN,South,0.06581496441215029
Thoothukkudi,214,C.GANESH AYYADURAI,IND,116,65.07,GEN,South,0.06156883767588253
Thoothukkudi,214,MANNAR MAHARAJAN,Bahujan Dravida Party,93,65.07,GEN,South,0.04936122330911272
Thoothukkudi,214,RAMAGUNASEELAN,IND,88,65.07,GEN,South,0.04670739409894537
Thoothukkudi,214,S.BALASUNDRAM,IND,87,65.07,GEN,South,0.0461766282569119
Thoothukkudi,214,G.SELVAM,IND,75,65.07,GEN,South,0.039807438152510255
Thoothukkudi,214,M.LINGARAJA,IND,70,65.07,GEN,South,0.0371536089423429
Thoothukkudi,214,A.MOHAMED IMRAN ARABI,IND,62,65.07,GEN,South,0.032907482206075145
Tiruchendur,215,ANITHA R. RADHAKRISHNAN,DMK,88274,70.04,GEN,South,50.57638538754182
Tiruchendur,215,RADHAKRISHNAN M,AIADMK,63011,70.04,GEN,South,36.102007608745474
Tiruchendur,215,GLORIYAN S,NTK,15063,70.04,GEN,South,8.630311225191365
Tiruchendur,215,VADAMALAIPANDIAN S,AMMK,3766,70.04,GEN,South,2.157721043223175
Tiruchendur,215,JAYANTHI M,MNM,1965,70.04,GEN,South,1.1258422331209608
Tiruchendur,215,NONE OF THE ABOVE,NOTA,1051,70.04,GEN,South,0.6021680341018472
Tiruchendur,215,ROOSWELT X,Naam Indiar Party,239,70.04,GEN,South,0.1369345006187835
Tiruchendur,215,BASKAR C,IND,196,70.04,GEN,South,0.11229774946142916
Tiruchendur,215,PON RATHNA SELVAN S,IND,196,70.04,GEN,South,0.11229774946142916
Tiruchendur,215,SENTHILKUMAR S,IND,177,70.04,GEN,South,0.10141174313608653
Tiruchendur,215,SHAIK ABDUL KADER P.S.J,IND,136,70.04,GEN,South,0.07792088738139982
Tiruchendur,215,KENNADY BABU K,Veerath Thiyagi Viswanathadoss Thozhilalarkal Katchi,129,70.04,GEN,South,0.07391025347206306
Tiruchendur,215,ARUMUGAM S,IND,108,70.04,GEN,South,0.061878351744052804
Tiruchendur,215,KALYANASUNDARAM R,IND,92,70.04,GEN,South,0.052711188522711644
Tiruchendur,215,PERUMAL K,IND,73,70.04,GEN,South,0.041825182197369026
Tiruchendur,215,ESSAKKI MUTHU,IND,60,70.04,GEN,South,0.03437686208002933
Srivaikuntam,216,AMIRTHARAJ .S,INC,76843,72.34,GEN,South,46.74546494227002
Srivaikuntam,216,S.P.SHUNMUGANATHAN,AIADMK,59471,72.34,GEN,South,36.17765503145037
Srivaikuntam,216,P.SUBBIAH PANDIAN,NTK,12706,72.34,GEN,South,7.729368681031231
Srivaikuntam,216,ERAL S. RAMESH,AMMK,10203,72.34,GEN,South,6.2067329334614865
Srivaikuntam,216,R.CHANDRA SEKAR,MNM,1355,72.34,GEN,South,0.8242794398549755
Srivaikuntam,216,NONE OF THE ABOVE,NOTA,756,72.34,GEN,South,0.45989317825118925
Srivaikuntam,216,DURAI SINGH J,IND,494,72.34,GEN,South,0.3005122090688988
Srivaikuntam,216,ARUN B,Puthiya Tamilagam,444,72.34,GEN,South,0.27009599357609526
Srivaikuntam,216,ESAKKI RAJA K,IND,341,72.34,GEN,South,0.20743858966092002
Srivaikuntam,216,SETHURAMALINGAM S,IND,312,72.34,GEN,South,0.189797184675094
Srivaikuntam,216,PONNUDURAI I,IND,297,72.34,GEN,South,0.18067232002725295
Srivaikuntam,216,SURESH PERUMAL S,Naam Indiar Party,233,72.34,GEN,South,0.1417395641964644
Srivaikuntam,216,SUDALAIMUTHU PERUMAL,IND,140,72.34,GEN,South,0.08516540337984987
Srivaikuntam,216,JOSEPH LEON,IND,131,72.34,GEN,South,0.07969048459114524
Srivaikuntam,216,SANKARA SUBRAMANIAN M,IND,129,72.34,GEN,South,0.07847383597143309
Srivaikuntam,216,JEGAN,Anna Dravidar Kazhagam,106,72.34,GEN,South,0.06448237684474346
Srivaikuntam,216,KIRUSHNAVEL R,IND,103,72.34,GEN,South,0.06265740391517526
Srivaikuntam,216,ARULMATHI YESUVADIYAL,Aanaithinthiya Jananayaka Pathukappu Kazhagam,96,72.34,GEN,South,0.05839913374618277
Srivaikuntam,216,SARAVANAN G,IND,80,72.34,GEN,South,0.04866594478848564
Srivaikuntam,216,MALAIANDI R,IND,56,72.34,GEN,South,0.03406616135193995
Srivaikuntam,216,ALLWIN DURAISINGH P,IND,52,72.34,GEN,South,0.03163286411251567
Srivaikuntam,216,VINSTON ANTO S,IND,38,72.34,GEN,South,0.023116323774530677
Ottapidaram,217,SHUNMUGAIAH C,DMK,73110,69.82,SC,South,41.109986504723345
Ottapidaram,217,MOHAN P,AIADMK,64600,69.82,SC,South,36.324786324786324
Ottapidaram,217,VAIKUNDAMARI M,NTK,22413,69.82,SC,South,12.602901484480434
Ottapidaram,217,DR.K.KRISHNASAMY,Puthiya Tamilagam,6544,69.82,SC,South,3.6797121007647324
Ottapidaram,217,ARUMUGANAINAR S,DMDK,5327,69.82,SC,South,2.9953891138101665
Ottapidaram,217,ARUNADEVI R,IJK,1913,69.82,SC,South,1.0756860098965362
Ottapidaram,217,NONE OF THE ABOVE,NOTA,1568,69.82,SC,South,0.8816914080071976
Ottapidaram,217,MURUGAN P,Naam Indiar Party,520,69.82,SC,South,0.29239766081871343
Ottapidaram,217,SAMUTHIRAM P,IND,399,69.82,SC,South,0.22435897435897434
Ottapidaram,217,M.A.DHARMAR,IND,320,69.82,SC,South,0.1799370220422852
Ottapidaram,217,RAJ V,IND,316,69.82,SC,South,0.17768780926675662
Ottapidaram,217,MAHARAJAN A,Bahujan Dravida Party,157,69.82,SC,South,0.08828160143949618
Ottapidaram,217,ELAMBIRAI MANIMARAN P,IND,152,69.82,SC,South,0.08547008547008547
Ottapidaram,217,SASI MURUGAN C,IND,133,69.82,SC,South,0.0747863247863248
Ottapidaram,217,GUNASEKARAN,IND,100,69.82,SC,South,0.05623031938821412
Ottapidaram,217,VELMURUGAN,IND,98,69.82,SC,South,0.05510571300044985
Ottapidaram,217,KARUPPARAJA,IND,86,69.82,SC,South,0.048358074673864146
Ottapidaram,217,GANESHKUMAR M,IND,84,69.82,SC,South,0.04723346828609986
Kovilpatti,218,KADAMBUR RAJU,AIADMK,68556,67.43,GEN,South,37.89131588256102
Kovilpatti,218,TTV DHINAKARAN,AMMK,56153,67.43,GEN,South,31.036102759108598
Kovilpatti,218,K.SRINIVASAN,CPI(M),37380,67.43,GEN,South,20.660152104704636
Kovilpatti,218,M.GOMATHI,NTK,9213,67.43,GEN,South,5.092080827732579
Kovilpatti,218,K.KATHIRAVAN,MNM,3667,67.43,GEN,South,2.0267730810045985
Kovilpatti,218,NONE OF THE ABOVE,NOTA,1124,67.43,GEN,South,0.621241598868058
Kovilpatti,218,ATHIKARAN @ ATHIKUMAR,IND,644,67.43,GEN,South,0.35594269543685886
Kovilpatti,218,RAMESHKANNAN,IND,498,67.43,GEN,South,0.2752476123098691
Kovilpatti,218,SUBASH,IND,443,67.43,GEN,South,0.24484877962504423
Kovilpatti,218,SIVASUBRAMANIAN,IND,420,67.43,GEN,South,0.23213654050229926
Kovilpatti,218,P.GUNASEKARAN,IND,412,67.43,GEN,South,0.22771489211177928
Kovilpatti,218,A.KALIRAJ,IND,315,67.43,GEN,South,0.17410240537672445
Kovilpatti,218,K.SHANMUGASUNDARAM,Bahujan Dravida Party,246,67.43,GEN,South,0.13596568800848957
Kovilpatti,218,M.G.R.NAMBBI,All India MGR Makkal Munnetra Kazhagam,244,67.43,GEN,South,0.13486027591085956
Kovilpatti,218,J.RAVISANKAR JAYACHANTHIRAN,IND,205,67.43,GEN,South,0.11330474000707463
Kovilpatti,218,RAMACHANDIRAN.R,BSP,203,67.43,GEN,South,0.11219932790944465
Kovilpatti,218,S.UDAIYAR,Naam Indiar Party,175,67.43,GEN,South,0.09672355854262468
Kovilpatti,218,A.PATTURANI,IND,136,67.43,GEN,South,0.07516802263883976
Kovilpatti,218,M.MARIMUTHU,IND,133,67.43,GEN,South,0.07350990449239476
Kovilpatti,218,KANNAN,IND,121,67.43,GEN,South,0.06687743190661478
Kovilpatti,218,M.PONNUSAMY,IND,120,67.43,GEN,South,0.06632472585779978
Kovilpatti,218,MANTHIRASUDAMANI,IND,104,67.43,GEN,South,0.057481429076759814
Kovilpatti,218,RAJKUMAR POLIAH,Universal Brotherhood Movement,99,67.43,GEN,South,0.054717898832684825
Kovilpatti,218,RENGANAYAGALU,IND,90,67.43,GEN,South,0.04974354439334984
Kovilpatti,218,K.PANDIMUNEESWARI,IND,81,67.43,GEN,South,0.04476918995401486
Kovilpatti,218,RAJA,IND,80,67.43,GEN,South,0.04421648390519986
Kovilpatti,218,P.RAMASAMY,IND,66,67.43,GEN,South,0.036478599221789886
Sankarankovil,219,RAJA E,DMK,71347,71.48,SC,South,38.91555487678495
Sankarankovil,219,RAJALAKSHMI V M,AIADMK,66050,71.48,SC,South,36.026355692764184
Sankarankovil,219,ANNADURAI R,AMMK,22682,71.48,SC,South,12.37168508437967
Sankarankovil,219,MAHENDRAKUMARI P,NTK,13851,71.48,SC,South,7.554898602581026
Sankarankovil,219,PRABHU K,MNM,2338,71.48,SC,South,1.2752402666113953
Sankarankovil,219,NONE OF THE ABOVE,NOTA,1957,71.48,SC,South,1.06742737457592
Sankarankovil,219,SUBRAMANIAM V,Puthiya Tamilagam,1941,71.48,SC,South,1.058700323991753
Sankarankovil,219,VALLIAMMAL M,IND,890,71.48,SC,South,0.4854421887442865
Sankarankovil,219,VETRIMARAN A,IND,620,71.48,SC,South,0.3381732101364692
Sankarankovil,219,KARUTHAPANDIYAN R,IND,408,71.48,SC,South,0.2225397898962572
Sankarankovil,219,MUTHUKKUTTI S,IND,389,71.48,SC,South,0.21217641732755896
Sankarankovil,219,GURURAJ P,IND,303,71.48,SC,South,0.16526852043766158
Sankarankovil,219,PANEERSELVAM U,Tamizhaga Murpokku Makkal Katchi,187,71.48,SC,South,0.10199740370245121
Sankarankovil,219,MATHANKUMAR K,My India Party,171,71.48,SC,South,0.09327035311828426
Sankarankovil,219,GANESAN A,IND,107,71.48,SC,South,0.05836215078161647
Sankarankovil,219,BALAMURUGESAN M,Bahujan Dravida Party,97,71.48,SC,South,0.05290774416651212
Vasudevanallur,220,"SADHAN THIRUMALAIKUMAR, DOCTOR.T",DMK,68730,71.87,SC,South,39.07755812168455
Vasudevanallur,220,MANOHARAN A,AIADMK,66363,71.87,SC,South,37.731761816228016
Vasudevanallur,220,MATHIVANAN S S,NTK,16731,71.87,SC,South,9.512681870128098
Vasudevanallur,220,THANGARAJ S,AMMK,13376,71.87,SC,South,7.6051421131333115
Vasudevanallur,220,PETCHIAMMAL V,Puthiya Tamilagam,3651,71.87,SC,South,2.0758353659576647
Vasudevanallur,220,NONE OF THE ABOVE,NOTA,2171,71.87,SC,South,1.234357321143273
Vasudevanallur,220,CHINNASAMY M,MNM,2139,71.87,SC,South,1.2161632012553942
Vasudevanallur,220,ESWARAN M,New Generation People’s Party,795,71.87,SC,South,0.4520101659644874
Vasudevanallur,220,RAMAMOORTHY P,IND,716,71.87,SC,South,0.40709343249128677
Vasudevanallur,220,JAYAKUMAR P L A,Tamil Nadu Ilangyar Katchi,544,71.87,SC,South,0.3093000380939385
Vasudevanallur,220,KARUPPASAMY K,My India Party,342,71.87,SC,South,0.194449656301704
Vasudevanallur,220,MUTHUPANDI G,IND,323,71.87,SC,South,0.183646897618276
Kadayanallur,221,C.KRISHNAMURALI,AIADMK,88474,70.35,GEN,South,43.07945504299473
Kadayanallur,221,K.A.M.MUHAMMED ABUBACKER,IUML,64125,70.35,GEN,South,31.22352391247188
Kadayanallur,221,S.AYYADURAIPANDIAN,AMMK,34216,70.35,GEN,South,16.66033675148753
Kadayanallur,221,M.MUTHULAKSHMI,NTK,10136,70.35,GEN,South,4.935386173517583
Kadayanallur,221,M.AMBIKADEVI,MNM,1778,70.35,GEN,South,0.8657376298849903
Kadayanallur,221,NONE OF THE ABOVE,NOTA,1056,70.35,GEN,South,0.5141838791667884
Kadayanallur,221,S.SEENIVASAN,IND,938,70.35,GEN,South,0.4567277260023177
Kadayanallur,221,SIVASUBRAMANIYAN R,IND,672,70.35,GEN,South,0.32720792310613805
Kadayanallur,221,VELAMMAL,IND,672,70.35,GEN,South,0.32720792310613805
Kadayanallur,221,POOLOGARAJ R,IND,658,70.35,GEN,South,0.3203910913747602
Kadayanallur,221,S.MURUGANANTHAM,IND,532,70.35,GEN,South,0.2590396057923593
Kadayanallur,221,A.SANKAR,IND,413,70.35,GEN,South,0.20109653607564737
Kadayanallur,221,S.RAJA RAM,New Generation People’s Party,318,70.35,GEN,South,0.15483946361272605
Kadayanallur,221,M.AYYADURAI,IND,284,70.35,GEN,South,0.13828430083652263
Kadayanallur,221,RAJA PONNUSAMY,IND,259,70.35,GEN,South,0.1261113870304907
Kadayanallur,221,P.RAJI,IND,247,70.35,GEN,South,0.1202683884035954
Kadayanallur,221,R.KRISHNAN,IND,126,70.35,GEN,South,0.06135148558240089
Kadayanallur,221,A.GANESAN,IND,122,70.35,GEN,South,0.059403819373435786
Kadayanallur,221,MARIDURAIPANDIAN,IND,96,70.35,GEN,South,0.04674398901516258
Kadayanallur,221,AYYADURAI  R,IND,87,70.35,GEN,South,0.04236174004499109
Kadayanallur,221,K.RADHA KRISHNAN,IND,85,70.35,GEN,South,0.041387906940508534
Kadayanallur,221,AVANI RAJA.T,IND,80,70.35,GEN,South,0.03895332417930215
Tenkasi,222,PALANI NADAR.S,INC,89315,72.4,GEN,South,41.714928914379655
Tenkasi,222,SELVA MOHANDAS PANDIAN.S,AIADMK,88945,72.4,GEN,South,41.54211893063314
Tenkasi,222,VINCENTRAJ.R,NTK,15336,72.4,GEN,South,7.1627402992882105
Tenkasi,222,MOHAMED.S,AMMK,9944,72.4,GEN,South,4.644385076690268
Tenkasi,222,THIRUMALAIMUTHU.R,MNM,2188,72.4,GEN,South,1.0219141741550994
Tenkasi,222,MADASAMY.A,IND,1978,72.4,GEN,South,0.9238328320286957
Tenkasi,222,NONE OF THE ABOVE,NOTA,1159,72.4,GEN,South,0.5413155977357221
Tenkasi,222,CHANDRASEGAR.S,Puthiya Tamilagam,878,72.4,GEN,South,0.4100734208903918
Tenkasi,222,UDHAYAKUMAR.K.M,Anna Dravidar Kazhagam,690,72.4,GEN,South,0.32226726698675434
Tenkasi,222,RAMESH.R,IND,684,72.4,GEN,South,0.3194649429259999
Tenkasi,222,PALANIMURUGAN.P,IND,628,72.4,GEN,South,0.29330991835895903
Tenkasi,222,REEGANKUMAR. M,IND,495,72.4,GEN,South,0.23119173501223683
Tenkasi,222,AROKKIYA PRABHU.J,IND,428,72.4,GEN,South,0.19989911633381285
Tenkasi,222,JEGANATHAN.M,Anaithu Makkal Puratchi Katchi,416,72.4,GEN,South,0.19429446821230406
Tenkasi,222,SELVAKUMAR.R,Naam Indiar Party,319,72.4,GEN,South,0.14899022923010818
Tenkasi,222,DOCTOR. KARUPPASAMY.S,IND,216,72.4,GEN,South,0.10088366618715787
Tenkasi,222,MUGUNDHAN.K,My India Party,195,72.4,GEN,South,0.09107553197451752
Tenkasi,222,PALANIKUMAR.A,IND,175,72.4,GEN,South,0.08173445177200292
Tenkasi,222,SURESHKUMAR.S,Anna Puratchi Thalaivar Amma Dravida Munnetra Kazhagam,119,72.4,GEN,South,0.05557942720496198
Alangulam,223,PAUL MANOJ PANDIAN,AIADMK,74153,77.4,GEN,South,36.44276039670136
Alangulam,223,DR.POONGOTHAI ALADI ARUNA,DMK,70614,77.4,GEN,South,34.70350603013594
Alangulam,223,HARI NADAR.A,IND,37727,77.4,GEN,South,18.54107077915057
Alangulam,223,M.SANGEETHA ESAK,NTK,12519,77.4,GEN,South,6.152507887830625
Alangulam,223,RAJENDRANATHAN,DMDK,2816,77.4,GEN,South,1.3839333982052113
Alangulam,223,NONE OF THE ABOVE,NOTA,1786,77.4,GEN,South,0.8777361680378224
Alangulam,223,S.SELVAKUMAR,MNM,1454,77.4,GEN,South,0.7145735656926056
Alangulam,223,A.UDHAYAKUMAR,Puthiya Tamilagam,1105,77.4,GEN,South,0.5430562517815194
Alangulam,223,ARUNKUMAR.K,IND,492,77.4,GEN,South,0.24179518178869458
Alangulam,223,K.SIVARAM,IND,436,77.4,GEN,South,0.21427377898347733
Alangulam,223,S.SANKAR GANESH YADAV,IND,376,77.4,GEN,South,0.1847865616921731
Tirunelveli,224,NAINAR NAGENTHRAN,BJP,92282,66.91,GEN,South,46.704489667842516
Tirunelveli,224,"LAKSHMANAN,A.L.S.",DMK,69175,66.91,GEN,South,35.00989437564212
Tirunelveli,224,"SATHYA,B.",NTK,19162,66.91,GEN,South,9.698006447792618
Tirunelveli,224,"MAHESH KANNAN,A.P.",AMMK,8911,66.91,GEN,South,4.509912089358106
Tirunelveli,224,NONE OF THE ABOVE,NOTA,2091,66.91,GEN,South,1.0582680034617662
Tirunelveli,224,"SIVAKUMAR,M.",IND,1412,66.91,GEN,South,0.7146219133849898
Tirunelveli,224,SRITHAR RAJAN,IND,1342,66.91,GEN,South,0.679194481418312
Tirunelveli,224,KALANITHY,BSP,654,66.91,GEN,South,0.3309934358029627
Tirunelveli,224,"SANKARASUBRAMANIAN,M.",IND,582,66.91,GEN,South,0.29455379149437966
Tirunelveli,224,"ESAKKIMUTHU,P.",IND,437,66.91,GEN,South,0.22116839670626104
Tirunelveli,224,"SUNDARRAJ,M.",CPI(ML)(L),415,66.91,GEN,South,0.2100340609453051
Tirunelveli,224,"MURUGAN,V.",IND,342,66.91,GEN,South,0.17308831046576953
Tirunelveli,224,"RAGHAVAN,C.M.",IND,319,66.91,GEN,South,0.16144786853386103
Tirunelveli,224,SANKAR @ SANKARANARAYANAN,IND,264,66.91,GEN,South,0.13361202913147122
Tirunelveli,224,"MURUGAN,R.",IND,199,66.91,GEN,South,0.10071512801955594
Ambasamudram,225,E.SUBAYA,AIADMK,85211,72.03,GEN,South,47.95729425205846
Ambasamudram,225,R.AVUDAIAPPAN,DMK,68296,72.03,GEN,South,38.43742437289299
Ambasamudram,225,SHENBAGA VALLI,NTK,13735,72.03,GEN,South,7.730145598009916
Ambasamudram,225,C.RANI RANJITHAM,AMMK,4194,72.03,GEN,South,2.3604099481655325
Ambasamudram,225,C.GANESAN,MNM,2807,72.03,GEN,South,1.579797502265296
Ambasamudram,225,NONE OF THE ABOVE,NOTA,1673,72.03,GEN,South,0.9415750699286924
Ambasamudram,225,MANIMARAN,BSP,509,72.03,GEN,South,0.28646844626043305
Ambasamudram,225,J.RAJESH DHARMASINGH PANDIAN,IND,390,72.03,GEN,South,0.2194944873115302
Ambasamudram,225,M.GAVASKAR,IND,315,72.03,GEN,South,0.17728400898238977
Ambasamudram,225,S. LAKSHMANAN,Veerath Thiyagi Viswanathadoss Thozhilalarkal Katchi,178,72.03,GEN,South,0.10017953523449327
Ambasamudram,225,S.GANESAN,IND,166,72.03,GEN,South,0.0934258587018308
Ambasamudram,225,ARUNACHALAM,IND,119,72.03,GEN,South,0.0669739589489028
Ambasamudram,225,ABDUL MAJEETH,IND,88,72.03,GEN,South,0.04952696123952477
Palayamcottai,226,ABDUL WAHAB .M,DMK,89117,57.76,GEN,South,55.32090557510973
Palayamcottai,226,GERALD .G,AIADMK,36976,57.76,GEN,South,22.953485917897336
Palayamcottai,226,MOHAMED MUBARAK .V.M.S.,SDPI,12241,57.76,GEN,South,7.598810610152026
Palayamcottai,226,FATHIMA .A,NTK,11665,57.76,GEN,South,7.241248735186943
Palayamcottai,226,PREMNATH. D,MNM,8107,57.76,GEN,South,5.032559236704719
Palayamcottai,226,NONE OF THE ABOVE,NOTA,1647,57.76,GEN,South,1.022403486228281
Palayamcottai,226,SADAGOPAN .K,IND,395,57.76,GEN,South,0.24520302189445717
Palayamcottai,226,RAJA .S,Veerath Thiyagi Viswanathadoss Thozhilalarkal Katchi,298,57.76,GEN,South,0.18498860892290692
Palayamcottai,226,VEERASUBRAMANIYAN .S,Aanaithinthiya Jananayaka Pathukappu Kazhagam,231,57.76,GEN,South,0.1433972102724547
Palayamcottai,226,JOHN SAMUVEL JESUPATHAM .D,IND,212,57.76,GEN,South,0.1316026345357593
Palayamcottai,226,LEO INFANT RAJ .M,IND,202,57.76,GEN,South,0.12539496309539327
Nanguneri,227,RUBY R MANOHARAN,INC,75902,68.59,GEN,South,39.42510466336315
Nanguneri,227,GANESARAJA,AIADMK,59416,68.59,GEN,South,30.861927468029627
Nanguneri,227,PARAMASIVA IYYAPPAN,AMMK,31870,68.59,GEN,South,16.553952275584088
Nanguneri,227,VEERAPANDI,NTK,17654,68.59,GEN,South,9.169861106782601
Nanguneri,227,NONE OF THE ABOVE,NOTA,1537,68.59,GEN,South,0.7983503184051693
Nanguneri,227,KATHIRAVAN,IND,1154,68.59,GEN,South,0.5994120152502053
Nanguneri,227,GNANA BALAJI,IND,813,68.59,GEN,South,0.422289400691869
Nanguneri,227,SUBBULAKSHMI,BSP,700,68.59,GEN,South,0.36359480994379867
Nanguneri,227,ASHOK KUMAR,IND,625,68.59,GEN,South,0.3246382231641059
Nanguneri,227,KANDHAN,Anaithu Ulaga Tamilargal Munnetra Kalagam,497,68.59,GEN,South,0.258152315060097
Nanguneri,227,LENIN,IND,454,68.59,GEN,South,0.2358172053064065
Nanguneri,227,SHUNMUGA SUNDARAM,Naam Indiar Party,441,68.59,GEN,South,0.22906473026459315
Nanguneri,227,MUTHURAJ,IND,436,68.59,GEN,South,0.2264676244792803
Nanguneri,227,KANDASAMY,IND,432,68.59,GEN,South,0.22438993985103
Nanguneri,227,PRABAKARAN,Veerath Thiyagi Viswanathadoss Thozhilalarkal Katchi,430,68.59,GEN,South,0.22335109753690488
Nanguneri,227,MUTHUDURAI,IND,161,68.59,GEN,South,0.08362680628707368
Radhapuram,228,M.APPAVU,DMK,82331,68.08,GEN,South,43.954407132560995
Radhapuram,228,I.S.INBADURAI,AIADMK,76406,68.08,GEN,South,40.79120175110779
Radhapuram,228,R.JESU DHASAN,NTK,19371,68.08,GEN,South,10.341679568629544
Radhapuram,228,K.JEYABALAN,DMDK,2432,68.08,GEN,South,1.2983823607922695
Radhapuram,228,G.DEVA PERAN,IND,1224,68.08,GEN,South,0.653462175004004
Radhapuram,228,NONE OF THE ABOVE,NOTA,903,68.08,GEN,South,0.4820885163632481
Radhapuram,228,K.SUBBURAJ,IND,518,68.08,GEN,South,0.27654690085953765
Radhapuram,228,R.SUDALAIMANI,IND,470,68.08,GEN,South,0.25092093321232184
Radhapuram,228,E.ESAKKIAMMAL,BSP,464,68.08,GEN,South,0.24771768725641982
Radhapuram,228,T.SERMADURAI,IND,456,68.08,GEN,South,0.2434466926485505
Radhapuram,228,J.JESU RAJENDRAN,Naam Indiar Party,329,68.08,GEN,South,0.17564465324862527
Radhapuram,228,A.KUMAR,IND,318,68.08,GEN,South,0.16977203566280497
Radhapuram,228,T.MUTHU SELVI,IND,310,68.08,GEN,South,0.16550104105493565
Radhapuram,228,M.CHANDRAN,Veerath Thiyagi Viswanathadoss Thozhilalarkal Katchi,295,68.08,GEN,South,0.1574929261651807
Radhapuram,228,N.GODFREY WASHINGTON NOBLE,Aanaithinthiya Jananayaka Pathukappu Kazhagam,235,68.08,GEN,South,0.12546046660616092
Radhapuram,228,T.VENUS VEERA ARASU,IND,224,68.08,GEN,South,0.11958784902034061
Radhapuram,228,N.KANNAN,IND,193,68.08,GEN,South,0.10303774491484705
Radhapuram,228,M.VIJAYAKUMAR,IND,143,68.08,GEN,South,0.07634402861566388
Radhapuram,228,D.ARUNRAJ,IND,139,68.08,GEN,South,0.07420853131172922
Radhapuram,228,M.SASWATHAN,IND,117,68.08,GEN,South,0.06246329614008863
Radhapuram,228,M.ANTONY ROSSARY,IND,98,68.08,GEN,South,0.052319683946399013
Radhapuram,228,D.SHEIK SYED ALI,IND,95,68.08,GEN,South,0.050718060968448025
Radhapuram,228,S.ABINANTH RAM,IND,69,68.08,GEN,South,0.03683732849287278
Radhapuram,228,S.KATTERI PERUMAL,IND,59,68.08,GEN,South,0.03149858523303614
Radhapuram,228,T.RETHINA PANDI,IND,59,68.08,GEN,South,0.03149858523303614
Radhapuram,228,S.MANIKANDAN,IND,52,68.08,GEN,South,0.027761464951150498
Kanniyakumari,229,THALAVAI SUNDARAM N.,AIADMK,109745,75.19,GEN,South,48.80288517125146
Kanniyakumari,229,AUSTIN S.,DMK,93532,75.19,GEN,South,41.593069896920056
Kanniyakumari,229,SASIKALA  R.,NTK,14140,75.19,GEN,South,6.287965705239379
Kanniyakumari,229,SELVAKUMAR  P.T.,MNM,3106,75.19,GEN,South,1.3812179264832751
Kanniyakumari,229,SENTHIL MURUGAN  P.,AMMK,1589,75.19,GEN,South,0.706617928262049
Kanniyakumari,229,NONE OF THE ABOVE,NOTA,1096,75.19,GEN,South,0.48738404617697023
Kanniyakumari,229,SUTHARMAN C.J.,BSP,681,75.19,GEN,South,0.30283625496944955
Kanniyakumari,229,AUGUSTIN A.,IND,446,75.19,GEN,South,0.19833328886398605
Kanniyakumari,229,MANICKAVASAGAM PILLAI NA.,IND,142,75.19,GEN,South,0.0631464731360673
Kanniyakumari,229,MAKESH N.,IND,119,75.19,GEN,South,0.05291852326191557
Kanniyakumari,229,THANU NEELAN S.,IND,95,75.19,GEN,South,0.04224587991497461
Kanniyakumari,229,SUBASH S.,IND,78,75.19,GEN,South,0.0346860908775581
Kanniyakumari,229,CHELLIAH PILLAI I.,IND,55,75.19,GEN,South,0.02445814100340635
Kanniyakumari,229,SUNDARA NATHAN Y.,IND,50,75.19,GEN,South,0.02223467363946032
Nagercoil,230,GANDHI M.R.,BJP,88804,67.06,GEN,South,48.21456687569563
Nagercoil,230,SURESH RAJAN N.,DMK,77135,67.06,GEN,South,41.879088959470096
Nagercoil,230,VIJAYARAGAVAN,NTK,10753,67.06,GEN,South,5.8381518581860625
Nagercoil,230,MARIA JACOB STANI RAJA S.,MNM,4037,67.06,GEN,South,2.1918180090669708
Nagercoil,230,AMMU ANTO I.,AMMK,1094,67.06,GEN,South,0.5939680212829492
Nagercoil,230,NONE OF THE ABOVE,NOTA,930,67.06,GEN,South,0.504927111328284
Nagercoil,230,SUNIL KUMAR S.,Anaithu Makkal Puratchi Katchi,315,67.06,GEN,South,0.17102369899828976
Nagercoil,230,BALA SIVANESAN J.,IND,242,67.06,GEN,South,0.1313896354209083
Nagercoil,230,GANDHI RAJ C.,IND,183,67.06,GEN,South,0.09935662513233977
Nagercoil,230,USHA P.,IND,134,67.06,GEN,South,0.07275293862149469
Nagercoil,230,RATHINAM A.T.,IND,134,67.06,GEN,South,0.07275293862149469
Nagercoil,230,KANNAN M.,IND,103,67.06,GEN,South,0.05592203491055189
Nagercoil,230,PRAVIN RAJ P.,IND,97,67.06,GEN,South,0.0526644406439178
Nagercoil,230,MAHIZHCHI P.,IND,81,67.06,GEN,South,0.043977522599560226
Nagercoil,230,GANDHI L.,IND,73,67.06,GEN,South,0.03963406357738144
Nagercoil,230,SATHEESH KUMAR D.,Anaithu Makkal Arasiyal Katchi,70,67.06,GEN,South,0.03800526644406439
Colachel,231,PRINCE J.G.,INC,90681,67.27,GEN,South,49.5608545709929
Colachel,231,RAMESH P.,BJP,65849,67.27,GEN,South,35.98915663309085
Colachel,231,ANTONY ASLIN J.,NTK,18202,67.27,GEN,South,9.9481332903388
Colachel,231,LATHIS MARY S.,MNM,2127,67.27,GEN,South,1.1624920068426892
Colachel,231,SIVAKUMAR M.,DMDK,1332,67.27,GEN,South,0.7279921735375938
Colachel,231,ANTHONY MUTHU S.M.,CPI(ML)(L),1218,67.27,GEN,South,0.6656865370636555
Colachel,231,KRISHNA KUMAR A.,Anaithu Makkal Puratchi Katchi,1145,67.27,GEN,South,0.6257890680935021
Colachel,231,NONE OF THE ABOVE,NOTA,878,67.27,GEN,South,0.47986270898348904
Colachel,231,ANISH K.M.,BSP,831,67.27,GEN,South,0.4541752974547601
Colachel,231,VIJAYAKUMAR R.,IND,272,67.27,GEN,South,0.14865906246413327
Colachel,231,MARYSTELLA R.,IND,201,67.27,GEN,South,0.1098546748356279
Colachel,231,"MOHAMMED ALI, PROFESSOR, S.",IND,130,67.27,GEN,South,0.07105028720712252
Colachel,231,RAJA C.,SHS,103,67.27,GEN,South,0.05629368909487399
Padmanabhapuram,232,"MANO THANGARAJ, T.",DMK,87744,70.08,GEN,South,51.56679752697525
Padmanabhapuram,232,"JOHN THANKAM, D.",AIADMK,60859,70.08,GEN,South,35.76659065798444
Padmanabhapuram,232,SEELAN,NTK,13899,70.08,GEN,South,8.168386656950092
Padmanabhapuram,232,"JENKINS, D.",AMMK,3234,70.08,GEN,South,1.900608853052493
Padmanabhapuram,232,"LATHA, P.",BSP,1272,70.08,GEN,South,0.747549307694116
Padmanabhapuram,232,NONE OF THE ABOVE,NOTA,1036,70.08,GEN,South,0.6088530524930064
Padmanabhapuram,232,"JEYARAJ, M.",MNM,981,70.08,GEN,South,0.5765297726791885
Padmanabhapuram,232,"SYEDALI, A.",IND,324,70.08,GEN,South,0.1904135029032182
Padmanabhapuram,232,"GLORY SELVI, T.",IND,271,70.08,GEN,South,0.15926561508263004
Padmanabhapuram,232,"MATHAN, F.",IND,177,70.08,GEN,South,0.10402219140083217
Padmanabhapuram,232,"ROBERT SINGH, I.",IND,175,70.08,GEN,South,0.10284679940760243
Padmanabhapuram,232,"NAGARAJAN, M.",IND,129,70.08,GEN,South,0.07581278356331837
Padmanabhapuram,232,"ANCHALOSE, Y.",IND,55,70.08,GEN,South,0.03232327981381791
Vilavancode,233,VIJAYADHARANI S,INC,87473,66.83,GEN,South,52.11813913582306
Vilavancode,233,JAYASEELAN R,BJP,58804,66.83,GEN,South,35.036583331347266
Vilavancode,233,MARY ADLIN,NTK,12292,66.83,GEN,South,7.323816106198909
Vilavancode,233,SAMUEL GEORGE KALAI ARASAR,IND,3541,66.83,GEN,South,2.1097976596201056
Vilavancode,233,IDEN SONI L,DMDK,2447,66.83,GEN,South,1.4579708763316572
Vilavancode,233,NONE OF THE ABOVE,NOTA,782,66.83,GEN,South,0.4659310279081961
Vilavancode,233,RAJAKUMAR R,MNM,637,66.83,GEN,South,0.37953716723468145
Vilavancode,233,AMOSE S,IND,436,66.83,GEN,South,0.25977740174932673
Vilavancode,233,VIJAYAKUMAR P,IND,294,66.83,GEN,South,0.17517100026216068
Vilavancode,233,VASANTHEESWARAN E,Ulaga Makkal Katchi,235,66.83,GEN,South,0.14001763626397196
Vilavancode,233,MOHAN KUMAR M,IND,198,66.83,GEN,South,0.11797230629900617
Vilavancode,233,SATHEESH S,IND,185,66.83,GEN,South,0.110226649824829
Vilavancode,233,WILSON G,SHS,161,66.83,GEN,South,0.09592697633404038
Vilavancode,233,RAJA MURRUGAN K H,IND,150,66.83,GEN,South,0.08937295931742892
Vilavancode,233,MARIASELVAN Y,IND,122,66.83,GEN,South,0.07269000691150884
Vilavancode,233,RAJESH KUMAR S,National Democratic Party of South India,79,66.83,GEN,South,0.0470697585738459
Killiyoor,234,RAJESH KUMAR  S,INC,101541,65.87,GEN,South,59.75882484492519
Killiyoor,234,JUDE DEV   K.V,AIADMK,46141,65.87,GEN,South,27.154862933885752
Killiyoor,234,PETER H,NTK,14517,65.87,GEN,South,8.543532762862087
Killiyoor,234,SIVAKUMAR  V,BSP,1596,65.87,GEN,South,0.9392765922386092
Killiyoor,234,JAYARAJ E,Tamil Nadu Ilangyar Katchi,1443,65.87,GEN,South,0.8492331595240057
Killiyoor,234,ANTONY  A,AISMK,1214,65.87,GEN,South,0.7144622700361352
Killiyoor,234,SEEMA  A,AMMK,1102,65.87,GEN,South,0.648548123212373
Killiyoor,234,NONE OF THE ABOVE,NOTA,754,65.87,GEN,South,0.4437434527242552
Killiyoor,234,SIVAN RAJ  K,IND,323,65.87,GEN,South,0.1900916912863852
Killiyoor,234,RAMESH RAJA KUMAR C,IND,278,65.87,GEN,South,0.16360832872326653
Killiyoor,234,JOHN BENADICT G,IND,235,65.87,GEN,South,0.13830200449628643
Killiyoor,234,ANCHALOSE R,IND,213,65.87,GEN,South,0.12535458279876174
Killiyoor,234,SHAJU SINGH M R,IND,213,65.87,GEN,South,0.12535458279876174
Killiyoor,234,VIJIKUMAR K,National Democratic Party of South India,186,65.87,GEN,South,0.10946456526089055
Killiyoor,234,THANKAPPAN C,Tamilnadu Mahatma Gandhi Makkal Katchi,162,65.87,GEN,South,0.09534010522722726
