constituency,ac_number,candidate,party,votes,turnout,reserved,region,vote_share_%
Gummidipoondi,1,S.VIJAYAKUMAR,TVK,94320,,GEN,Chennai Metro,40.563903630624196
Gummidipoondi,1,SUDHAKAR.V,AIADMK,66375,,GEN,Chennai Metro,28.545685999604338
Gummidipoondi,1,T.J.GOVINDARAJAN,DMK,62492,,GEN,Chennai Metro,26.875736489450457
Gummidipoondi,1,"R.SRIDAR. B.L.,",NTK,4756,,GEN,Chennai Metro,2.04539785482664
Gummidipoondi,1,NOTA,NOTA,937,,GEN,Chennai Metro,0.4029726219454503
Gummidipoondi,1,M.JAGADEESAN,Bahujan Samaj Party,697,,GEN,Chennai Metro,0.29975658217286966
Gummidipoondi,1,SDK SANKAR,Aanaithinthiya Jananayaka Pathukappu Kazhagam,599,,GEN,Chennai Metro,0.2576100325990659
Gummidipoondi,1,G.RANJITH B.SC.L.L.B,IND,503,,GEN,Chennai Metro,0.21632361669003364
Gummidipoondi,1,K. CHANDRA SEKAR,Veerath Thiyagi Viswanathadoss Thozhilalarkal Katchi,336,,GEN,Chennai Metro,0.14450245568161293
Gummidipoondi,1,D.SUDHAKAR,IND,321,,GEN,Chennai Metro,0.13805145319582662
Gummidipoondi,1,M.KUMARAN,IND,260,,GEN,Chennai Metro,0.11181737642029571
Gummidipoondi,1,D.DINESH,IND,222,,GEN,Chennai Metro,0.09547483678963711
Gummidipoondi,1,V.SUDHAKAR,IND,217,,GEN,Chennai Metro,0.09332450262770835
Gummidipoondi,1,T.GOVINDAN,IND,206,,GEN,Chennai Metro,0.08859376747146507
Gummidipoondi,1,GOPAL.K,IND,177,,GEN,Chennai Metro,0.07612182933227823
Gummidipoondi,1,A.H. SIVA GANESH,IND,104,,GEN,Chennai Metro,0.04472695056811828
Ponneri,2,DR.RAVI.M.S,TVK,110439,,SC,Chennai Metro,48.690365445575544
Ponneri,2,DURAI CHANDRASEKAR,INC,54671,,SC,Chennai Metro,24.103359947799788
Ponneri,2,BALARAMAN.P,AIADMK,51468,,SC,Chennai Metro,22.691220753111512
Ponneri,2,RAJATHI.M,NTK,6676,,SC,Chennai Metro,2.943316036134539
Ponneri,2,NOTA,NOTA,865,,SC,Chennai Metro,0.3813613497987382
Ponneri,2,SANTHOSHKUMAR.J,Bahujan Samaj Party,615,,SC,Chennai Metro,0.2711413065043052
Ponneri,2,MALATHI.S,Tamizhaga Murpokku Makkal Katchi,371,,SC,Chennai Metro,0.16356654424893857
Ponneri,2,ASHOK PRIYADARSHAN,Desiya Makkal Sakthi Katchi,366,,SC,Chennai Metro,0.16136214338304994
Ponneri,2,RAJA.S,Vanchit Bahujan Aaghadi,299,,SC,Chennai Metro,0.13182317178014188
Ponneri,2,RAJASEKAR.J,IND,289,,SC,Chennai Metro,0.12741437004836456
Ponneri,2,NAGAIYAN.G,IND,232,,SC,Chennai Metro,0.10228420017723383
Ponneri,2,VENKATESAN.S,IND,203,,SC,Chennai Metro,0.0894986751550796
Ponneri,2,KOTTEESWARAN. K,Tamizhaga Vaazhvurimai Katchi,166,,SC,Chennai Metro,0.07318610874750352
Ponneri,2,BARATHIRAJA.K,IND,159,,SC,Chennai Metro,0.07009994753525939
Tiruttani,3,G.HARI,AIADMK,89169,,GEN,Chennai Metro,37.34076499803181
Tiruttani,3,M.SATHYA KUMAR,TVK,83376,,GEN,Chennai Metro,34.91486528362884
Tiruttani,3,D.KRISHNAMURTHY,DMDK,54863,,GEN,Chennai Metro,22.974648028877965
Tiruttani,3,CHANDRAN .S.S,NTK,6704,,GEN,Chennai Metro,2.8073936967646294
Tiruttani,3,NOTA,NOTA,1210,,GEN,Chennai Metro,0.5067044112597258
Tiruttani,3,KRISHNAMOORTHY.M,IND,946,,GEN,Chennai Metro,0.3961507215303311
Tiruttani,3,JAMBU.B,IND,628,,GEN,Chennai Metro,0.2629837770835602
Tiruttani,3,MUTHURAJ.G,Bahujan Samaj Party,470,,GEN,Chennai Metro,0.1968190688364224
Tiruttani,3,KRISHNAMOORTHY.D,IND,467,,GEN,Chennai Metro,0.1955627769076793
Tiruttani,3,BALAJI.A,Thakkam Katchi,272,,GEN,Chennai Metro,0.11390380153937638
Tiruttani,3,KRISHNAMOORTHY.K,IND,210,,GEN,Chennai Metro,0.08794043501201854
Tiruttani,3,DR.A.V.NARENDRAN,IND,198,,GEN,Chennai Metro,0.08291526729704604
Tiruttani,3,SHETTU.S,IND,153,,GEN,Chennai Metro,0.06407088836589922
Tiruttani,3,PAVENDHAN.Y.R,Tamizhaga Vaazhvurimai Katchi,132,,GEN,Chennai Metro,0.055276844864697354
Thiruvallur,4,DR. T. ARUNKUMAR,TVK,92190,,GEN,Chennai Metro,40.71492924903281
Thiruvallur,4,V.G. RAAJENDRAN,DMK,67430,,GEN,Chennai Metro,29.77988587983818
Thiruvallur,4,BE  VEE RAMANAH,AIADMK,56562,,GEN,Chennai Metro,24.98012613281043
Thiruvallur,4,K. SENTHILKUMAR,NTK,5513,,GEN,Chennai Metro,2.4347695514688996
Thiruvallur,4,NOTA,NOTA,1132,,GEN,Chennai Metro,0.49993817019096576
Thiruvallur,4,S. RAJENDRAN,IND,868,,GEN,Chennai Metro,0.383344816012154
Thiruvallur,4,B. RAJESH KUMAR,Bahujan Samaj Party,674,,GEN,Chennai Metro,0.29766636635045135
Thiruvallur,4,E. MANI,Republican Party of India (Athawale),653,,GEN,Chennai Metro,0.2883918949953186
Thiruvallur,4,N. VENKATESAN,Aanaithinthiya Jananayaka Pathukappu Kazhagam,354,,GEN,Chennai Metro,0.1563410885579522
Thiruvallur,4,G. RAJENDIRAN,IND,227,,GEN,Chennai Metro,0.1002526189340541
Thiruvallur,4,E.KOTHANDAN,IND,203,,GEN,Chennai Metro,0.08965322309961665
Thiruvallur,4,N. BALAKRISHNAN,IND,186,,GEN,Chennai Metro,0.08214531771689014
Thiruvallur,4,N. NAGENDRABABU,IND,184,,GEN,Chennai Metro,0.08126203473068701
Thiruvallur,4,E. RAJARATHINAM,Tamizhaga Vaazhvurimai Katchi,134,,GEN,Chennai Metro,0.05917996007560902
Thiruvallur,4,R. RAMANAN,IND,118,,GEN,Chennai Metro,0.05211369618598406
Poonamallee,5,PRAKASAM.R,TVK,161309,,SC,Chennai Metro,52.22147403316348
Poonamallee,5,KRISHNASWAMY.A,DMK,88569,,SC,Chennai Metro,28.67294282180942
Poonamallee,5,ELUMALAI.T.A,AMMK,43280,,SC,Chennai Metro,14.011278950060538
Poonamallee,5,MEKALA.J,NTK,11697,,SC,Chennai Metro,3.786735902931103
Poonamallee,5,NOTA,NOTA,1571,,SC,Chennai Metro,0.5085887068055709
Poonamallee,5,RAJASEKARAN.K,Bahujan Samaj Party,860,,SC,Chennai Metro,0.2784126593588739
Poonamallee,5,RAVIKUMAR.M,IND,355,,SC,Chennai Metro,0.11492615589813983
Poonamallee,5,DR.JAYANTHI.R,IND,304,,SC,Chennai Metro,0.09841563772685777
Poonamallee,5,SIVAKUMAR.S,IND,297,,SC,Chennai Metro,0.09614948817393669
Poonamallee,5,VELU.S,IND,264,,SC,Chennai Metro,0.08546621171016595
Poonamallee,5,PURUSHOTHAMAN.B,IND,255,,SC,Chennai Metro,0.08255259085641029
Poonamallee,5,DHASARATHAN.R,IND,133,,SC,Chennai Metro,0.043056841505500265
Avadi,6,R.RAMESH KUMAR,TVK,180384,,GEN,Chennai Metro,52.1333506741232
Avadi,6,S.M.NASAR,DMK,104073,,GEN,Chennai Metro,30.07846707417523
Avadi,6,RAJASIMHA MAHENDRA,BJP,39605,,GEN,Chennai Metro,11.4463663819887
Avadi,6,PUNITHA SHANMUGAM,NTK,16335,,GEN,Chennai Metro,4.721030042918455
Avadi,6,NOTA,NOTA,1533,,GEN,Chennai Metro,0.44305718125460614
Avadi,6,S. CHARLES,Bahujan Samaj Party,761,,GEN,Chennai Metro,0.21993901822228
Avadi,6,R. BAKTHAVATCHALAM,All India Puratchi Thalaivar Makkal Munnettra Kazhagam,627,,GEN,Chennai Metro,0.18121125417262757
Avadi,6,R.EDMUND JAYENDREN,Tamizhaga Vaazhvurimai Katchi,478,,GEN,Chennai Metro,0.13814829265473041
Avadi,6,R. KUMAR,IND,308,,GEN,Chennai Metro,0.08901605468129073
Avadi,6,P. CHELLAPANDIAN,IND,255,,GEN,Chennai Metro,0.07369835696015954
Avadi,6,C.S. KARNAN,Anti Corruption Dynamic Party,224,,GEN,Chennai Metro,0.06473894885912053
Avadi,6,G.D. ARUNKUMAR,IND,205,,GEN,Chennai Metro,0.059247698732677274
Avadi,6,R. MANIKANDAN,IND,195,,GEN,Chennai Metro,0.056357567087180815
Avadi,6,P.JAYAKUMAR,Samaniya Makkal Nala Katchi,177,,GEN,Chennai Metro,0.0511553301252872
Avadi,6,S. SENTHILKUMAR,IND,167,,GEN,Chennai Metro,0.04826519847979076
Avadi,6,SENTHILKUMAR. S,Anna Puratchi Thalaivar Amma Dravida Munnetra Kazhagam,156,,GEN,Chennai Metro,0.045086053669744657
Avadi,6,K. BALAKRISHNAN,IND,141,,GEN,Chennai Metro,0.04075085620149998
Avadi,6,M. ERAJASIMMAN,IND,105,,GEN,Chennai Metro,0.030346382277712747
Avadi,6,RAJASEKAR. R,IND,105,,GEN,Chennai Metro,0.030346382277712747
Avadi,6,UNIESH RAJ. M,IND,94,,GEN,Chennai Metro,0.027167237467666652
Avadi,6,K. ANNAMALAI,IND,77,,GEN,Chennai Metro,0.022254013670322682
Maduravoyal,7,RHEVANTH CHARAN,TVK,141725,,GEN,Chennai Metro,48.25633657028451
Maduravoyal,7,GANAPATHY. K,DMK,80216,,GEN,Chennai Metro,27.31296732631464
Maduravoyal,7,P. BENJAMIN,AIADMK,54705,,GEN,Chennai Metro,18.626656497282866
Maduravoyal,7,REVATHI L,NTK,13024,,GEN,Chennai Metro,4.4345777208776544
Maduravoyal,7,NOTA,NOTA,1462,,GEN,Chennai Metro,0.4978004167631396
Maduravoyal,7,R. SIVA,IND,322,,GEN,Chennai Metro,0.10963866908189532
Maduravoyal,7,MURALI. S,Naam Indiar Party,300,,GEN,Chennai Metro,0.10214782833716957
Maduravoyal,7,AGNI SELVARAJU. J,Naadaalum Makkal Katchi,266,,GEN,Chennai Metro,0.090571074458957
Maduravoyal,7,J. VENKATESAN,All India Puratchi Thalaivar Makkal Munnettra Kazhagam,233,,GEN,Chennai Metro,0.07933481334186834
Maduravoyal,7,S. BENJAMIN MOSES,IND,207,,GEN,Chennai Metro,0.07048200155264699
Maduravoyal,7,PONMUTHU RAMESH,IND,202,,GEN,Chennai Metro,0.0687795377470275
Maduravoyal,7,K. VENKATESAN,Veerath Thiyagi Viswanathadoss Thozhilalarkal Katchi,171,,GEN,Chennai Metro,0.05822426215218665
Maduravoyal,7,N.A. MANI,IND,157,,GEN,Chennai Metro,0.05345736349645206
Maduravoyal,7,V. KAMALA KANNAN,IND,119,,GEN,Chennai Metro,0.04051863857374392
Maduravoyal,7,K. GANAPATHY,IND,99,,GEN,Chennai Metro,0.03370878335126595
Maduravoyal,7,R. YUVARAJ,IND,84,,GEN,Chennai Metro,0.028601391934407472
Maduravoyal,7,VIGNESH NANDAGOPAL,IND,83,,GEN,Chennai Metro,0.028260899173283578
Maduravoyal,7,SARAVANAN KUMAR,IND,78,,GEN,Chennai Metro,0.026558435367664085
Maduravoyal,7,MUTHURAMAN. S,Anna MGR Dravida Makkal Kalgam,71,,GEN,Chennai Metro,0.024174986039796793
Maduravoyal,7,D. ANANDAN,IND,67,,GEN,Chennai Metro,0.0228130149953012
Maduravoyal,7,M. BALASUBRAMANIAN,IND,67,,GEN,Chennai Metro,0.0228130149953012
Maduravoyal,7,M. JAMES,IND,34,,GEN,Chennai Metro,0.011576753878212548
Ambattur,8,BALAMURUGAN.G,TVK,133339,,GEN,Chennai Metro,51.286992376512586
Ambattur,8,DR A.P. POORNIMA,DMK,74558,,GEN,Chennai Metro,28.677698029893918
Ambattur,8,K.N. SEKAR,PMK,35997,,GEN,Chennai Metro,13.845745540144469
Ambattur,8,SILAMBARASAN,NTK,11088,,GEN,Chennai Metro,4.264845030117007
Ambattur,8,NOTA,NOTA,1490,,GEN,Chennai Metro,0.5731077827267622
Ambattur,8,A.KALYANASUNDARAM,Nationalist Janshakti Party,588,,GEN,Chennai Metro,0.22616602432438668
Ambattur,8,R.BALAMURUGAN,IND,493,,GEN,Chennai Metro,0.18962559522435823
Ambattur,8,DR. J.SAILAS,Bahujan Samaj Party,443,,GEN,Chennai Metro,0.17039379043486957
Ambattur,8,DR. S.PRAVEEN,IND,308,,GEN,Chennai Metro,0.11846791750325018
Ambattur,8,V. RAMKUMAR,India Suyarajya Party,224,,GEN,Chennai Metro,0.08615848545690923
Ambattur,8,S. MADHAVAN,IND,179,,GEN,Chennai Metro,0.06884986114636941
Ambattur,8,M.S. ARUMUGAM,IND,135,,GEN,Chennai Metro,0.05192587293161939
Ambattur,8,RAJKUMAR,Tamizhaga Vaazhvurimai Katchi,127,,GEN,Chennai Metro,0.0488487841653012
Ambattur,8,K. SEKAR,IND,127,,GEN,Chennai Metro,0.0488487841653012
Ambattur,8,S. JANARTHANAN,IND,126,,GEN,Chennai Metro,0.04846414806951144
Ambattur,8,G.P. SEKAR,IND,103,,GEN,Chennai Metro,0.039617517866346645
Ambattur,8,PALANI,IND,103,,GEN,Chennai Metro,0.039617517866346645
Ambattur,8,D.K.MESHACK KIRUBAKARAN,IND,102,,GEN,Chennai Metro,0.03923288177055688
Ambattur,8,JOTHI.M,IND,89,,GEN,Chennai Metro,0.03423261252528982
Ambattur,8,VINAYAGAMOORTHY.R,IND,83,,GEN,Chennai Metro,0.03192479595055118
Ambattur,8,P. ARUMUGAM,IND,77,,GEN,Chennai Metro,0.029616979375812546
Ambattur,8,G. SAMPATH,IND,72,,GEN,Chennai Metro,0.02769379889686368
Ambattur,8,D. PUSHPA,IND,68,,GEN,Chennai Metro,0.02615525451370458
Ambattur,8,D. JEYAGANESH,Naam Indiar Party,67,,GEN,Chennai Metro,0.025770618417914812
Madavaram,9,M.L.VIJAYPRABHU,TVK,190462,,GEN,Chennai Metro,52.614102840347186
Madavaram,9,S.SUDHARSANAM,DMK,95477,,GEN,Chennai Metro,26.375007596727052
Madavaram,9,MADHAVARAM V.MOORTHY,AIADMK,59290,,GEN,Chennai Metro,16.378543527864796
Madavaram,9,E.KRITHIKA,NTK,12637,,GEN,Chennai Metro,3.4909032646589204
Madavaram,9,NOTA,NOTA,1394,,GEN,Chennai Metro,0.38508500046961586
Madavaram,9,I.RAFFIK,Naadaalum Makkal Katchi,676,,GEN,Chennai Metro,0.18674136321195145
Madavaram,9,N.JANAKIRAMAN,Bahujan Samaj Party,537,,GEN,Chennai Metro,0.14834336101304427
Madavaram,9,R.KARTHIKEYAN,Tamizhaga Vaazhvurimai Katchi,232,,GEN,Chennai Metro,0.0640887518715573
Madavaram,9,S.SIVAKUMAR,IND,198,,GEN,Chennai Metro,0.05469643478693253
Madavaram,9,G.PRABU,IND,191,,GEN,Chennai Metro,0.05276272244598036
Madavaram,9,V.MURTHY,IND,188,,GEN,Chennai Metro,0.05193398858557229
Madavaram,9,A.NAGARAJAN,IND,177,,GEN,Chennai Metro,0.04889529776407604
Madavaram,9,SUDARSANAM,IND,157,,GEN,Chennai Metro,0.04337040536135559
Madavaram,9,C.MOORTHY,IND,154,,GEN,Chennai Metro,0.04254167150094752
Madavaram,9,A.PONNALAGAN,IND,129,,GEN,Chennai Metro,0.03563555599754695
Madavaram,9,R.S.BALAJI,IND,99,,GEN,Chennai Metro,0.027348217393466264
Thiruvottiyur,10,SENTHIL KUMAR. N,TVK,110067,,GEN,Chennai Metro,53.149868654871355
Thiruvottiyur,10,SUNDARARAJ. L,CPI(M),56503,,GEN,Chennai Metro,27.28453604264854
Thiruvottiyur,10,KUPPAN. K,AIADMK,28320,,GEN,Chennai Metro,13.675345746735687
Thiruvottiyur,10,SATHYA. B,NTK,8413,,GEN,Chennai Metro,4.062524144325118
Thiruvottiyur,10,MICHAELRAJ. M. A,IND,838,,GEN,Chennai Metro,0.4046588889747354
Thiruvottiyur,10,NOTA,NOTA,805,,GEN,Chennai Metro,0.38872363439697133
Thiruvottiyur,10,MAHENDRA KUMAR. D,Bahujan Samaj Party,458,,GEN,Chennai Metro,0.22116201807927063
Thiruvottiyur,10,VIJAY. A,IND,316,,GEN,Chennai Metro,0.1525921347446496
Thiruvottiyur,10,BALARUBAN,IND,307,,GEN,Chennai Metro,0.14824615622344126
Thiruvottiyur,10,SASIREKHA. M,Veerath Thiyagi Viswanathadoss Thozhilalarkal Katchi,271,,GEN,Chennai Metro,0.13086224213860775
Thiruvottiyur,10,DILLI KUMAR. R,Democratic National Allegiance,198,,GEN,Chennai Metro,0.09561152746658426
Thiruvottiyur,10,VENKATARAMANAN. J,Tamizhaga Vaazhvurimai Katchi,149,,GEN,Chennai Metro,0.07195008885111644
Thiruvottiyur,10,THANIKASALAM. B,IND,139,,GEN,Chennai Metro,0.06712122382755158
Thiruvottiyur,10,GOPI. K,IND,117,,GEN,Chennai Metro,0.05649772077570888
Thiruvottiyur,10,JANAGARAJ,IND,110,,GEN,Chennai Metro,0.053117515259213474
Thiruvottiyur,10,ARAVIND. R,IND,77,,GEN,Chennai Metro,0.03718226068144943
Dr.Radhakrishnan Nagar,11,N. MARIE WILSON,TVK,97800,,GEN,Chennai Metro,53.971722790636065
Dr.Radhakrishnan Nagar,11,J. JOHN EBENEZER,DMK,48132,,GEN,Chennai Metro,26.56203436972286
Dr.Radhakrishnan Nagar,11,R.S.RAAJESH,AIADMK,26892,,GEN,Chennai Metro,14.840568193106188
Dr.Radhakrishnan Nagar,11,VENNILA.T,NTK,5364,,GEN,Chennai Metro,2.960166881891328
Dr.Radhakrishnan Nagar,11,NOTA,NOTA,561,,GEN,Chennai Metro,0.3095923976027284
Dr.Radhakrishnan Nagar,11,B.NAVIN,Tamizhaga Vaazhvurimai Katchi,338,,GEN,Chennai Metro,0.18652803991037822
Dr.Radhakrishnan Nagar,11,E. RAAMADASAN,Makkal Nalvaazhvuk Katchi,236,,GEN,Chennai Metro,0.13023851307351852
Dr.Radhakrishnan Nagar,11,D.PRABHU,IND,211,,GEN,Chennai Metro,0.11644206041742547
Dr.Radhakrishnan Nagar,11,A.MOHANRAJ,Socialist Unity Centre Of India (COMMUNIST),179,,GEN,Chennai Metro,0.09878260101762636
Dr.Radhakrishnan Nagar,11,J.SARAVANAKUMAR,IND,149,,GEN,Chennai Metro,0.08222685783031466
Dr.Radhakrishnan Nagar,11,M. SATHISH,IND,112,,GEN,Chennai Metro,0.06180810789929693
Dr.Radhakrishnan Nagar,11,K. MURALI,IND,91,,GEN,Chennai Metro,0.050219087668178765
Dr.Radhakrishnan Nagar,11,V.SUDHAKAR,IND,86,,GEN,Chennai Metro,0.04745979713696014
Dr.Radhakrishnan Nagar,11,A.VIJAY,IND,71,,GEN,Chennai Metro,0.039181925543304304
Dr.Radhakrishnan Nagar,11,C. RAJAMANICKAM,IND,65,,GEN,Chennai Metro,0.03587077690584197
Dr.Radhakrishnan Nagar,11,G. VIJAY,IND,58,,GEN,Chennai Metro,0.03200777016213591
Dr.Radhakrishnan Nagar,11,L.SARAVANAN,IND,54,,GEN,Chennai Metro,0.029800337737161023
Dr.Radhakrishnan Nagar,11,G. BOTHI RAJAN,IND,54,,GEN,Chennai Metro,0.029800337737161023
Dr.Radhakrishnan Nagar,11,CHANDRASEKAR,Tamizhaga Murpokku Makkal Katchi,47,,GEN,Chennai Metro,0.025937330993454962
Dr.Radhakrishnan Nagar,11,MANIKANDAN.H,IND,47,,GEN,Chennai Metro,0.025937330993454962
Dr.Radhakrishnan Nagar,11,J.MURALI KRISHNAN,IND,47,,GEN,Chennai Metro,0.025937330993454962
Dr.Radhakrishnan Nagar,11,D.KARTHIKEYAN,Samata Party,44,,GEN,Chennai Metro,0.024281756674723796
Dr.Radhakrishnan Nagar,11,R.ETHIRAJ,IND,44,,GEN,Chennai Metro,0.024281756674723796
Dr.Radhakrishnan Nagar,11,C.JANARTHANAN,IND,42,,GEN,Chennai Metro,0.02317804046223635
Dr.Radhakrishnan Nagar,11,A. USHA,IND,41,,GEN,Chennai Metro,0.022626182355992626
Dr.Radhakrishnan Nagar,11,V.SHANKAR,IND,40,,GEN,Chennai Metro,0.022074324249748905
Dr.Radhakrishnan Nagar,11,R.DEVAKUMAR,IND,40,,GEN,Chennai Metro,0.022074324249748905
Dr.Radhakrishnan Nagar,11,R. MUTHU CHELLA BHARATHI,IND,39,,GEN,Chennai Metro,0.021522466143505184
Dr.Radhakrishnan Nagar,11,D. JANARTHANAN,IND,37,,GEN,Chennai Metro,0.020418749931017735
Dr.Radhakrishnan Nagar,11,R.TAMILARASAN,IND,36,,GEN,Chennai Metro,0.019866891824774014
Dr.Radhakrishnan Nagar,11,V. MADHAN MOHAN,IND,35,,GEN,Chennai Metro,0.01931503371853029
Dr.Radhakrishnan Nagar,11,P. MARIMUTHU,IND,35,,GEN,Chennai Metro,0.01931503371853029
Dr.Radhakrishnan Nagar,11,D. AJITH KUMAR,IND,32,,GEN,Chennai Metro,0.017659459399799123
Dr.Radhakrishnan Nagar,11,AMUDHA.N,IND,30,,GEN,Chennai Metro,0.016555743187311678
Dr.Radhakrishnan Nagar,11,J.VIJAYAN,IND,26,,GEN,Chennai Metro,0.014348310762336787
Dr.Radhakrishnan Nagar,11,K. SUJITH,IND,25,,GEN,Chennai Metro,0.013796452656093064
Dr.Radhakrishnan Nagar,11,TAMILSELVAN,IND,25,,GEN,Chennai Metro,0.013796452656093064
Dr.Radhakrishnan Nagar,11,S.EMMANUVEL,IND,24,,GEN,Chennai Metro,0.013244594549849343
Dr.Radhakrishnan Nagar,11,G. MADHAN KUMAR,IND,17,,GEN,Chennai Metro,0.009381587806143284
Perambur,12,C. JOSEPH VIJAY,TVK,120365,,GEN,Chennai Metro,58.891596211053695
Perambur,12,R.D. SHEKAR,DMK,66650,,GEN,Chennai Metro,32.610184750273994
Perambur,12,M. THILAGABAMA,PMK,8561,,GEN,Chennai Metro,4.1886840457178645
Perambur,12,S. VETRI THAMIZHAN,NTK,5114,,GEN,Chennai Metro,2.502152810396117
Perambur,12,NOTA,NOTA,601,,GEN,Chennai Metro,0.29405432910599655
Perambur,12,A. RAJARAM,Republican Party of India (Athawale),256,,GEN,Chennai Metro,0.12525442304681383
Perambur,12,G. RUTHRA KUMAR,IND,238,,GEN,Chennai Metro,0.11644747142633474
Perambur,12,AGNI AALVAR,IND,230,,GEN,Chennai Metro,0.1125332707061218
Perambur,12,VIJAY,All India Jananayaka Makkal Kazhagam,216,,GEN,Chennai Metro,0.10568341944574917
Perambur,12,VETRI VEL SELVAM,Bahujan Samaj Party,174,,GEN,Chennai Metro,0.08513386566463128
Perambur,12,V. RAJI,IND,148,,GEN,Chennai Metro,0.07241271332393925
Perambur,12,BOWDHARAJ,IND,118,,GEN,Chennai Metro,0.057734460623140756
Perambur,12,J. SEBASTIN,Socialist Unity Centre Of India (COMMUNIST),101,,GEN,Chennai Metro,0.04941678409268827
Perambur,12,D.V. VENUGOPAL,Tamizhaga Vaazhvurimai Katchi,98,,GEN,Chennai Metro,0.047948958822608426
Perambur,12,DR.D. MADAN,IND,95,,GEN,Chennai Metro,0.04648113355252857
Perambur,12,K.M. DEVAN,Makkal Murasu Katchi,94,,GEN,Chennai Metro,0.04599185846250196
Perambur,12,B. BALAJI,IND,93,,GEN,Chennai Metro,0.04550258337247534
Perambur,12,VIJAY. G,IND,90,,GEN,Chennai Metro,0.044034758102395495
Perambur,12,AZARUTHEEN.M,IND,78,,GEN,Chennai Metro,0.03816345702207609
Perambur,12,P. THANGAMANI,IND,78,,GEN,Chennai Metro,0.03816345702207609
Perambur,12,S. JOSEPH,IND,77,,GEN,Chennai Metro,0.03767418193204947
Perambur,12,ASHLIN BELMEN .A.S,Tamilnadu Mahatma Gandhi Makkal Katchi,71,,GEN,Chennai Metro,0.034738531391889774
Perambur,12,NIVETHA,IND,70,,GEN,Chennai Metro,0.034249256301863165
Perambur,12,P. PONRAJ,IND,63,,GEN,Chennai Metro,0.030824330671676843
Perambur,12,DR.G. MOORTHY,IND,53,,GEN,Chennai Metro,0.025931579771410678
Perambur,12,R. JAYASEELAN,IND,51,,GEN,Chennai Metro,0.024953029591357444
Perambur,12,M. GEETA,Thakkam Katchi,47,,GEN,Chennai Metro,0.02299592923125098
Perambur,12,S. SURESHKUMAR,Makkalatchi Katchi,46,,GEN,Chennai Metro,0.022506654141224363
Perambur,12,M. JOSEPH,IND,43,,GEN,Chennai Metro,0.021038828871144513
Perambur,12,M. KADHIRAVAN,IND,41,,GEN,Chennai Metro,0.02006027869109128
Perambur,12,DR.R. SARAVANA PERUMAL,Makkal Nalvaazhvuk Katchi,39,,GEN,Chennai Metro,0.019081728511038044
Perambur,12,M.I. THAHIRA BANU,IND,33,,GEN,Chennai Metro,0.016146077970878348
Perambur,12,S. MALATHI,Veerath Thiyagi Viswanathadoss Thozhilalarkal Katchi,32,,GEN,Chennai Metro,0.01565680288085173
Perambur,12,AMALA.R,IND,32,,GEN,Chennai Metro,0.01565680288085173
Perambur,12,REEGAN PRABHU,IND,31,,GEN,Chennai Metro,0.015167527790825114
Perambur,12,SIVAKUMAR.V,Tamil Telugu National Party,30,,GEN,Chennai Metro,0.014678252700798497
Perambur,12,H. DHANASEKAR,IND,28,,GEN,Chennai Metro,0.013699702520745264
Perambur,12,B. VENKATESAN,IND,26,,GEN,Chennai Metro,0.01272115234069203
Perambur,12,S. MICHAEL,IND,24,,GEN,Chennai Metro,0.011742602160638799
Perambur,12,S. RAJESH KUMAR,IND,21,,GEN,Chennai Metro,0.010274776890558947
Perambur,12,B. SATHISH KUMAR,IND,19,,GEN,Chennai Metro,0.009296226710505714
Perambur,12,SATHISH.B,IND,19,,GEN,Chennai Metro,0.009296226710505714
Perambur,12,P. GUNASEKAR,IND,18,,GEN,Chennai Metro,0.008806951620479097
Perambur,12,S. RAMESH,IND,17,,GEN,Chennai Metro,0.008317676530452482
Perambur,12,E. UDHAYA KUMAR,IND,16,,GEN,Chennai Metro,0.007828401440425865
Perambur,12,P. ESAKKI MUTHU,IND,14,,GEN,Chennai Metro,0.006849851260372632
Perambur,12,S. VISHNU VARTHAN,IND,13,,GEN,Chennai Metro,0.006360576170346015
Perambur,12,M. TAMILSELVAM,IND,12,,GEN,Chennai Metro,0.005871301080319399
Kolathur,13,V. S. BABU,TVK,82997,,GEN,Chennai Metro,45.09456618002619
Kolathur,13,M. K. STALIN,DMK,74202,,GEN,Chennai Metro,40.315999369739906
Kolathur,13,P. SANTHANA KRISHNAN,AIADMK,18430,,GEN,Chennai Metro,10.013528858848906
Kolathur,13,SOUNDARA PANDIAN LUDER SETH,NTK,5046,,GEN,Chennai Metro,2.741631395645772
Kolathur,13,NOTA,NOTA,892,,GEN,Chennai Metro,0.48464827683631173
Kolathur,13,S.Y. SYED YUSUF,Republican Party of India (Athawale),484,,GEN,Chennai Metro,0.2629705896735144
Kolathur,13,SUBASHINI,Bahujan Samaj Party,236,,GEN,Chennai Metro,0.128225328849069
Kolathur,13,AATHITHYA,Samata Party,181,,GEN,Chennai Metro,0.09834230729526056
Kolathur,13,R. RAJ GURU,IND,153,,GEN,Chennai Metro,0.08312913268604898
Kolathur,13,R. SENTHIL KUMAR,IND,125,,GEN,Chennai Metro,0.0679159580768374
Kolathur,13,SELVI STEFFI. V. M,IND,122,,GEN,Chennai Metro,0.0662859750829933
Kolathur,13,OORMILA,Tamizhaga Vaazhvurimai Katchi,105,,GEN,Chennai Metro,0.057049404784543414
Kolathur,13,J. SURIYA MUTHU,IND,84,,GEN,Chennai Metro,0.04563952382763473
Kolathur,13,NANDA KUMAR,IND,79,,GEN,Chennai Metro,0.042922885504561234
Kolathur,13,A. L. NARESH KUMAR,IND,74,,GEN,Chennai Metro,0.040206247181487735
Kolathur,13,M. RAJESHKUMAR,IND,73,,GEN,Chennai Metro,0.03966291951687304
Kolathur,13,R. MAHESH,IND,64,,GEN,Chennai Metro,0.03477297053534075
Kolathur,13,M. POORNIMA,IND,56,,GEN,Chennai Metro,0.030426349218423156
Kolathur,13,P. MILANY,IND,56,,GEN,Chennai Metro,0.030426349218423156
Kolathur,13,ARUL DOSS. A.,IND,55,,GEN,Chennai Metro,0.029883021553808453
Kolathur,13,VIGIRDHAN,IND,53,,GEN,Chennai Metro,0.028796366224579057
Kolathur,13,V. NARESH BABU,IND,52,,GEN,Chennai Metro,0.02825303855996436
Kolathur,13,K. PANNEER SELVAM,IND,50,,GEN,Chennai Metro,0.02716638323073496
Kolathur,13,E. RAAMADASAN,Makkal Nalvaazhvuk Katchi,49,,GEN,Chennai Metro,0.02662305556612026
Kolathur,13,KAJA MAIDEEN,IND,43,,GEN,Chennai Metro,0.023363089578432066
Kolathur,13,S. SHARAN,IND,35,,GEN,Chennai Metro,0.01901646826151447
Kolathur,13,R. RAVIKUMAR,IND,34,,GEN,Chennai Metro,0.01847314059689977
Kolathur,13,M. SURESH,IND,33,,GEN,Chennai Metro,0.017929812932285072
Kolathur,13,V. A. SUDHAKAR,IND,31,,GEN,Chennai Metro,0.016843157603055676
Kolathur,13,RAJA. G.,IND,28,,GEN,Chennai Metro,0.015213174609211578
Kolathur,13,SIVAGNANASAM,Desiya Makkal Sakthi Katchi,26,,GEN,Chennai Metro,0.01412651927998218
Kolathur,13,K. ELUMALAI,Veerath Thiyagi Viswanathadoss Thozhilalarkal Katchi,24,,GEN,Chennai Metro,0.013039863950752779
Kolathur,13,A. RAJI,IND,23,,GEN,Chennai Metro,0.012496536286138081
Kolathur,13,FARMER JAYARAMAN. S K J.,IND,22,,GEN,Chennai Metro,0.011953208621523383
Kolathur,13,R. BALAJI,IND,21,,GEN,Chennai Metro,0.011409880956908683
Kolathur,13,S. BALACHANDAR,IND,13,,GEN,Chennai Metro,0.00706325963999109
Villivakkam,14,AADHAV ARJUNA,TVK,66445,,GEN,Chennai Metro,46.97353165738201
Villivakkam,14,KARTHIK MOHAN,DMK,49143,,GEN,Chennai Metro,34.7418205468993
Villivakkam,14,VIJAYAKUMAR  S.R,AIADMK,19338,,GEN,Chennai Metro,13.671068631055059
Villivakkam,14,ROSHINI S,NTK,4310,,GEN,Chennai Metro,3.046969996889404
Villivakkam,14,NOTA,NOTA,695,,GEN,Chennai Metro,0.491332748918361
Villivakkam,14,DHAYANIDHI D,IND,184,,GEN,Chennai Metro,0.1300794615841416
Villivakkam,14,ABDUL SHABEEK  A,Tamizhaga Vaazhvurimai Katchi,147,,GEN,Chennai Metro,0.1039221785482001
Villivakkam,14,AJITHKUMAR A,Thakkam Katchi,147,,GEN,Chennai Metro,0.1039221785482001
Villivakkam,14,SHANMUGA D,IND,107,,GEN,Chennai Metro,0.07564403472556061
Villivakkam,14,ASHOK KUMAR C.A,IND,99,,GEN,Chennai Metro,0.06998840596103272
Villivakkam,14,MURALI R,IND,88,,GEN,Chennai Metro,0.06221191640980687
Villivakkam,14,SUBRAMANI K,IND,77,,GEN,Chennai Metro,0.054435426858581
Villivakkam,14,KARTHICK P,IND,71,,GEN,Chennai Metro,0.050193705285185075
Villivakkam,14,DEVARAJAN G,IND,62,,GEN,Chennai Metro,0.0438311229250912
Villivakkam,14,KANNAN M,IND,58,,GEN,Chennai Metro,0.04100330854282725
Villivakkam,14,SOLOMON  J.R,IND,51,,GEN,Chennai Metro,0.036054633373865344
Villivakkam,14,BALAMURALI G,IND,50,,GEN,Chennai Metro,0.03534767977829935
Villivakkam,14,KARTHICK S,IND,48,,GEN,Chennai Metro,0.03393377258716738
Villivakkam,14,JAYA ZEBA C,IND,48,,GEN,Chennai Metro,0.03393377258716738
Villivakkam,14,VIJAYAKUMAR G,IND,46,,GEN,Chennai Metro,0.0325198653960354
Villivakkam,14,KANDASAMY S,IND,42,,GEN,Chennai Metro,0.029692051013771457
Villivakkam,14,ANBAZHAGAN G,IND,33,,GEN,Chennai Metro,0.023329468653677573
Villivakkam,14,YUVARAJ S,IND,32,,GEN,Chennai Metro,0.022622515058111588
Villivakkam,14,VIJAYAKUMAR  D,IND,30,,GEN,Chennai Metro,0.02120860786697961
Villivakkam,14,CHARAVANAN M.P,IND,29,,GEN,Chennai Metro,0.020501654271413625
Villivakkam,14,MURALI VINODH  M,IND,28,,GEN,Chennai Metro,0.019794700675847637
Villivakkam,14,MANIMARAN P,IND,25,,GEN,Chennai Metro,0.017673839889149674
Villivakkam,14,PURUSHOTHAMAN P,IND,10,,GEN,Chennai Metro,0.00706953595565987
Villivakkam,14,RAJI M,IND,9,,GEN,Chennai Metro,0.006362582360093883
Thiru-Vi-Ka-Nagar,15,M. R. PALLAVI,TVK,69125,,SC,Chennai Metro,48.03582969083341
Thiru-Vi-Ka-Nagar,15,K. S. RAVICHANDRAN,DMK,46792,,SC,Chennai Metro,32.51634781762715
Thiru-Vi-Ka-Nagar,15,PORKODI ARMSTRONG,AIADMK,23304,,SC,Chennai Metro,16.194241954650007
Thiru-Vi-Ka-Nagar,15,JAGADESH CHANDER .M,NTK,2658,,SC,Chennai Metro,1.847077545290925
Thiru-Vi-Ka-Nagar,15,NOTA,NOTA,527,,SC,Chennai Metro,0.36621891135000656
Thiru-Vi-Ka-Nagar,15,S JAYAKALPANA,Republican Party of India (Athawale),350,,SC,Chennai Metro,0.24321939083966285
Thiru-Vi-Ka-Nagar,15,A. SELVA KUMAR,Thakkam Katchi,170,,SC,Chennai Metro,0.11813513269355051
Thiru-Vi-Ka-Nagar,15,PRAKASH ARUNACHALAM,IND,134,,SC,Chennai Metro,0.09311828106432805
Thiru-Vi-Ka-Nagar,15,PRASANTH. D,IND,134,,SC,Chennai Metro,0.09311828106432805
Thiru-Vi-Ka-Nagar,15,M. LOKESH,IND,127,,SC,Chennai Metro,0.0882538932475348
Thiru-Vi-Ka-Nagar,15,C. CHRISTY,All India Puratchi Thalaivar Makkal Munnettra Kazhagam,94,,SC,Chennai Metro,0.06532177925408086
Thiru-Vi-Ka-Nagar,15,M. KOLANJI,IND,77,,SC,Chennai Metro,0.05350826598472582
Thiru-Vi-Ka-Nagar,15,PRAVEEN THIYAGARAJAN,IND,70,,SC,Chennai Metro,0.048643878167932565
Thiru-Vi-Ka-Nagar,15,C. JAGAN MOHAN,IND,51,,SC,Chennai Metro,0.03544053980806515
Thiru-Vi-Ka-Nagar,15,S. PARTHIBAN,IND,45,,SC,Chennai Metro,0.03127106453652807
Thiru-Vi-Ka-Nagar,15,D. SATHISH KUMAR,IND,40,,SC,Chennai Metro,0.02779650181024718
Thiru-Vi-Ka-Nagar,15,S. RAJENDRAN,IND,40,,SC,Chennai Metro,0.02779650181024718
Thiru-Vi-Ka-Nagar,15,R. MURUGAN,IND,32,,SC,Chennai Metro,0.022237201448197744
Thiru-Vi-Ka-Nagar,15,R. ANANDAN,IND,29,,SC,Chennai Metro,0.020152463812429206
Thiru-Vi-Ka-Nagar,15,G. J. DHARANIRAJ,IND,27,,SC,Chennai Metro,0.018762638721916847
Thiru-Vi-Ka-Nagar,15,M. KANNADASAN,IND,23,,SC,Chennai Metro,0.01598298854089213
Thiru-Vi-Ka-Nagar,15,SATHISH,IND,21,,SC,Chennai Metro,0.01459316345037977
Thiru-Vi-Ka-Nagar,15,S. SENTHAMIZHAN,IND,18,,SC,Chennai Metro,0.012508425814611231
Thiru-Vi-Ka-Nagar,15,M. MOHAN,IND,15,,SC,Chennai Metro,0.010423688178842693
Egmore,16,RAJMOHAN,TVK,53901,,SC,Chennai Metro,45.01578446274366
Egmore,16,TAMILAN PRASANNA,DMK,43097,,SC,Chennai Metro,35.992750839332544
Egmore,16,ABISHEK. R,AIADMK,18191,,SC,Chennai Metro,15.192336601580116
Egmore,16,SARANYA IMRAN,NTK,2522,,SC,Chennai Metro,2.1062653460054452
Egmore,16,NOTA,NOTA,695,,SC,Chennai Metro,0.5804339474519367
Egmore,16,DR.N. GUNASEKAR,Republican Party of India (Athawale),209,,SC,Chennai Metro,0.17454776261504285
Egmore,16,G.R. RAJENDRAN,National Maha Sabha Party,173,,SC,Chennai Metro,0.14448211929379143
Egmore,16,S. VINOTH KUMAR,IND,155,,SC,Chennai Metro,0.12944929763316573
Egmore,16,ARUN RAO. N.A,Naam Indiar Party,152,,SC,Chennai Metro,0.12694382735639478
Egmore,16,D. THIRUNAVUKKARASAR,Tamizhaga Vaazhvurimai Katchi,111,,SC,Chennai Metro,0.09270240024052515
Egmore,16,T. MAGIZHANBAN,All India Puratchi Thalaivar Makkal Munnettra Kazhagam,99,,SC,Chennai Metro,0.08268051913344135
Egmore,16,RAJMOHAN,IND,92,,SC,Chennai Metro,0.0768344218209758
Egmore,16,ARAVINDAN,IND,65,,SC,Chennai Metro,0.054285189330037245
Egmore,16,VENKATESH. K,IND,60,,SC,Chennai Metro,0.050109405535419
Egmore,16,M. NAGARAJAN,IND,54,,SC,Chennai Metro,0.0450984649818771
Egmore,16,S. PICHAMUTHU,IND,51,,SC,Chennai Metro,0.04259299470510615
Egmore,16,RAJKUMAR,IND,44,,SC,Chennai Metro,0.036746897392640594
Egmore,16,R. KUMARAVEL,IND,41,,SC,Chennai Metro,0.03424142711586965
Egmore,16,SRIDHAR. M,IND,26,,SC,Chennai Metro,0.0217140757320149
Royapuram,17,K.V. VIJAY DAMU,TVK,59091,,GEN,Chennai Metro,46.39828512202017
Royapuram,17,DR. A. SUBAIR KHAN,DMK,44842,,GEN,Chennai Metro,35.209962624454285
Royapuram,17,D. JAYAKUMAR,AIADMK,18420,,GEN,Chennai Metro,14.463393950815037
Royapuram,17,A. BABU MAILAN,NTK,2947,,GEN,Chennai Metro,2.3139859920223627
Royapuram,17,NOTA,NOTA,459,,GEN,Chennai Metro,0.360407047960049
Royapuram,17,M. JAYARAJKUMAR,Bahujan Samaj Party,222,,GEN,Chennai Metro,0.1743145199283897
Royapuram,17,M DHINAKARAN,IND,216,,GEN,Chennai Metro,0.1696033166870819
Royapuram,17,R. VINOTHKUMAR,Naam Indiar Party,149,,GEN,Chennai Metro,0.11699488049247778
Royapuram,17,R. RAJKUMAR,IND,99,,GEN,Chennai Metro,0.0777348534815792
Royapuram,17,J. SELVAKUMAR,IND,84,,GEN,Chennai Metro,0.06595684537830962
Royapuram,17,M. RAJKUMAR,Tamizhaga Vaazhvurimai Katchi,83,,GEN,Chennai Metro,0.06517164483809165
Royapuram,17,D. JAYAKUMAR,IND,76,,GEN,Chennai Metro,0.059675241056565846
Royapuram,17,T. KAVIYARASU,IND,64,,GEN,Chennai Metro,0.05025283457395018
Royapuram,17,A. SATHIK KUMAR,Democratic National Allegiance,63,,GEN,Chennai Metro,0.049467634033732215
Royapuram,17,V. BHAGATH SINGH,IND,62,,GEN,Chennai Metro,0.04868243349351425
Royapuram,17,T. RAJESH,IND,52,,GEN,Chennai Metro,0.040830428091334525
Royapuram,17,P. SUMATHI,IND,49,,GEN,Chennai Metro,0.038474826470680616
Royapuram,17,G. KARTHIKEYAN,IND,40,,GEN,Chennai Metro,0.03140802160871887
Royapuram,17,KERTHIVARUNNAN .R,IND,38,,GEN,Chennai Metro,0.029837620528282923
Royapuram,17,A. SASIKUMAR,IND,37,,GEN,Chennai Metro,0.029052419988064952
Royapuram,17,A. NIZAR AHAMED,IND,37,,GEN,Chennai Metro,0.029052419988064952
Royapuram,17,K. PRASATH,IND,36,,GEN,Chennai Metro,0.02826721944784698
Royapuram,17,A. JAYAKUMAR,IND,35,,GEN,Chennai Metro,0.02748201890762901
Royapuram,17,I JAYAPRAKASH,IND,34,,GEN,Chennai Metro,0.026696818367411033
Royapuram,17,K.J. SIVAKUMAR,IND,31,,GEN,Chennai Metro,0.024341216746757124
Royapuram,17,M. MAHALAKSHMI,IND,30,,GEN,Chennai Metro,0.02355601620653915
Royapuram,17,C. SRIDHAR,IND,27,,GEN,Chennai Metro,0.021200414585885237
Royapuram,17,M. SHANMUGAM,IND,20,,GEN,Chennai Metro,0.015704010804359434
Royapuram,17,S. RAJU,IND,13,,GEN,Chennai Metro,0.010207607022833631
Harbour,18,P K SEKARBABU,DMK,45254,,GEN,Chennai Metro,45.42570918070305
Harbour,18,SINORA P S ASHOK,TVK,33504,,GEN,Chennai Metro,33.631125654975804
Harbour,18,R MANOHAR,AIADMK,17256,,GEN,Chennai Metro,17.321475176165908
Harbour,18,R FOUZAN SHARIFF,NTK,1607,,GEN,Chennai Metro,1.6130975085824415
Harbour,18,NOTA,NOTA,600,,GEN,Chennai Metro,0.602276605569051
Harbour,18,SIVALINGAM ASHOK,IND,291,,GEN,Chennai Metro,0.29210415370098974
Harbour,18,M SURESH,Bahujan Samaj Party,232,,GEN,Chennai Metro,0.23288028748669976
Harbour,18,SANKAR A,IND,197,,GEN,Chennai Metro,0.19774748549517174
Harbour,18,BABU SINGH,IND,108,,GEN,Chennai Metro,0.10840978900242919
Harbour,18,ASHOK KUMAR,IND,76,,GEN,Chennai Metro,0.07628837003874646
Harbour,18,G VISU,IND,73,,GEN,Chennai Metro,0.07327698701090121
Harbour,18,S GANESH,IND,65,,GEN,Chennai Metro,0.06524663226998052
Harbour,18,K E MANOHAR,IND,56,,GEN,Chennai Metro,0.05621248318644476
Harbour,18,T VIJAYARAJ,IND,53,,GEN,Chennai Metro,0.05320110015859951
Harbour,18,P VIJAYAKUMAR,IND,46,,GEN,Chennai Metro,0.04617453976029391
Harbour,18,J M NIRAIMOZHI,IND,34,,GEN,Chennai Metro,0.03412900764891289
Harbour,18,A NEPOLIAN,IND,30,,GEN,Chennai Metro,0.030113830278452547
Harbour,18,J SHANMUGAPRIYAN,IND,28,,GEN,Chennai Metro,0.02810624159322238
Harbour,18,V JAGADEESAN,IND,26,,GEN,Chennai Metro,0.026098652907992213
Harbour,18,D KABILAN,IND,22,,GEN,Chennai Metro,0.02208347553753187
Harbour,18,R DINESH,IND,20,,GEN,Chennai Metro,0.0200758868523017
Harbour,18,M KALAIVENTHAN,IND,18,,GEN,Chennai Metro,0.01806829816707153
Harbour,18,S VEERABATHRAN,IND,16,,GEN,Chennai Metro,0.016060709481841358
Harbour,18,I VINOD,IND,10,,GEN,Chennai Metro,0.01003794342615085
Chepauk-Thiruvallikeni,19,UDHAYANIDHI STALIN,DMK,62992,,GEN,Chennai Metro,44.757391236384564
Chepauk-Thiruvallikeni,19,SELVAM. D,TVK,55852,,GEN,Chennai Metro,39.684242686921365
Chepauk-Thiruvallikeni,19,AADIRAJARAM,AIADMK,16507,,GEN,Chennai Metro,11.728636289354204
Chepauk-Thiruvallikeni,19,AYSHA,NTK,2971,,GEN,Chennai Metro,2.1109697955819557
Chepauk-Thiruvallikeni,19,NOTA,NOTA,643,,GEN,Chennai Metro,0.45686757945445894
Chepauk-Thiruvallikeni,19,MOHAMMED YASSER,Bahujan Samaj Party,244,,GEN,Chennai Metro,0.17336810169033898
Chepauk-Thiruvallikeni,19,AGNI AALVAR,IND,243,,GEN,Chennai Metro,0.17265757668341136
Chepauk-Thiruvallikeni,19,MIRZA SAFDER ALI,IND,185,,GEN,Chennai Metro,0.13144712628160948
Chepauk-Thiruvallikeni,19,RAJESHKUMAR. K,IND,154,,GEN,Chennai Metro,0.1094208510668533
Chepauk-Thiruvallikeni,19,IRFAN BASHA,Tamizhaga Vaazhvurimai Katchi,145,,GEN,Chennai Metro,0.10302612600450473
Chepauk-Thiruvallikeni,19,RAJASEKAR. S,IND,115,,GEN,Chennai Metro,0.08171037579667616
Chepauk-Thiruvallikeni,19,SYEED LAYAK BHASHA,IND,83,,GEN,Chennai Metro,0.058973575574992367
Chepauk-Thiruvallikeni,19,AYISHA,IND,72,,GEN,Chennai Metro,0.05115780049878856
Chepauk-Thiruvallikeni,19,BHARATHKUMAR. G,IND,69,,GEN,Chennai Metro,0.0490262254780057
Chepauk-Thiruvallikeni,19,MOHAMED MEERA. A,IND,68,,GEN,Chennai Metro,0.04831570047107808
Chepauk-Thiruvallikeni,19,SELVAM. K,IND,43,,GEN,Chennai Metro,0.03055257529788761
Chepauk-Thiruvallikeni,19,SAAMY. S.K. DR,IND,40,,GEN,Chennai Metro,0.02842100027710475
Chepauk-Thiruvallikeni,19,MOHAMED DHARIK. I,IND,38,,GEN,Chennai Metro,0.026999950263249514
Chepauk-Thiruvallikeni,19,SELVAM. K,IND,37,,GEN,Chennai Metro,0.026289425256321892
Chepauk-Thiruvallikeni,19,VIJAYA KUMAR. B,IND,34,,GEN,Chennai Metro,0.02415785023553904
Chepauk-Thiruvallikeni,19,KUMAR. M,IND,33,,GEN,Chennai Metro,0.023447325228611423
Chepauk-Thiruvallikeni,19,SELVAM ( ALIAS ) HARINARAYANAN,IND,33,,GEN,Chennai Metro,0.023447325228611423
Chepauk-Thiruvallikeni,19,ATHIMULAM,IND,30,,GEN,Chennai Metro,0.021315750207828565
Chepauk-Thiruvallikeni,19,MILANY. P,IND,30,,GEN,Chennai Metro,0.021315750207828565
Chepauk-Thiruvallikeni,19,SEENIVASAN. L,IND,29,,GEN,Chennai Metro,0.020605225200900947
Chepauk-Thiruvallikeni,19,SELVAM ( ALIAS ) VENKATESH,IND,26,,GEN,Chennai Metro,0.01847365018011809
Chepauk-Thiruvallikeni,19,ARUMUGAM. C,IND,25,,GEN,Chennai Metro,0.01776312517319047
Thousand Lights,20,PRABHAKAR.J.C.D,TVK,58965,,GEN,Chennai Metro,44.73009467168346
Thousand Lights,20,EZHILAN NAGANATHAN,DMK,43824,,GEN,Chennai Metro,33.244325767690256
Thousand Lights,20,VALARMATHI.B,AIADMK,23320,,GEN,Chennai Metro,17.690253671562083
Thousand Lights,20,KALANCHIYAM.MU,NTK,3717,,GEN,Chennai Metro,2.8196686491079013
Thousand Lights,20,NOTA,NOTA,815,,GEN,Chennai Metro,0.6182485738560505
Thousand Lights,20,VALARMATHI.E,IND,245,,GEN,Chennai Metro,0.18585386576040783
Thousand Lights,20,MOHAMED GHOUSE.H,Tamizhaga Vaazhvurimai Katchi,203,,GEN,Chennai Metro,0.15399320305862363
Thousand Lights,20,SATHYA.A,IND,165,,GEN,Chennai Metro,0.12516688918558078
Thousand Lights,20,VALARMATHY.D,IND,102,,GEN,Chennai Metro,0.07737589513290448
Thousand Lights,20,VIJAY.D,IND,83,,GEN,Chennai Metro,0.06296273819638305
Thousand Lights,20,PRABHAKARAN.B,IND,64,,GEN,Chennai Metro,0.048549581259861634
Thousand Lights,20,PRABHAKARAN.V,IND,63,,GEN,Chennai Metro,0.0477909940526763
Thousand Lights,20,KARTHIKEYAN.S,IND,61,,GEN,Chennai Metro,0.046273819638305624
Thousand Lights,20,SUNDARA RAJU.A,IND,48,,GEN,Chennai Metro,0.03641218594489622
Thousand Lights,20,SHANKAR.V,IND,42,,GEN,Chennai Metro,0.0318606627017842
Thousand Lights,20,PRABHAKARAN.T,IND,36,,GEN,Chennai Metro,0.02730913945867217
Thousand Lights,20,MUNIYAN.E,IND,28,,GEN,Chennai Metro,0.021240441801189464
Thousand Lights,20,DHANASEKARAN.V,IND,23,,GEN,Chennai Metro,0.017447505765262772
Thousand Lights,20,PACHAIYAPPAN.E,IND,20,,GEN,Chennai Metro,0.015171744143706761
Anna Nagar,21,V.K.RAMKUMAR,TVK,71375,,GEN,Chennai Metro,43.69746355738678
Anna Nagar,21,N.CHITRARASU,DMK,50012,,GEN,Chennai Metro,30.618529561219304
Anna Nagar,21,S.GOKULA INDIRA,AIADMK,34382,,GEN,Chennai Metro,21.04947379376634
Anna Nagar,21,S.SHANKAR,NTK,4839,,GEN,Chennai Metro,2.9625502788678757
Anna Nagar,21,NOTA,NOTA,963,,GEN,Chennai Metro,0.5895713822173516
Anna Nagar,21,S VINESH KUMAR,IND,289,,GEN,Chennai Metro,0.17693263703096015
Anna Nagar,21,S.DHAYALAN,Thamizhaga Munnetra Congress,186,,GEN,Chennai Metro,0.11387360030366293
Anna Nagar,21,E.V.S.RAJAKUMAR NAIDU,Tamil Telugu National Party,134,,GEN,Chennai Metro,0.08203797011124105
Anna Nagar,21,T S HABEEB MOHAMMAD,IND,131,,GEN,Chennai Metro,0.08020129913860131
Anna Nagar,21,L NARENDRAN,IND,129,,GEN,Chennai Metro,0.07897685182350817
Anna Nagar,21,B.ANAND,Thakkam Katchi,127,,GEN,Chennai Metro,0.07775240450841502
Anna Nagar,21,J NAGARAJ,IND,126,,GEN,Chennai Metro,0.07714018085086843
Anna Nagar,21,MOHAMMED BILAL FATHICK,IND,101,,GEN,Chennai Metro,0.06183458941220407
Anna Nagar,21,JANARTHANAN P,IND,71,,GEN,Chennai Metro,0.043467879685806815
Anna Nagar,21,RAJENDIRAN NAIDU,IND,70,,GEN,Chennai Metro,0.04285565602826025
Anna Nagar,21,G.SIVA KUMAR,IND,58,,GEN,Chennai Metro,0.03550897213770134
Anna Nagar,21,M HARISHANKAR,IND,57,,GEN,Chennai Metro,0.03489674848015477
Anna Nagar,21,L KASINATHAN,IND,50,,GEN,Chennai Metro,0.030611182877328745
Anna Nagar,21,S SATHISH KUMAR,IND,50,,GEN,Chennai Metro,0.030611182877328745
Anna Nagar,21,G OMPRAKASH,IND,41,,GEN,Chennai Metro,0.02510116995940957
Anna Nagar,21,M SELVAMUTHUKUMAR,IND,36,,GEN,Chennai Metro,0.0220400516716767
Anna Nagar,21,RAMAMOORTHY E,IND,35,,GEN,Chennai Metro,0.021427828014130124
Anna Nagar,21,S ANSAR ALI,IND,27,,GEN,Chennai Metro,0.016530038753757522
Anna Nagar,21,M MANOHARAN,IND,27,,GEN,Chennai Metro,0.016530038753757522
Anna Nagar,21,N.P.RAJHA,Naam Indiar Party,23,,GEN,Chennai Metro,0.014081144123571223
Virugampakkam,22,SABARINATHAN.R,TVK,76092,,GEN,Chennai Metro,44.02682389154723
Virugampakkam,22,PRABHAKARA RAJA.A.M.V,DMK,49006,,GEN,Chennai Metro,28.354866893092094
Virugampakkam,22,VIRUGAI V.N.RAVI,AIADMK,38767,,GEN,Chennai Metro,22.43058247652331
Virugampakkam,22,SANTHOSH,NTK,6056,,GEN,Chennai Metro,3.504001018335831
Virugampakkam,22,NOTA,NOTA,1030,,GEN,Chennai Metro,0.5959579010709883
Virugampakkam,22,JAGADISH.S,Republican Party of India (Athawale),462,,GEN,Chennai Metro,0.26731315562601615
Virugampakkam,22,SURESHBABU.T.M,Tamil Telugu National Party,155,,GEN,Chennai Metro,0.08968298511262447
Virugampakkam,22,SABARINATHAN.P,IND,124,,GEN,Chennai Metro,0.07174638809009957
Virugampakkam,22,DINESHKUMAR.N,IND,122,,GEN,Chennai Metro,0.07058918828219474
Virugampakkam,22,RAVIKUMAR,IND,107,,GEN,Chennai Metro,0.0619101897229085
Virugampakkam,22,MUTHURAJ.T,Tamizhaga Vaazhvurimai Katchi,101,,GEN,Chennai Metro,0.05843859029919401
Virugampakkam,22,SRINIVASAN.M,IND,101,,GEN,Chennai Metro,0.05843859029919401
Virugampakkam,22,RANGARAJ.G,IND,91,,GEN,Chennai Metro,0.052652591259669854
Virugampakkam,22,CHANDRA SEKAR.K,IND,88,,GEN,Chennai Metro,0.050916791547812604
Virugampakkam,22,GOPINATH.G,IND,82,,GEN,Chennai Metro,0.04744519212409811
Virugampakkam,22,SANKAR.E,IND,66,,GEN,Chennai Metro,0.03818759366085945
Virugampakkam,22,KUMAR.S,IND,63,,GEN,Chennai Metro,0.036451793949002206
Virugampakkam,22,EZHILRAJ.D,IND,52,,GEN,Chennai Metro,0.03008719500552563
Virugampakkam,22,LUKMANBABU.S,IND,50,,GEN,Chennai Metro,0.028929995197620795
Virugampakkam,22,ROY GEORGE,Anna Puratchi Thalaivar Amma Dravida Munnetra Kazhagam,43,,GEN,Chennai Metro,0.024879795869953883
Virugampakkam,22,KARTHICK.M,IND,41,,GEN,Chennai Metro,0.023722596062049055
Virugampakkam,22,BALAMURUGAN.P,Naam Indiar Party,40,,GEN,Chennai Metro,0.02314399615809664
Virugampakkam,22,ALEX PANDIAN.K,IND,36,,GEN,Chennai Metro,0.020829596542286975
Virugampakkam,22,ESAKKIMUTHUNADAR.P,IND,36,,GEN,Chennai Metro,0.020829596542286975
Virugampakkam,22,VENKATESAN.C,IND,20,,GEN,Chennai Metro,0.01157199807904832
Saidapet,23,ARUL PRAKASAM. M,TVK,81205,,GEN,Chennai Metro,50.62624297853505
Saidapet,23,SUBRAMANIAN. MA,DMK,52691,,GEN,Chennai Metro,32.84954582577415
Saidapet,23,SENTHAMIZHAN. G,AMMK,17839,,GEN,Chennai Metro,11.121501736273466
Saidapet,23,SRIVIDYA. G,NTK,5918,,GEN,Chennai Metro,3.6895031826484876
Saidapet,23,NOTA,NOTA,924,,GEN,Chennai Metro,0.5760562590008791
Saidapet,23,KUMARAN. G.P,Bahujan Samaj Party,571,,GEN,Chennai Metro,0.35598281806223153
Saidapet,23,RAJA. R,IND,258,,GEN,Chennai Metro,0.16084687751323246
Saidapet,23,YOGAPRAKASH. B,IND,158,,GEN,Chennai Metro,0.09850312653911135
Saidapet,23,VALARMATHI. P,IND,139,,GEN,Chennai Metro,0.08665781385402835
Saidapet,23,SOUNDARARAJAN. N,Naam Indiar Party,132,,GEN,Chennai Metro,0.08229375128583986
Saidapet,23,PARTHIBAN. S,MGR Makkal Katchi,131,,GEN,Chennai Metro,0.08167031377609865
Saidapet,23,GINGSTON. M,IND,119,,GEN,Chennai Metro,0.07418906365920412
Saidapet,23,PRASAD. N,IND,93,,GEN,Chennai Metro,0.057979688405932636
Saidapet,23,PRITHVIRAJ. A,IND,93,,GEN,Chennai Metro,0.057979688405932636
Saidapet,23,ANAND. S,IND,66,,GEN,Chennai Metro,0.04114687564291993
Saidapet,23,KANDHASAMY. R (ALIAS) BABU,IND,64,,GEN,Chennai Metro,0.03990000062343751
Thiyagarayanagar,24,ANAND N,TVK,51632,,GEN,Chennai Metro,38.55205782211337
Thiyagarayanagar,24,SATHIYANARAYANAN B,AIADMK,38605,,GEN,Chennai Metro,28.825189654142523
Thiyagarayanagar,24,RAJA ANBAZHAGAN,DMK,37017,,GEN,Chennai Metro,27.63947792843916
Thiyagarayanagar,24,ANUSHA V,NTK,4554,,GEN,Chennai Metro,3.400334508093901
Thiyagarayanagar,24,NOTA,NOTA,878,,GEN,Chennai Metro,0.6555761304581565
Thiyagarayanagar,24,PADMINI NARASIMHAN,IND,124,,GEN,Chennai Metro,0.09258706170479661
Thiyagarayanagar,24,ABUKITHER M,IND,123,,GEN,Chennai Metro,0.09184039185233858
Thiyagarayanagar,24,RAVI M L,Desiya Makkal Sakthi Katchi,108,,GEN,Chennai Metro,0.08064034406546801
Thiyagarayanagar,24,MYTHILI C,IND,86,,GEN,Chennai Metro,0.0642136073113912
Thiyagarayanagar,24,BADRI S,IND,79,,GEN,Chennai Metro,0.05898691834418493
Thiyagarayanagar,24,MANIKANDAN N,IND,79,,GEN,Chennai Metro,0.05898691834418493
Thiyagarayanagar,24,RAMACHANDRAN O N,IND,74,,GEN,Chennai Metro,0.05525356908189474
Thiyagarayanagar,24,VETRIVEL K,IND,68,,GEN,Chennai Metro,0.05077354996714653
Thiyagarayanagar,24,RAJESH E,IND,67,,GEN,Chennai Metro,0.0500268801146885
Thiyagarayanagar,24,MOORTHY N,IND,64,,GEN,Chennai Metro,0.04778687055731438
Thiyagarayanagar,24,PRASATH D,IND,45,,GEN,Chennai Metro,0.03360014336061167
Thiyagarayanagar,24,GNANASEKARAN G,IND,44,,GEN,Chennai Metro,0.03285347350815363
Thiyagarayanagar,24,EASAN NATARAJAN T,IND,41,,GEN,Chennai Metro,0.030613463950779525
Thiyagarayanagar,24,MANIKANDAN T,IND,36,,GEN,Chennai Metro,0.02688011468848934
Thiyagarayanagar,24,SATHISH KUMAR B,IND,31,,GEN,Chennai Metro,0.023146765426199152
Thiyagarayanagar,24,RAMKUMAR L,IND,31,,GEN,Chennai Metro,0.023146765426199152
Thiyagarayanagar,24,ARAVIND GOSH Y T,IND,30,,GEN,Chennai Metro,0.022400095573741115
Thiyagarayanagar,24,BALAJI S,IND,29,,GEN,Chennai Metro,0.02165342572128308
Thiyagarayanagar,24,JAYAVEL,IND,23,,GEN,Chennai Metro,0.017173406606534856
Thiyagarayanagar,24,KUMAR SRI SRI B,IND,22,,GEN,Chennai Metro,0.016426736754076816
Thiyagarayanagar,24,JOTHIRAJ G M,IND,21,,GEN,Chennai Metro,0.015680066901618783
Thiyagarayanagar,24,THENNARASU P,IND,17,,GEN,Chennai Metro,0.012693387491786633
Mylapore,25,VENKATARAMANAN. P,TVK,70070,,GEN,Chennai Metro,46.52907818372578
Mylapore,25,VELU. DHA,DMK,41098,,GEN,Chennai Metro,27.290595906875442
Mylapore,25,DR. TAMILISAI SOUNDARARAJAN,BJP,32328,,GEN,Chennai Metro,21.466990716761625
Mylapore,25,ARUN. R.L,NTK,4499,,GEN,Chennai Metro,2.987502822157589
Mylapore,25,NOTA,NOTA,770,,GEN,Chennai Metro,0.511308551469514
Mylapore,25,BALAJI. V,Bahujan Samaj Party,267,,GEN,Chennai Metro,0.17729790031475356
Mylapore,25,MOHANRAJ. J,Jebamani Janata,265,,GEN,Chennai Metro,0.17596982615509252
Mylapore,25,VIJAYALAKSHMI. P,IND,227,,GEN,Chennai Metro,0.15073641712153207
Mylapore,25,DEVENDRAN. R,Tamizhaga Murpokku Makkal Katchi,145,,GEN,Chennai Metro,0.09628537657542798
Mylapore,25,VIJAYA KRISHNA. V,IND,142,,GEN,Chennai Metro,0.09429326533593636
Mylapore,25,MOORTHY. S,Thamizhaga Dravidar Katchi,120,,GEN,Chennai Metro,0.07968444957966453
Mylapore,25,VINU PRADHA. A,IND,109,,GEN,Chennai Metro,0.07238004170152862
Mylapore,25,VENKATARAMAN. B,IND,107,,GEN,Chennai Metro,0.07105196754186753
Mylapore,25,NAGARAJAN. S,All India Jananayaka Makkal Kazhagam,88,,GEN,Chennai Metro,0.05843526302508732
Mylapore,25,SELVAMUTHU. S,IND,79,,GEN,Chennai Metro,0.05245892930661249
Mylapore,25,ROMANRAJ. A,IND,74,,GEN,Chennai Metro,0.049138743907459786
Mylapore,25,PARTHIPAN. G,IND,64,,GEN,Chennai Metro,0.042498373109154414
Mylapore,25,JAYAGOPI. M,IND,52,,GEN,Chennai Metro,0.034529928151187966
Mylapore,25,VELU. K,IND,50,,GEN,Chennai Metro,0.033201853991526885
Mylapore,25,RADHAKRISHNAN. G,IND,40,,GEN,Chennai Metro,0.02656148319322151
Velachery,26,KUMAR. R,TVK,80430,,GEN,Chennai Metro,43.51919487054622
Velachery,26,ASHOK. M.K,AIADMK,47125,,GEN,Chennai Metro,25.49847144441739
Velachery,26,AASSAN MAULAANA J.M.H,INC,45928,,GEN,Chennai Metro,24.850796742688637
Velachery,26,KEERTHANA. M,NTK,7697,,GEN,Chennai Metro,4.164705245786327
Velachery,26,NOTA,NOTA,1336,,GEN,Chennai Metro,0.7228850472093715
Velachery,26,MOHANRAJ. K,Bahujan Samaj Party,239,,GEN,Chennai Metro,0.12931850769688608
Velachery,26,KALA PETHACHI,IND,233,,GEN,Chennai Metro,0.12607201796390988
Velachery,26,KANCHANA. R,Tamizhaga Murpokku Makkal Katchi,205,,GEN,Chennai Metro,0.11092173254335416
Velachery,26,RADHAKRISHNAN. D.R,IND,143,,GEN,Chennai Metro,0.07737467196926656
Velachery,26,SURESH K,IND,137,,GEN,Chennai Metro,0.07412818223629035
Velachery,26,MANI. M,Veerath Thiyagi Viswanathadoss Thozhilalarkal Katchi,133,,GEN,Chennai Metro,0.07196385574763953
Velachery,26,POYYAMOZHI. M,Proutist Sarva Samaj,130,,GEN,Chennai Metro,0.07034061088115143
Velachery,26,DIWAKAR. R,IND,130,,GEN,Chennai Metro,0.07034061088115143
Velachery,26,SARABESHWAR SISU. P,IND,129,,GEN,Chennai Metro,0.06979952925898872
Velachery,26,ROKESH KUMAR. V,Tamizhaga Vaazhvurimai Katchi,117,,GEN,Chennai Metro,0.06330654979303628
Velachery,26,ASHOK. M,IND,88,,GEN,Chennai Metro,0.04761518275031788
Velachery,26,KANNAN. K,IND,85,,GEN,Chennai Metro,0.04599193788382978
Velachery,26,JANAGARAJ RAVI GUNASEELAN,IND,77,,GEN,Chennai Metro,0.04166328490652815
Velachery,26,VIGNESH. M,IND,70,,GEN,Chennai Metro,0.03787571355138923
Velachery,26,VIGNESH. R,IND,66,,GEN,Chennai Metro,0.035711387062738416
Velachery,26,AZARUTHEEN. M,IND,63,,GEN,Chennai Metro,0.0340881421962503
Velachery,26,RAJASEKAR. S,IND,61,,GEN,Chennai Metro,0.0330059789519249
Velachery,26,MOHAMED YASEEN. I,Thakkam Katchi,51,,GEN,Chennai Metro,0.027595162730297863
Velachery,26,BHASKAR. G,IND,47,,GEN,Chennai Metro,0.025430836241647055
Velachery,26,MOHAN. R,IND,32,,GEN,Chennai Metro,0.017314611909206502
Velachery,26,DEEPAK RAVI,IND,27,,GEN,Chennai Metro,0.014609203798392987
Velachery,26,AHAMMED NAZEER KHAN,IND,24,,GEN,Chennai Metro,0.012985958931904877
Velachery,26,RITISH,IND,12,,GEN,Chennai Metro,0.006492979465952438
Shozhinganallur,27,ECR P SARAVANAN,TVK,220382,,GEN,Chennai Metro,49.269944890955635
Shozhinganallur,27,S. ARAVIND RAMESH,DMK,123602,,GEN,Chennai Metro,27.63321745156999
Shozhinganallur,27,K.P.KANDAN,AIADMK,74112,,GEN,Chennai Metro,16.56893101867895
Shozhinganallur,27,R JAYALAKSHMI,NTK,21919,,GEN,Chennai Metro,4.900345409628992
Shozhinganallur,27,NOTA,NOTA,2079,,GEN,Chennai Metro,0.4647939279446451
Shozhinganallur,27,N.PRASHANTHA RAO,IND,527,,GEN,Chennai Metro,0.11781933623224046
Shozhinganallur,27,S.PUSHNA KUMAR,Bahujan Samaj Party,524,,GEN,Chennai Metro,0.11714863792351804
Shozhinganallur,27,M. CHRISTHU DASS,Dravida Jananayaga Makkal Katchi,486,,GEN,Chennai Metro,0.10865312601303391
Shozhinganallur,27,G SURESH KUMAR,IND,414,,GEN,Chennai Metro,0.09255636660369555
Shozhinganallur,27,M.G.RAMU,Jebamani Janata,321,,GEN,Chennai Metro,0.07176471903330017
Shozhinganallur,27,RAMANATHAN M,IND,263,,GEN,Chennai Metro,0.058797885064666496
Shozhinganallur,27,E. VIJAY,IND,257,,GEN,Chennai Metro,0.057456488447221635
Shozhinganallur,27,D. SRINIVASAN,IND,254,,GEN,Chennai Metro,0.0567857901384992
Shozhinganallur,27,K. VISHWANATHAN,All India Puratchi Thalaivar Makkal Munnettra Kazhagam,251,,GEN,Chennai Metro,0.05611509182977677
Shozhinganallur,27,S. KARTHIK,IND,214,,GEN,Chennai Metro,0.04784314602220011
Shozhinganallur,27,R RAVICHANDRAN,IND,189,,GEN,Chennai Metro,0.04225399344951319
Shozhinganallur,27,CHANDRASEKARAN,IND,177,,GEN,Chennai Metro,0.03957120021462346
Shozhinganallur,27,RAJESH,IND,160,,GEN,Chennai Metro,0.035770576465196345
Shozhinganallur,27,E. MURALI B.A,IND,156,,GEN,Chennai Metro,0.034876312053566436
Shozhinganallur,27,S.GOVINDHAN,IND,149,,GEN,Chennai Metro,0.0333113493332141
Shozhinganallur,27,M. ALEXANDAR,Naam Indiar Party,123,,GEN,Chennai Metro,0.02749863065761969
Shozhinganallur,27,JAIKUMAR BALACHANDRAN,IND,123,,GEN,Chennai Metro,0.02749863065761969
Shozhinganallur,27,P.CHANDRA KANTH,IND,115,,GEN,Chennai Metro,0.025710101834359875
Shozhinganallur,27,R.YOGESHWARAN,IND,115,,GEN,Chennai Metro,0.025710101834359875
Shozhinganallur,27,FARMER JAYARAMAN S K J,IND,115,,GEN,Chennai Metro,0.025710101834359875
Shozhinganallur,27,V. KANDHAN,IND,103,,GEN,Chennai Metro,0.023027308599470147
Shozhinganallur,27,A.MOHAMMED GANI,IND,98,,GEN,Chennai Metro,0.021909478084932762
Shozhinganallur,27,MUTHARASAN,IND,67,,GEN,Chennai Metro,0.01497892889480097
Alandur,28,M.HARISH,TVK,112205,,GEN,Chennai Metro,42.896738922659324
Alandur,28,T.M.ANBARASAN,DMK,82596,,GEN,Chennai Metro,31.5770157128111
Alandur,28,S.SARAVANAN,AIADMK,52243,,GEN,Chennai Metro,19.972856214397673
Alandur,28,Y.G.MAHALAKSHMI,NTK,10405,,GEN,Chennai Metro,3.977902664678671
Alandur,28,NOTA,NOTA,1263,,GEN,Chennai Metro,0.48285353824979926
Alandur,28,M.HARISH,IND,853,,GEN,Chennai Metro,0.32610773406736243
Alandur,28,N.HARI KRISHNAN,All India Puratchi Thalaivar Makkal Munnettra Kazhagam,317,,GEN,Chennai Metro,0.12119126811178652
Alandur,28,J.AGNI SELVARASU,Naadaalum Makkal Katchi,233,,GEN,Chennai Metro,0.08907749359636044
Alandur,28,SENKODI VIJAYALAKSHMI,IND,233,,GEN,Chennai Metro,0.08907749359636044
Alandur,28,R.SURESH,IND,168,,GEN,Chennai Metro,0.06422754903085216
Alandur,28,R.SARAVANAN,IND,150,,GEN,Chennai Metro,0.05734602592040372
Alandur,28,V.ANBARASAN,IND,120,,GEN,Chennai Metro,0.045876820736322974
Alandur,28,MAHESH KUMAR,IND,105,,GEN,Chennai Metro,0.0401422181442826
Alandur,28,A.VELUSAMY,Puthiya Tamilagam,93,,GEN,Chennai Metro,0.0355545360706503
Alandur,28,S.ROYAPPAN,Tamizhaga Vaazhvurimai Katchi,89,,GEN,Chennai Metro,0.03402530871277287
Alandur,28,A.SARAVANAN,IND,78,,GEN,Chennai Metro,0.02981993347860993
Alandur,28,ARAVIND CHANDRASEKAR,Indhu Dravida Makkal Katchi,77,,GEN,Chennai Metro,0.029437626639140575
Alandur,28,S.SARAVANAN,IND,76,,GEN,Chennai Metro,0.029055319799671214
Alandur,28,R.SELVAKUMAR,IND,69,,GEN,Chennai Metro,0.026379171923385708
Alandur,28,B. KALYANARAMKUMAR,Naam Indiar Party,60,,GEN,Chennai Metro,0.022938410368161487
Alandur,28,K.VELAYUDHAM,IND,51,,GEN,Chennai Metro,0.019497648812937265
Alandur,28,D.SARAVANAN,IND,50,,GEN,Chennai Metro,0.019115341973467908
Alandur,28,G.DANIEL ANTONYRAJ,IND,19,,GEN,Chennai Metro,0.0072638299499178036
Alandur,28,G.RAMANAN,IND,17,,GEN,Chennai Metro,0.006499216270979088
Sriperumbudur,29,THENNARASU.K,TVK,147611,,SC,Chennai Metro,44.583615232204124
Sriperumbudur,29,K. SELVAPERUNTHAGAI,INC,93365,,SC,Chennai Metro,28.19945150533997
Sriperumbudur,29,K. PALANI,AIADMK,73182,,SC,Chennai Metro,22.10348910259508
Sriperumbudur,29,M. SINDHU EZHILARASAN,NTK,13150,,SC,Chennai Metro,3.9717537331464747
Sriperumbudur,29,NOTA,NOTA,1161,,SC,Chennai Metro,0.3506620596336925
Sriperumbudur,29,M.TAMILARASAN,Communist Party of India (Marxist-Leninist) (Liberation),511,,SC,Chennai Metro,0.1543396317595322
Sriperumbudur,29,D.PURUSHOTHAMAN,All India Puratchi Thalaivar Makkal Munnettra Kazhagam,489,,SC,Chennai Metro,0.14769487266225292
Sriperumbudur,29,A. GURUANANDHAN,Anaithinthiya Anna Dravida Makkal Seyal katchi,479,,SC,Chennai Metro,0.1446745276180351
Sriperumbudur,29,A.GNANASEKARAN,Tamizhaga Vaazhvurimai Katchi,271,,SC,Chennai Metro,0.08185135069830378
Sriperumbudur,29,P. VEDHAGIRI,IND,258,,SC,Chennai Metro,0.07792490214082057
Sriperumbudur,29,G. RAJATHI,IND,211,,SC,Chennai Metro,0.06372928043299667
Sriperumbudur,29,J. NITHYA,IND,176,,SC,Chennai Metro,0.05315807277823419
Sriperumbudur,29,ELANGOVAN SIVAKUMAR,IND,112,,SC,Chennai Metro,0.03382786449523993
Sriperumbudur,29,E. MURUGAN,IND,112,,SC,Chennai Metro,0.03382786449523993
Pallavaram,30,J.KAMATCHI,TVK,133611,,GEN,Chennai Metro,47.099694370710345
Pallavaram,30,D.MURUGESAN,DMDK,78918,,GEN,Chennai Metro,27.819668143698646
Pallavaram,30,V.VENKATESAN,AIADMK,48921,,GEN,Chennai Metro,17.24531773813175
Pallavaram,30,DR.R.KARTHIKEYAN,NTK,14065,,GEN,Chennai Metro,4.958103758852498
Pallavaram,30,NOTA,NOTA,1602,,GEN,Chennai Metro,0.5647267843357058
Pallavaram,30,RAJESH T R,IND,1277,,GEN,Chennai Metro,0.4501598649167892
Pallavaram,30,N.BHARATHI,Bahujan Samaj Party,562,,GEN,Chennai Metro,0.19811264219517266
Pallavaram,30,A.THANGARAJ,Puthiya Tamilagam,555,,GEN,Chennai Metro,0.1956450470076883
Pallavaram,30,B.RAJESWARI,Naadaalum Makkal Katchi,443,,GEN,Chennai Metro,0.15616352400793862
Pallavaram,30,N.RAMKUMAR,IND,429,,GEN,Chennai Metro,0.1512283336329699
Pallavaram,30,M.L.RAVI,Desiya Makkal Sakthi Katchi,377,,GEN,Chennai Metro,0.13289762652594325
Pallavaram,30,T.AMIRTHA KANTHAN,Naam Indiar Party,349,,GEN,Chennai Metro,0.12302724577600581
Pallavaram,30,M.SIVAKUMAR,IND,322,,GEN,Chennai Metro,0.11350937862428044
Pallavaram,30,R.MUTHUKUMAR,IND,298,,GEN,Chennai Metro,0.10504905226719122
Pallavaram,30,S.RAHAMATHULLA,Tamizhaga Vaazhvurimai Katchi,294,,GEN,Chennai Metro,0.103638997874343
Pallavaram,30,G.RAMESHBABU,Indhu Dravida Makkal Katchi,283,,GEN,Chennai Metro,0.09976134829401044
Pallavaram,30,S.SATHIYARAJ,IND,235,,GEN,Chennai Metro,0.082840695579832
Pallavaram,30,R.JAWAHAR,IND,233,,GEN,Chennai Metro,0.08213566838340788
Pallavaram,30,R.RAJKUMAR,All India Puratchi Thalaivar Makkal Munnettra Kazhagam,231,,GEN,Chennai Metro,0.08143064118698379
Pallavaram,30,G.JOHN PANDIAN,IND,212,,GEN,Chennai Metro,0.07473288282095482
Pallavaram,30,S.SUNDARAMOORTHY PANDIYAR,IND,180,,GEN,Chennai Metro,0.06345244767816918
Pallavaram,30,P.RAVICHANDRAN,IND,103,,GEN,Chennai Metro,0.03630890061584126
Pallavaram,30,S.VETRI VEL,IND,99,,GEN,Chennai Metro,0.03489884622299305
Pallavaram,30,M.SANKAR,IND,78,,GEN,Chennai Metro,0.02749606066053998
Tambaram,31,D.SARATHKUMAR,TVK,118967,,GEN,Chennai Metro,42.66971295761615
Tambaram,31,R.S.KIRUTHIKA DEVI,DMK,83346,,GEN,Chennai Metro,29.893583062239742
Tambaram,31,C.RAJENDRAN,AIADMK,61991,,GEN,Chennai Metro,22.234217690246727
Tambaram,31,S.TAMILCHELVI,NTK,11627,,GEN,Chennai Metro,4.170238406938083
Tambaram,31,NOTA,NOTA,1512,,GEN,Chennai Metro,0.5423067404567284
Tambaram,31,M.RAJA,Bahujan Samaj Party,290,,GEN,Chennai Metro,0.10401385895003389
Tambaram,31,M. JACOB,IND,180,,GEN,Chennai Metro,0.06456032624484863
Tambaram,31,SARATHKUMAR. R,IND,162,,GEN,Chennai Metro,0.05810429362036377
Tambaram,31,SIVARAMAN.S,Veerath Thiyagi Viswanathadoss Thozhilalarkal Katchi,158,,GEN,Chennai Metro,0.056669619703811576
Tambaram,31,S.KARTHIK,IND,115,,GEN,Chennai Metro,0.04124687510087551
Tambaram,31,T.DHIVAKARAN,IND,98,,GEN,Chennai Metro,0.03514951095552869
Tambaram,31,R.RAVIKUMAR,IND,94,,GEN,Chennai Metro,0.0337148370389765
Tambaram,31,P.PON RAJA,Tamizhaga Vaazhvurimai Katchi,88,,GEN,Chennai Metro,0.03156282616414822
Tambaram,31,THAMBIRAJ.E,Naam Indiar Party,69,,GEN,Chennai Metro,0.024748125060525303
Tambaram,31,S.BALASUBRAMANIAN,IND,62,,GEN,Chennai Metro,0.02223744570655897
Tambaram,31,S.PARTHIBAN,Democratic National Allegiance,50,,GEN,Chennai Metro,0.017933423956902395
Chengalpattu,32,S. THIYAGARAJAN,TVK,137136,,GEN,Chennai Metro,42.32461961050585
Chengalpattu,32,KARTHIKDHANDAPANI,DMK,101495,,GEN,Chennai Metro,31.324650473750808
Chengalpattu,32,M.GAJENDRAN,AIADMK,69763,,GEN,Chennai Metro,21.531125582543748
Chengalpattu,32,AMUTHA.N,NTK,12032,,GEN,Chennai Metro,3.713465633776735
Chengalpattu,32,NOTA,NOTA,1395,,GEN,Chennai Metro,0.43054226721397487
Chengalpattu,32,S.SELVAM (A) CHELLA,Tamizhaga Vaazhvurimai Katchi,381,,GEN,Chennai Metro,0.11758896330360173
Chengalpattu,32,S. SARAVANAN,Bahujan Samaj Party,374,,GEN,Chennai Metro,0.11542853615629148
Chengalpattu,32,M.ANANDAN,IND,299,,GEN,Chennai Metro,0.09228110243511004
Chengalpattu,32,C.VIMALRAJ,IND,290,,GEN,Chennai Metro,0.08950341038856825
Chengalpattu,32,P.GEORGE DEVADOSS,IND,184,,GEN,Chennai Metro,0.056788370729298474
Chengalpattu,32,V. RAMAKRISHNAN,IND,166,,GEN,Chennai Metro,0.05123298663621493
Chengalpattu,32,S.DELHI BABU,IND,127,,GEN,Chennai Metro,0.039196321101200575
Chengalpattu,32,A.ESAKKIAPPAN,IND,122,,GEN,Chennai Metro,0.037653158853121815
Chengalpattu,32,KARTHICK.A,IND,107,,GEN,Chennai Metro,0.03302367210888553
Chengalpattu,32,T. PREM BALAJI,IND,71,,GEN,Chennai Metro,0.021912903922718434
Chengalpattu,32,G. CHRISTOPHER,IND,68,,GEN,Chennai Metro,0.02098700657387118
Thiruporur,33,B.VIJAYARAJ,TVK,110095,,GEN,North,41.9554969532295
Thiruporur,33,R. PANNEERDOSS,VCK,70744,,GEN,North,26.959441177703507
Thiruporur,33,K. BALU,PMK,67392,,GEN,North,25.682045966411216
Thiruporur,33,AMBETH RAJAN,NTK,9616,,GEN,North,3.664508458170261
Thiruporur,33,NOTA,NOTA,1248,,GEN,North,0.47559344382242985
Thiruporur,33,D. PANNEERSELVAM,IND,784,,GEN,North,0.298770240349988
Thiruporur,33,S. MESHAK,IND,632,,GEN,North,0.24084539783315362
Thiruporur,33,DR.D.VINOTH KUMAR,Bahujan Samaj Party,535,,GEN,North,0.2038802022796474
Thiruporur,33,A.SELVARAJ,Mannin Maithargal Kazhagam,524,,GEN,North,0.19968827288698177
Thiruporur,33,V M CHANDIRAN,IND,326,,GEN,North,0.1242335438190001
Thiruporur,33,V. DESAPPAN,Samata Party,308,,GEN,North,0.11737402299463813
Thiruporur,33,S. GNANASEKARAN,IND,205,,GEN,North,0.07812232049967797
Cheyyur,34,RAJASEKAR. E,AIADMK,63809,,SC,North,34.0162273967929
Cheyyur,34,MOHAN RAJA.M.G.K,TVK,58141,,SC,North,30.994647731149776
Cheyyur,34,SINTHANAI SELVAN,VCK,57909,,SC,North,30.870969805527125
Cheyyur,34,SWATHILAKSHMI SEKAR,NTK,4853,,SC,North,2.5871076424428523
Cheyyur,34,NOTA,NOTA,783,,SC,North,0.41741299897645856
Cheyyur,34,MURUGAVEL. A,All India Puratchi Thalaivar Makkal Munnettra Kazhagam,408,,SC,North,0.21750255885363357
Cheyyur,34,GANGADURAI. K,Tamizhaga Vaazhvurimai Katchi,375,,SC,North,0.19991044012282497
Cheyyur,34,RAJA. K,IND,345,,SC,North,0.18391760491299897
Cheyyur,34,AMBETHKAR. S,IND,319,,SC,North,0.17005714773114977
Cheyyur,34,GOPIKRISHNA. D,IND,168,,SC,North,0.08955987717502559
Cheyyur,34,JEGAN. M,IND,157,,SC,North,0.08369583759808939
Cheyyur,34,EZHIL. E,IND,135,,SC,North,0.07196775844421699
Cheyyur,34,KRISHNAKANTH. E,IND,103,,SC,North,0.05490873422040259
Cheyyur,34,ARUN. C,IND,79,,SC,North,0.042114466052541794
Madurantakam,35,MARAGATHAM KUMARAVEL.K,AIADMK,69284,,SC,North,34.94761690987687
Madurantakam,35,EZHIL KATHARINE EZHILMALAI,TVK,62090,,SC,North,31.318883637409144
Madurantakam,35,S.AMULU PONMALAR,DMK,59838,,SC,North,30.182949896847934
Madurantakam,35,G.JANAKIRAMAN,NTK,4950,,SC,North,2.496834820505319
Madurantakam,35,NOTA,NOTA,797,,SC,North,0.4020156266550988
Madurantakam,35,NEELAM E.RAMKUMAR,Bahujan Samaj Party,374,,SC,North,0.18864974199373521
Madurantakam,35,RANJITHAM.M,IND,357,,SC,North,0.1800747537212927
Madurantakam,35,R.SUGAN,All India Puratchi Thalaivar Makkal Munnettra Kazhagam,237,,SC,North,0.11954542473934558
Madurantakam,35,S.PUNNIYAKOTTI,Tamizhaga Vaazhvurimai Katchi,206,,SC,North,0.10390868141900923
Madurantakam,35,M.KADIRVEL,IND,118,,SC,North,0.05952050683224801
Uthiramerur,36,MUNIRATHINAM.J,TVK,84917,,GEN,North,37.28272561631506
Uthiramerur,36,SUNDAR.K,DMK,70694,,GEN,North,31.038131407371633
Uthiramerur,36,MAGESHKUMAR.P,PMK,62809,,GEN,North,27.576229886066777
Uthiramerur,36,MARAM MASILAMANI.B.S,NTK,5783,,GEN,North,2.5390204816367747
Uthiramerur,36,NOTA,NOTA,1114,,GEN,North,0.4891006080828925
Uthiramerur,36,DEVARAJAN.C,IND,551,,GEN,North,0.24191600992250784
Uthiramerur,36,DEVENTHIRAMOORTHY.S,IND,390,,GEN,North,0.17122911773099467
Uthiramerur,36,SIVAKUMAR.A,Desiya Makkal Sakthi Katchi,342,,GEN,North,0.15015476477948764
Uthiramerur,36,JAKIRUSAN.D,Tamizhaga Vaazhvurimai Katchi,235,,GEN,North,0.10317651965841985
Uthiramerur,36,ANBU.V,IND,221,,GEN,North,0.09702983338089698
Uthiramerur,36,MAHESWARI.J,IND,212,,GEN,North,0.09307839220248941
Uthiramerur,36,MAGESH KUMAR.T,IND,207,,GEN,North,0.09088314710337408
Uthiramerur,36,GUNASEKAR.V,IND,125,,GEN,North,0.05488112747788291
Uthiramerur,36,CITTIBABU.R,IND,95,,GEN,North,0.041709656883191004
Uthiramerur,36,KAMALAKANNAN.K,IND,70,,GEN,North,0.03073343138761443
Kancheepuram,37,R.V. RANJITHKUMAR,TVK,91350,,GEN,North,37.0863561995315
Kancheepuram,37,V. SOMASUNDARAM,AIADMK,75862,,GEN,North,30.798523853408412
Kancheepuram,37,NITHYA SUGUMAR,DMK,69344,,GEN,North,28.152340276960174
Kancheepuram,37,VETRISELVI,NTK,6950,,GEN,North,2.821567329904148
Kancheepuram,37,NOTA,NOTA,1078,,GEN,North,0.43764742181822613
Kancheepuram,37,G. BABU,IND,364,,GEN,North,0.14777705152303738
Kancheepuram,37,M. MEGANATHAN,IND,286,,GEN,North,0.11611054048238652
Kancheepuram,37,M. NANDHAKUMAR,Anti Corruption Dynamic Party,217,,GEN,North,0.08809785763873383
Kancheepuram,37,V. NARESH,Tamizhaga Vaazhvurimai Katchi,178,,GEN,North,0.07226460211840839
Kancheepuram,37,E. DHAKSHNAMOORTHY,IND,178,,GEN,North,0.07226460211840839
Kancheepuram,37,M. BALAJI,IND,138,,GEN,North,0.05602536568730538
Kancheepuram,37,P. VENKATESAN,All India Puratchi Thalaivar Makkal Munnettra Kazhagam,110,,GEN,North,0.04465790018553328
Kancheepuram,37,V. SOMASUNDARAM,IND,78,,GEN,North,0.031666511040650866
Kancheepuram,37,GNANAMOORTHY,IND,74,,GEN,North,0.030042587397540566
Kancheepuram,37,M. SOMASUNDARAM,IND,68,,GEN,North,0.02760670193287512
Kancheepuram,37,C. DILLIBABU,IND,42,,GEN,North,0.01705119825265816
Arakkonam,38,V. GANDHIRAJ,TVK,73776,,SC,North,40.46067785455742
Arakkonam,38,EZHIL CAROLINE,VCK,50655,,SC,North,27.78051990786443
Arakkonam,38,S. RAVI,AIADMK,50052,,SC,North,27.449819019414278
Arakkonam,38,K. RAJKUMAR,NTK,5191,,SC,North,2.846879455961391
Arakkonam,38,NOTA,NOTA,899,,SC,North,0.4930349895799057
Arakkonam,38,P. SUDHAKAR,Bahujan Samaj Party,451,,SC,North,0.24734013381594822
Arakkonam,38,VETRIVEL. M,Aanaithinthiya Jananayaka Pathukappu Kazhagam,251,,SC,North,0.13765493034989582
Arakkonam,38,N. PRAVEENKUMAR,IND,238,,SC,North,0.13052539212460237
Arakkonam,38,N. LAKSHMIPATHY,Tamizhaga Vaazhvurimai Katchi,229,,SC,North,0.12558955796863003
Arakkonam,38,T. MURALIDHARAN,IND,197,,SC,North,0.10803992541406164
Arakkonam,38,M. SANTHANAM,IND,150,,SC,North,0.08226390259953932
Arakkonam,38,G. MOHAN,IND,106,,SC,North,0.05813315783700779
Arakkonam,38,M. MANIKANDAN,IND,75,,SC,North,0.04113195129976966
Arakkonam,38,P. GOVINDARAJ,IND,70,,SC,North,0.038389821213118354
Sholingur,39,G.KAPIL,TVK,84506,,GEN,North,36.16251005631537
Sholingur,39,K.SARAVANAN,PMK,78820,,GEN,North,33.72930966604474
Sholingur,39,A.M.MUNIRATHINAM,INC,57997,,GEN,North,24.818558395097654
Sholingur,39,A.ASHOK KUMAR,NTK,6468,,GEN,North,2.767840331387686
Sholingur,39,NOTA,NOTA,572,,GEN,North,0.24477499529278854
Sholingur,39,M.VIJAYAN,IND,548,,GEN,North,0.23450471577001422
Sholingur,39,K.MUNISAMY,IND,532,,GEN,North,0.22765786275483132
Sholingur,39,SUDHAKAR.K,Tamizhaga Vaazhvurimai Katchi,490,,GEN,North,0.20968487358997623
Sholingur,39,M.GIRIDHARAN,Bahujan Samaj Party,378,,GEN,North,0.16175690248369592
Sholingur,39,M.DINESH,IND,349,,GEN,North,0.14934698139367694
Sholingur,39,V.MUNIRATHINAM,IND,345,,GEN,North,0.1476352681398812
Sholingur,39,T.RAJENDRAN,IND,316,,GEN,North,0.13522534704986222
Sholingur,39,N.GOPALAKRISHNAN,IND,310,,GEN,North,0.13265777716916863
Sholingur,39,N.MANI,IND,284,,GEN,North,0.1215316410194964
Sholingur,39,SANTHANAM.R,IND,277,,GEN,North,0.1185361428253539
Sholingur,39,KAVIYARASAN.SUBIRAMANI,IND,249,,GEN,North,0.10655415004878384
Sholingur,39,V.SADHASIVAM,IND,234,,GEN,North,0.10013522534704986
Sholingur,39,S.SENTHILKUMAR,Vanchit Bahujan Aaghadi,197,,GEN,North,0.08430187774943941
Sholingur,39,A.PALANI,IND,183,,GEN,North,0.07831088136115438
Sholingur,39,V.HEMACHANDIRAN,IND,136,,GEN,North,0.05819825062905463
Sholingur,39,R.VINOTH,Veerath Thiyagi Viswanathadoss Thozhilalarkal Katchi,133,,GEN,North,0.05691446568870783
Sholingur,39,A.ANANDAN,IND,133,,GEN,North,0.05691446568870783
Sholingur,39,S.ILAYARAJA,IND,124,,GEN,North,0.05306311086766745
Sholingur,39,R.SETHUPATHI,IND,103,,GEN,North,0.0440766162852399
Katpadi,40,DR M SUDHAKAR,TVK,69868,,GEN,North,34.333675680722564
Katpadi,40,V. RAMU,AIADMK,63998,,GEN,North,31.449112271925383
Katpadi,40,DURAIMURUGAN,DMK,62225,,GEN,North,30.577846356457343
Katpadi,40,S. THIRUKKUMARAN,NTK,4625,,GEN,North,2.272760777800164
Katpadi,40,NOTA,NOTA,745,,GEN,North,0.3660987631267292
Katpadi,40,J. RAMESH,Bahujan Samaj Party,407,,GEN,North,0.20000294844641445
Katpadi,40,D. RAMU,IND,323,,GEN,North,0.15872469864420605
Katpadi,40,INDU .W,Tamil Manila Murpokku Dravida Kazhagam,319,,GEN,North,0.15675906770124373
Katpadi,40,DHANANCHEZHIYAN,IND,215,,GEN,North,0.10565266318422384
Katpadi,40,V. CHANDRAN,All India Puratchi Thalaivar Makkal Munnettra Kazhagam,187,,GEN,North,0.09189324658348771
Katpadi,40,M. SUTHAKAR,IND,145,,GEN,North,0.07125412168238353
Katpadi,40,S. BALAJI,Tamil Nadu Ilangyar Katchi,140,,GEN,North,0.06879708300368065
Katpadi,40,DHANASEKAR,IND,122,,GEN,North,0.05995174376035027
Katpadi,40,GANESAN .P,Indhu Dravida Makkal Katchi,79,,GEN,North,0.038821211123505506
Katpadi,40,SARAVANAN .D,IND,54,,GEN,North,0.026536017729991104
Katpadi,40,S. RAMAN,IND,45,,GEN,North,0.02211334810832592
Ranipet,41,THAHIRA,TVK,91149,,GEN,North,41.23680091206037
Ranipet,41,R. GANDHI,DMK,85362,,GEN,North,38.61869904722265
Ranipet,41,V.M. KARTHIKEYAN,BJP,32060,,GEN,North,14.504293379418923
Ranipet,41,THAARIKHA SALMAN,NTK,7236,,GEN,North,3.273645255566916
Ranipet,41,NOTA,NOTA,1209,,GEN,North,0.5469647752875072
Ranipet,41,A. NARESHKUMAR,IND,754,,GEN,North,0.3411178168459722
Ranipet,41,J.JENIFERJANET,Bahujan Samaj Party,620,,GEN,North,0.28049475655769596
Ranipet,41,K. SAKTHIVEL NATHAN,IND,533,,GEN,North,0.24113500846008376
Ranipet,41,J. HASSAIN,IND,517,,GEN,North,0.2338964340973045
Ranipet,41,N.VISWANATHAN,Tamizhaga Vaazhvurimai Katchi,370,,GEN,North,0.16739203213927017
Ranipet,41,V. DHARMENDIRAN,IND,356,,GEN,North,0.16105827957183833
Ranipet,41,S.MUNISAMY,Anti Corruption Dynamic Party,229,,GEN,North,0.10360209556727802
Ranipet,41,S.JAYAPRAKASH,IND,228,,GEN,North,0.10314968466960432
Ranipet,41,V. SURESH,IND,166,,GEN,North,0.07510020901383473
Ranipet,41,J. MOHAN,IND,155,,GEN,North,0.07012368913942399
Ranipet,41,N. SUGUMAR,IND,94,,GEN,North,0.0425266243813281
Arcot,42,S.M.SUKUMAR,AIADMK,105608,,GEN,North,46.77349348498135
Arcot,42,G.VIJAY MOHAN,TVK,62888,,GEN,North,27.852922678996926
Arcot,42,J.L.ESWARAPPAN,DMK,48840,,GEN,North,21.631102016954106
Arcot,42,ARCHANA NARASIMMAN,NTK,5518,,GEN,North,2.443907062439655
Arcot,42,NOTA,NOTA,656,,GEN,North,0.2905406003915212
Arcot,42,M.VASANTHAKUMAR,Bahujan Samaj Party,468,,GEN,North,0.20727591613297547
Arcot,42,K.MANIKANDAN,IND,397,,GEN,North,0.17583021090767365
Arcot,42,A.VIJAY,IND,369,,GEN,North,0.16342908772023065
Arcot,42,S.P.SHANMUGAM,Aanaithinthiya Jananayaka Pathukappu Kazhagam,252,,GEN,North,0.11161010868698679
Arcot,42,V.GANDHI,Vanchit Bahujan Aaghadi,197,,GEN,North,0.08725075956879523
Arcot,42,V.SEETHARAMAN,Anti Corruption Dynamic Party,168,,GEN,North,0.07440673912465785
Arcot,42,P.VENKATESAN,Tamizhaga Vaazhvurimai Katchi,151,,GEN,North,0.0668774857608532
Arcot,42,V.SHANTHI,IND,113,,GEN,North,0.0500473900064663
Arcot,42,ESWARAPPAN.M,IND,103,,GEN,North,0.04561841743952238
Arcot,42,R.INDHUMATHI,IND,58,,GEN,North,0.02568804088827474
Vellore,43,M.M.VINOTH KANNAN,TVK,73032,,GEN,North,38.33157505235478
Vellore,43,P.KARTHIKEYAN,DMK,66255,,GEN,North,34.774598875749895
Vellore,43,S R K APPU,AIADMK,45458,,GEN,North,23.859085588919154
Vellore,43,A.SONIYA,NTK,3793,,GEN,North,1.9907939557123138
Vellore,43,NOTA,NOTA,757,,GEN,North,0.39731901515270807
Vellore,43,K.VIMALA,Naam Indiar Party,195,,GEN,North,0.10234769875135809
Vellore,43,U.VIJAYA KUMAR,IND,191,,GEN,North,0.10024825877697126
Vellore,43,S.M.IRSHAD,Tamizhaga Vaazhvurimai Katchi,135,,GEN,North,0.07085609913555559
Vellore,43,M.VINOTHKUMAR,Anna MGR Dravida Makkal Kalgam,131,,GEN,North,0.06875665916116876
Vellore,43,S.MADHAN KUMAR,IND,123,,GEN,North,0.06455777921239508
Vellore,43,S.GIRIDHARA PRASAD,Party for the Rights of Other backward Classes,103,,GEN,North,0.054060579340460935
Vellore,43,S.APPU,IND,103,,GEN,North,0.054060579340460935
Vellore,43,K.M.VINAAYAGAM,Viro Ke Vir Indian Party,88,,GEN,North,0.04618767943651031
Vellore,43,M.LOGANATHAN,IND,59,,GEN,North,0.03096673962220578
Vellore,43,K.MUNIYAPPAN,ALL PENSIONER'S PARTY,55,,GEN,North,0.028867299647818943
Vellore,43,S.RAJKAMAL,IND,49,,GEN,North,0.025718139686238695
Anaikattu,44,D.VELAZHAGAN,AIADMK,76302,,GEN,North,35.27307020220231
Anaikattu,44,A.P.NANDAKUMAR,DMK,69221,,GEN,North,31.99964866539077
Anaikattu,44,R.VELMURUGAN,TVK,63287,,GEN,North,29.256465019092264
Anaikattu,44,M.RAVIKUMAR,NTK,4746,,GEN,North,2.193992178182121
Anaikattu,44,NOTA,NOTA,1103,,GEN,North,0.5098974657679898
Anaikattu,44,R.SARAVANAN,Namadhu Makkal Katchi,351,,GEN,North,0.1622611155798408
Anaikattu,44,K.MANOHARAN,IND,319,,GEN,North,0.14746807940162168
Anaikattu,44,V.S.VENKATESH,Aanaithinthiya Jananayaka Pathukappu Kazhagam,217,,GEN,North,0.10031527658354829
Anaikattu,44,V.VINOTHKANNA,Tamizhaga Vaazhvurimai Katchi,192,,GEN,North,0.08875821706931462
Anaikattu,44,P.JAYASEELAN,Puthiya Tamilagam,166,,GEN,North,0.0767388751745116
Anaikattu,44,R.RAMESH,IND,152,,GEN,North,0.07026692184654074
Anaikattu,44,M.NANDHA KUMAR,IND,95,,GEN,North,0.043916826154087964
Anaikattu,44,S.SELVAMOORTHY,IND,90,,GEN,North,0.04160541425124122
Anaikattu,44,E.SURESH,IND,77,,GEN,North,0.035595743303839716
Kilvaithinankuppam,45,THENRAL KUMAR. E,TVK,74305,,SC,North,39.13013713057949
Kilvaithinankuppam,45,JEGAN MOORTHY. M,AIADMK,54050,,SC,North,28.463547700798348
Kilvaithinankuppam,45,DR. RAJESWARI. R,DMK,53898,,SC,North,28.383502201251236
Kilvaithinankuppam,45,KALAIYENTHIRI. R,NTK,5183,,SC,North,2.7294462115307647
Kilvaithinankuppam,45,NOTA,NOTA,972,,SC,North,0.5118699049986307
Kilvaithinankuppam,45,ANANDALAI THANGARAJ. M,All India Puratchi Thalaivar Makkal Munnettra Kazhagam,482,,SC,North,0.25382849198491775
Kilvaithinankuppam,45,JAYASHANKAR. J,IND,227,,SC,North,0.11954163419206708
Kilvaithinankuppam,45,RAJA. M,Tamizhaga Vaazhvurimai Katchi,202,,SC,North,0.10637625597708171
Kilvaithinankuppam,45,SATHISH. A,IND,157,,SC,North,0.08267857519010806
Kilvaithinankuppam,45,JAYA BHARATH. J,IND,157,,SC,North,0.08267857519010806
Kilvaithinankuppam,45,MURUGAN. K.P,IND,146,,SC,North,0.0768858087755145
Kilvaithinankuppam,45,KUMARESAN. L,IND,113,,SC,North,0.059507509531733824
Gudiyattam,46,K.SINDU,TVK,82858,,SC,North,36.17052855820776
Gudiyattam,46,K.B.PRADAP,DMDK,72761,,SC,North,31.762821072482495
Gudiyattam,46,PARITHA PURUSHOTHAMAN.G,AIADMK,64122,,SC,North,27.991583579248807
Gudiyattam,46,J.EMALAN,NTK,5802,,SC,North,2.532783879585814
Gudiyattam,46,NOTA,NOTA,799,,SC,North,0.34879254046691927
Gudiyattam,46,T.POOVARASAN,Bahujan Samaj Party,697,,SC,North,0.30426583317327
Gudiyattam,46,SUBAKARAN.A,IND,519,,SC,North,0.22656236358239187
Gudiyattam,46,BHARATH  MATHIRUBAN,IND,400,,SC,North,0.1746145384064677
Gudiyattam,46,K.ASHA,Puthiya Tamilagam,383,,SC,North,0.16719342052419284
Gudiyattam,46,K.THABITHAL,All India Puratchi Thalaivar Makkal Munnettra Kazhagam,351,,SC,North,0.15322425745167542
Gudiyattam,46,A.RAJESH,IND,227,,SC,North,0.09909375054567043
Gudiyattam,46,M.SUMATHI,IND,157,,SC,North,0.06853620632453858
Vaniyambadi,47,SYED FAROOQ BASHA SSB,IUML,73181,,GEN,North,34.43260842971007
Vaniyambadi,47,SYED BHURHANUDEEN,TVK,70199,,GEN,North,33.02953880320325
Vaniyambadi,47,SENDHIL KUMAR.G,AIADMK,61055,,GEN,North,28.727168358944922
Vaniyambadi,47,MURUGESAN.G,NTK,4849,,GEN,North,2.281517310171549
Vaniyambadi,47,NOTA,NOTA,624,,GEN,North,0.29360008281027977
Vaniyambadi,47,SUBRAMANI.P,Bahujan Samaj Party,609,,GEN,North,0.28654238851195574
Vaniyambadi,47,SUNDARAMMAL,Makkal Arasial Katchi,544,,GEN,North,0.2559590465525516
Vaniyambadi,47,ANBARASU.P,Aanaithinthiya Jananayaka Pathukappu Kazhagam,231,,GEN,North,0.1086884921941901
Vaniyambadi,47,RAJESH.T,IND,213,,GEN,North,0.10021925903620126
Vaniyambadi,47,DEVENDRAN.J,Tamizhaga Vaazhvurimai Katchi,195,,GEN,North,0.09175002587821242
Vaniyambadi,47,MANOJ.S,IND,166,,GEN,North,0.07810515023478597
Vaniyambadi,47,NAVEEN.R,IND,159,,GEN,North,0.07481155956223474
Vaniyambadi,47,SRINIVASAN.A,IND,158,,GEN,North,0.07434104660901314
Vaniyambadi,47,MANJUNATH.K,IND,140,,GEN,North,0.0658718134510243
Vaniyambadi,47,ABDUL WAHID.A,IND,109,,GEN,North,0.051285911901154634
Vaniyambadi,47,SELVARAJ.M,IND,102,,GEN,North,0.047992321228603425
Ambur,48,VILWANATHAN. A.C.,DMK,74102,,GEN,North,37.887557264397905
Ambur,48,IMTHIYAZ PANDARATTUDU ABDU,TVK,66971,,GEN,North,34.2415535013089
Ambur,48,VENKATESAN. R,AIADMK,47100,,GEN,North,24.08172447643979
Ambur,48,AFSHIA NASRIN. S,NTK,4185,,GEN,North,2.139745582460733
Ambur,48,VISWANATHAN. J,IND,490,,GEN,North,0.2505317408376963
Ambur,48,NOTA,NOTA,468,,GEN,North,0.2392833769633508
Ambur,48,ASADULLAH. B,Indian National League,457,,GEN,North,0.23365919502617802
Ambur,48,WAZEER AHMED. J,Bahujan Samaj Party,384,,GEN,North,0.1963350785340314
Ambur,48,SRINATH,IND,231,,GEN,North,0.11810782068062828
Ambur,48,SASI REKA. Y,Makkal Arasial Katchi,194,,GEN,North,0.09919011780104713
Ambur,48,KUMARAVEL. P,IND,193,,GEN,North,0.0986788285340314
Ambur,48,VENKATESAN. M,IND,182,,GEN,North,0.09305464659685864
Ambur,48,KAREEM BASHA. A,All India Majlis-E-Inquilab-E-Millat,168,,GEN,North,0.08589659685863875
Ambur,48,MUSHTAQ AHMED KUTLAPPAI,IND,151,,GEN,North,0.07720467931937172
Ambur,48,FIRDOSE AHMED. M,IND,130,,GEN,North,0.06646760471204188
Ambur,48,HAROON RASHEED BADU,All India Puratchi Thalaivar Makkal Munnettra Kazhagam,93,,GEN,North,0.04754990183246073
Ambur,48,GOVINDHAN. A,All India Youth Development Party,85,,GEN,North,0.04345958769633508
Jolarpet,49,VEERAMANI K.C.,AIADMK,78633,,GEN,North,36.90962345453009
Jolarpet,49,MUNISAMY C,TVK,62550,,GEN,North,29.360407806911315
Jolarpet,49,KAVITHADHANDAPANI,DMK,61977,,GEN,North,29.091446756977497
Jolarpet,49,SASIREKHA K,NTK,5974,,GEN,North,2.8041419062907784
Jolarpet,49,NOTA,NOTA,695,,GEN,North,0.3262267534101257
Jolarpet,49,PRIYA K,IND,454,,GEN,North,0.21310351949380874
Jolarpet,49,KALASTHIRI S,All India Uzhavargal Uzhaippalargal Katchi,370,,GEN,North,0.17367467447733312
Jolarpet,49,SENTHAMILSELVAN M,Naadaalum Makkal Katchi,363,,GEN,North,0.1703889373926268
Jolarpet,49,THANGARAJ P,IND,358,,GEN,North,0.1680419823321223
Jolarpet,49,SIVAKUMAR V C,Bahujan Samaj Party,316,,GEN,North,0.14832755982388451
Jolarpet,49,SASI REKA Y,Makkal Arasial Katchi,270,,GEN,North,0.12673557326724308
Jolarpet,49,CHENNA KESAVAN C,IND,216,,GEN,North,0.10138845861379446
Jolarpet,49,KAVITHA C,IND,155,,GEN,North,0.07275560687563953
Jolarpet,49,KRISHNAMOORTHY D,Makkal Nala Kazhagam,149,,GEN,North,0.06993926080303414
Jolarpet,49,KAMATCHI S,IND,128,,GEN,North,0.06008204954891524
Jolarpet,49,SANKAR T.K,Tamizhaga Vaazhvurimai Katchi,104,,GEN,North,0.04881666525849363
Jolarpet,49,CHENRAYAN A,IND,99,,GEN,North,0.04646971019798913
Jolarpet,49,VEERAMANI H,IND,86,,GEN,North,0.04036762704067742
Jolarpet,49,KAVITHA T,IND,76,,GEN,North,0.03567371691966842
Jolarpet,49,MOHANRAJ R,IND,69,,GEN,North,0.032387979834962125
Tiruppattur,50,DR.THIRUPATHI. N,TVK,105098,,GEN,North,51.791548601700136
Tiruppattur,50,NALLATHAMBI. A,DMK,56835,,GEN,North,28.007884686460514
Tiruppattur,50,GNANASEKAR. A,AMMK,30003,,GEN,North,14.785265492176913
Tiruppattur,50,ARUMUGAM. V,NTK,5482,,GEN,North,2.701490698533941
Tiruppattur,50,RAJESH. S,Tamizhaga Vaazhvurimai Katchi,486,,GEN,North,0.2394973512381422
Tiruppattur,50,NOTA,NOTA,464,,GEN,North,0.22865590735493407
Tiruppattur,50,THIRUPATHI. N,IND,447,,GEN,North,0.22027842799063696
Tiruppattur,50,VENKATESAN. K,IND,408,,GEN,North,0.20105950474313172
Tiruppattur,50,SEKAR. N,All India Youth Development Party,387,,GEN,North,0.1907108537637058
Tiruppattur,50,RAJIV GANDHI. S,Bahujan Samaj Party,361,,GEN,North,0.17789823826536896
Tiruppattur,50,THIRUPATHI. C,IND,355,,GEN,North,0.17494148084267586
Tiruppattur,50,VIJAYAKUMAR. G,Aanaithinthiya Jananayaka Pathukappu Kazhagam,345,,GEN,North,0.170013551804854
Tiruppattur,50,THIRUPATHI. S,IND,339,,GEN,North,0.1670567943821609
Tiruppattur,50,RAGUJOSEPH. J,IND,308,,GEN,North,0.15178021436491315
Tiruppattur,50,KALASTHIRI. S,All India Uzhavargal Uzhaippalargal Katchi,208,,GEN,North,0.10250092398669458
Tiruppattur,50,GNANASEKARAN. R,IND,206,,GEN,North,0.10151533817913021
Tiruppattur,50,NALLATHAMBI. R,IND,192,,GEN,North,0.09461623752617962
Tiruppattur,50,SANKAR. S,IND,182,,GEN,North,0.08968830848835777
Tiruppattur,50,DR.POOVALAGI. P,IND,139,,GEN,North,0.0684982136257238
Tiruppattur,50,SATHIYAMOORTHY. S,Makkal Nala Kazhagam,136,,GEN,North,0.06701983491437724
Tiruppattur,50,BALABHARATHI. S.V,IND,128,,GEN,North,0.06307749168411975
Tiruppattur,50,GNANASEKARAN. M,IND,127,,GEN,North,0.06258469878033757
Tiruppattur,50,MOHAN RAJ. R,IND,119,,GEN,North,0.058642355550080086
Tiruppattur,50,ANJALI. M,IND,115,,GEN,North,0.05667118393495134
Tiruppattur,50,GOVIND. T.G,IND,55,,GEN,North,0.027103609708020206
Uthangarai,51,N ELAIYARAJA,TVK,70201,,SC,North,34.15608426993626
Uthangarai,51,T M  TAMILSELVAM,AIADMK,65003,,SC,North,31.62701308811366
Uthangarai,51,R KUPPUSAMY,INC,60993,,SC,North,29.675959713910377
Uthangarai,51,MEKALA,NTK,6629,,SC,North,3.225319904636793
Uthangarai,51,NOTA,NOTA,881,,SC,North,0.4286478859533888
Uthangarai,51,K THAVARAJ,Tamizhaga Vaazhvurimai Katchi,291,,SC,North,0.14158517004816815
Uthangarai,51,MUNIRAJ,IND,257,,SC,North,0.12504257286040965
Uthangarai,51,KUMARAVEL,IND,247,,SC,North,0.12017710309930425
Uthangarai,51,TAMILMANI,IND,241,,SC,North,0.11725782124264099
Uthangarai,51,VIJIYAL,Aanaithinthiya Jananayaka Pathukappu Kazhagam,206,,SC,North,0.10022867707877195
Uthangarai,51,BAKKIYARAJ R,IND,176,,SC,North,0.08563226779545564
Uthangarai,51,A SAMRAJ,IND,155,,SC,North,0.07541478129713425
Uthangarai,51,PALANI R,Thakkam Katchi,135,,SC,North,0.06568384177492337
Uthangarai,51,RAMESHWARI,Bharat Jan Chikitsa Party,115,,SC,North,0.0559529022527125
Bargur,52,E.C. GOVINDARASAN,AIADMK,71240,,GEN,North,33.2959431669471
Bargur,52,E. MURALIDHARAN,TVK,66999,,GEN,North,31.313796971396524
Bargur,52,D. MATHIAZHAGAN,DMK,65228,,GEN,North,30.486072163021127
Bargur,52,KAVINKUMAR. S,NTK,5462,,GEN,North,2.5528136100205647
Bargur,52,D. SIVASANKARAN,Bahujan Samaj Party,708,,GEN,North,0.3309029725182277
Bargur,52,A. SUDHAKAR,Republican Party of India (Athawale),698,,GEN,North,0.3262292017199477
Bargur,52,NOTA,NOTA,631,,GEN,North,0.2949149373714713
Bargur,52,S. ALBERT FRANCIS XAVIER,Tamizhaga Vaazhvurimai Katchi,607,,GEN,North,0.2836978874555992
Bargur,52,MANI. K,All India Youth Development Party,524,,GEN,North,0.24490558982987473
Bargur,52,MATHESH. R,IND,477,,GEN,North,0.22293886707795849
Bargur,52,E.C. GOVINDARAJE,IND,345,,GEN,North,0.1612450925406618
Bargur,52,M. NEDUNCHEZLIAN,Periyar Ambedkar Munnetra Kazhagam (PAMK),274,,GEN,North,0.12806131987287342
Bargur,52,S. SASIKUMAR,IND,255,,GEN,North,0.11918115535614134
Bargur,52,D. GOVINDARAJAN,IND,210,,GEN,North,0.0981491867638811
Bargur,52,K. ANNADURAI,IND,159,,GEN,North,0.07431295569265284
Bargur,52,ANITHA MAYAPERUMAL,IND,143,,GEN,North,0.06683492241540474
Krishnagiri,53,MUKUNDHAN.P,TVK,89374,,GEN,North,38.82770515377029
Krishnagiri,53,ASHOKKUMAR.K,AIADMK,70530,,GEN,North,30.641104174540907
Krishnagiri,53,CHELLAKUMAR.A,INC,59597,,GEN,North,25.89136375287274
Krishnagiri,53,SUGANTHI,NTK,6398,,GEN,North,2.7795517440622817
Krishnagiri,53,NOTA,NOTA,1136,,GEN,North,0.4935246610276261
Krishnagiri,53,SIVAKUMAR.S,Bahujan Samaj Party,608,,GEN,North,0.26413995942323654
Krishnagiri,53,SINGARAVELAN VISWANATHAN,Vishwa Tamil Kazhagam,535,,GEN,North,0.2324257866635387
Krishnagiri,53,MUTHULAKSHMI VEERAPPAN,Tamizhaga Vaazhvurimai Katchi,366,,GEN,North,0.1590053045212246
Krishnagiri,53,MANGAMMAL,Tamilar Makkal Katchi,336,,GEN,North,0.145972082839157
Krishnagiri,53,SIVAN.C,IND,285,,GEN,North,0.12381560597964211
Krishnagiri,53,SRINIVASAN.K,IND,231,,GEN,North,0.10035580695192045
Krishnagiri,53,VENKATESHRAJA.E,IND,168,,GEN,North,0.0729860414195785
Krishnagiri,53,ADVOCATE.MUTHAIAH.S.,Thakkam Katchi,159,,GEN,North,0.06907607491495824
Krishnagiri,53,KUMARESAN.M,IND,154,,GEN,North,0.0669038713012803
Krishnagiri,53,CHANDRAMOHAN.K.M.,IND,154,,GEN,North,0.0669038713012803
Krishnagiri,53,NANJUNDAN.M,IND,150,,GEN,North,0.06516610841033796
Veppanahalli,54,SRINIVASAN.P.S,DMK,74691,,GEN,North,33.552702508445336
Veppanahalli,54,MUNUSAMY.K.P,AIADMK,74553,,GEN,North,33.490710127219145
Veppanahalli,54,SAMPANGI.S.R,TVK,63907,,GEN,North,28.70831236972616
Veppanahalli,54,NAGARAJ.R,NTK,4519,,GEN,North,2.0300258750808595
Veppanahalli,54,NOTA,NOTA,1570,,GEN,North,0.7052756414863797
Veppanahalli,54,IYAPPAN.L,Tamizhaga Vaazhvurimai Katchi,871,,GEN,North,0.3912707539711062
Veppanahalli,54,VENKATESAN.C,IND,692,,GEN,North,0.3108603464385826
Veppanahalli,54,RAMASAMY.G.C,IND,487,,GEN,North,0.21877021490692158
Veppanahalli,54,MANOHARAN.K.A,IND,345,,GEN,North,0.15498095306547832
Veppanahalli,54,YUVARAJ.K.P.U,IND,265,,GEN,North,0.11904334076043986
Veppanahalli,54,SENTHILKUMAR.R,Tamil Nadu Ilangyar Katchi,215,,GEN,North,0.09658233306979083
Veppanahalli,54,GOVINDARAJ.G.J,IND,185,,GEN,North,0.08310572845540141
Veppanahalli,54,PRAJAPATHI VIJAY.C,Tamilar Makkal Katchi,156,,GEN,North,0.07007834399482499
Veppanahalli,54,ESHWARAN.C,IND,152,,GEN,North,0.06828146337957307
Hosur,55,BALAKRISHNAREDDY. P,AIADMK,109867,,GEN,North,39.55322749036973
Hosur,55,VENDARKARASAN.S,TVK,82064,,GEN,North,29.543867228282394
Hosur,55,SATHYA.S.A.,DMK,73773,,GEN,North,26.559023652662272
Hosur,55,STALIN.R,NTK,7632,,GEN,North,2.747596932714116
Hosur,55,NOTA,NOTA,1614,,GEN,North,0.5810562695755481
Hosur,55,SURYA. Y,Republican Party of India (Athawale),1175,,GEN,North,0.4230118443316413
Hosur,55,MASOOD.S,IND,292,,GEN,North,0.10512294344241638
Hosur,55,RAJENDRAN.P,IND,271,,GEN,North,0.09756273175648918
Hosur,55,PONNUMANI.R,Tamilar Makkal Katchi,240,,GEN,North,0.0864024192677395
Hosur,55,MARIYA FRANCIS.S,IND,238,,GEN,North,0.085682399107175
Hosur,55,GANESH.M,IND,190,,GEN,North,0.0684019152536271
Hosur,55,PATTABIRAMA. C,IND,176,,GEN,North,0.06336177412967564
Hosur,55,DEVAPPA.Y,IND,135,,GEN,North,0.048601360838103465
Hosur,55,DR.SHANMUGAM.A.R.,IND,103,,GEN,North,0.03708103826907153
Thalli,56,RAMACHANDRAN. T,CPI,78283,,GEN,North,38.02397536405056
Thalli,56,DR.NAGESH KUMAR. C,BJP,73043,,GEN,North,35.478778694178104
Thalli,56,SURESH. G,TVK,45245,,GEN,North,21.976607505415828
Thalli,56,NARASIMMA REDDY ALIAS NARASIMMAN. R,NTK,4107,,GEN,North,1.9948707486958297
Thalli,56,NOTA,NOTA,1550,,GEN,North,0.7528730607447129
Thalli,56,AJITH. G,Tamizhaga Vaazhvurimai Katchi,1017,,GEN,North,0.49398187275959554
Thalli,56,ASANRAJA. K,IND,701,,GEN,North,0.3404929132787379
Thalli,56,JAGAN. M,IND,622,,GEN,North,0.3021206734085235
Thalli,56,DEVAPPA. Y,IND,506,,GEN,North,0.2457766249914998
Thalli,56,JAYARAM. N,Anna Makkal Katchi,424,,GEN,North,0.20594721145532793
Thalli,56,KUMAR. D.J,IND,380,,GEN,North,0.18457533102128446
Palacodu,57,ANBALAGAN. K.P.,AIADMK,102807,,GEN,North,45.63986912726353
Palacodu,57,GOPI. R.,TVK,63765,,GEN,North,28.307666354430715
Palacodu,57,DR. DNV SENTHILKUMAR. S.,DMK,50043,,GEN,North,22.21595777267743
Palacodu,57,BOOPATHI. R.,NTK,5598,,GEN,North,2.485161393430615
Palacodu,57,NOTA,NOTA,1292,,GEN,North,0.5735670811561905
Palacodu,57,RAMAN. M.,IND,358,,GEN,North,0.15892957821510542
Palacodu,57,MADHAPPAN. P.,IND,283,,GEN,North,0.12563427551641015
Palacodu,57,PERUMAL MUNUSAMY. M.,IND,223,,GEN,North,0.09899803335745391
Palacodu,57,RAMESH. P.,Naadaalum Makkal Katchi,179,,GEN,North,0.07946478910755271
Palacodu,57,PALANIYAMMAL. M.,Tamilar Makkal Katchi,155,,GEN,North,0.06881029224397023
Palacodu,57,SENTHILKUMAR. G.,IND,145,,GEN,North,0.06437091855081085
Palacodu,57,JAYARAMAN PERUMAL. P.,Tamizhaga Vaazhvurimai Katchi,118,,GEN,North,0.05238460957928055
Palacodu,57,SENTHILKUMAR. K,IND,116,,GEN,North,0.05149673484064868
Palacodu,57,CHINNASAMY. N.,IND,114,,GEN,North,0.05060886010201681
Palacodu,57,KRISHNAN. L.,IND,61,,GEN,North,0.02708017952827215
Pennagaram,58,GAJENDRAN. S.,TVK,81240,,GEN,North,35.527800372595834
Pennagaram,58,SELVAM. V.,PMK,78075,,GEN,North,34.14368555010365
Pennagaram,58,G. K. M. TAMILKUMARAN,INC,53901,,GEN,North,23.571934612054264
Pennagaram,58,PALANIYAMMAL. T.,NTK,7358,,GEN,North,3.217793637882326
Pennagaram,58,NOTA,NOTA,674,,GEN,North,0.2947530459272476
Pennagaram,58,THAVAMANI. C.,Tamizhaga Vaazhvurimai Katchi,628,,GEN,North,0.2746363692022426
Pennagaram,58,AJITH KUMAR. S.,Bahujan Samaj Party,557,,GEN,North,0.24358671599625653
Pennagaram,58,KANNAN. K.,Tamilar Makkal Katchi,546,,GEN,North,0.2387762063446249
Pennagaram,58,POOMANI. P.,IND,533,,GEN,North,0.2330910585745148
Pennagaram,58,ARUNKUMAR. G.,IND,501,,GEN,North,0.21909684867885915
Pennagaram,58,ANNAMALAI. M.,IND,480,,GEN,North,0.20991314843483508
Pennagaram,58,SAKTHIVEL. M.,IND,480,,GEN,North,0.20991314843483508
Pennagaram,58,GNANASELVAM. S.,IND,463,,GEN,North,0.20247872442776801
Pennagaram,58,THIRUMURUGAN. P.,Naadaalum Makkal Katchi,429,,GEN,North,0.18760987641363386
Pennagaram,58,TAMILARASAN. M.,IND,400,,GEN,North,0.1749276236956959
Pennagaram,58,ELAVARSAN. A.,IND,367,,GEN,North,0.160496094740801
Pennagaram,58,MANOHARAN. K. A.,IND,364,,GEN,North,0.15918413756308328
Pennagaram,58,VILKRISHNAN. R.,IND,356,,GEN,North,0.15568558508916935
Pennagaram,58,VEERAPPAN. M.,IND,347,,GEN,North,0.1517497135560162
Pennagaram,58,SENDRAYAN. G.,IND,293,,GEN,North,0.12813448435709723
Pennagaram,58,TAMILSELVI. S.,IND,263,,GEN,North,0.11501491257992005
Pennagaram,58,MANIVANNAN. S.,IND,209,,GEN,North,0.09139968338100112
Pennagaram,58,SELVAM. V.,IND,202,,GEN,North,0.08833844996632643
Dharmapuri,59,SOWMIYA ANBUMANI,PMK,93713,,GEN,North,39.27965160387125
Dharmapuri,59,SIVAN. M.,TVK,72817,,GEN,North,30.521127173808253
Dharmapuri,59,DR. ELANGOVAN. V.,DMDK,56905,,GEN,North,23.85163824142108
Dharmapuri,59,SHANTHALAKSHMI. K.,NTK,6758,,GEN,North,2.832604713742618
Dharmapuri,59,SARAVANAN. A.,Aanaithinthiya Jananayaka Pathukappu Kazhagam,1078,,GEN,North,0.4518419475310065
Dharmapuri,59,SARAVANAN. G.,IND,983,,GEN,North,0.41202285196936866
Dharmapuri,59,NOTA,NOTA,941,,GEN,North,0.39441862024738134
Dharmapuri,59,PRASANTH. DBJ.,Tamizhaga Vaazhvurimai Katchi,821,,GEN,North,0.34412081532741773
Dharmapuri,59,THIRUPATHI. M.,IND,763,,GEN,North,0.319810209616102
Dharmapuri,59,MANIKANDAN. S.,Vishwa Tamil Kazhagam,710,,GEN,North,0.2975953457764514
Dharmapuri,59,NAGARAJAN. D.,IND,619,,GEN,North,0.25945284371214566
Dharmapuri,59,MADHU. P.,Naadaalum Makkal Katchi,505,,GEN,North,0.21166992903818024
Dharmapuri,59,SIVAGAMI. G.,Tamilar Makkal Katchi,382,,GEN,North,0.16011467899521753
Dharmapuri,59,SIVAN. A.,IND,372,,GEN,North,0.1559231952518872
Dharmapuri,59,KUMAR. V.,IND,353,,GEN,North,0.14795937613955965
Dharmapuri,59,ARUMUGAM. MUNI.,IND,215,,GEN,North,0.09011690048160148
Dharmapuri,59,SUNDARAMOORTHY. M.,IND,192,,GEN,North,0.08047648787194178
Dharmapuri,59,PALANI. K.,IND,178,,GEN,North,0.07460841063127936
Dharmapuri,59,SIVAM. R.,IND,166,,GEN,North,0.069578630139283
Dharmapuri,59,PRABHAKARAN. M.,IND,108,,GEN,North,0.045268024427967256
Pappireddipatti,60,MARAGATHAM VETRIVEL,AIADMK,101829,,GEN,North,43.03464189568973
Pappireddipatti,60,PALANIAPPAN. P,DMK,68715,,GEN,North,29.040110556544008
Pappireddipatti,60,THILAGAVATHI. S,TVK,57619,,GEN,North,24.350755004838962
Pappireddipatti,60,ARCHANA TAMILARUVI,NTK,5216,,GEN,North,2.2043690120488035
Pappireddipatti,60,GANESAN. S,Vishwa Tamil Kazhagam,770,,GEN,North,0.3254149040026033
Pappireddipatti,60,NOTA,NOTA,677,,GEN,North,0.28611154546722395
Pappireddipatti,60,MURUGAN. S,IND,327,,GEN,North,0.13819568001149515
Pappireddipatti,60,PALANIAPPAN. R,IND,315,,GEN,North,0.1331242789101559
Pappireddipatti,60,MOORTHI. P,IND,302,,GEN,North,0.1276302610503717
Pappireddipatti,60,CHENNAKRISHNAN. V,All India Puratchi Thalaivar Makkal Munnettra Kazhagam,243,,GEN,North,0.10269587230212027
Pappireddipatti,60,JAMUNARANI. M,Naadaalum Makkal Katchi,187,,GEN,North,0.07902933382920366
Pappireddipatti,60,TAMILRAJ. K,IND,146,,GEN,North,0.06170204673296115
Pappireddipatti,60,POOVARASU,Tamilar Makkal Katchi,121,,GEN,North,0.05113662777183767
Pappireddipatti,60,CHINNASAMY. P,IND,78,,GEN,North,0.03296410715870527
Pappireddipatti,60,SATHISH. S,IND,76,,GEN,North,0.03211887364181539
Harur,61,SAMPATHKUMAR. V,AIADMK,75523,,SC,North,34.322083965788345
Harur,61,SHANMUGAM. A,DMK,72194,,SC,North,32.80919097263249
Harur,61,RAKESH. K,TVK,62756,,SC,North,28.520009816307795
Harur,61,ANITHA. A,NTK,5245,,SC,North,2.383635851337472
Harur,61,NOTA,NOTA,782,,SC,North,0.3553866989029367
Harur,61,NEHRU. G,Bahujan Samaj Party,696,,SC,North,0.3163032511974987
Harur,61,MARIKANNU. C,Republican Party of India (Athawale),652,,SC,North,0.29630706865053036
Harur,61,KARUTHAMMAL. S,Naadaalum Makkal Katchi,487,,SC,North,0.22132138409939922
Harur,61,PARTHIPAN. P,IND,445,,SC,North,0.20223411894092946
Harur,61,THANGAVEL. K,IND,441,,SC,North,0.2004162841639323
Harur,61,SAMPATH. C,IND,217,,SC,North,0.09861753665209368
Harur,61,MANILA. S,Tamizhaga Vaazhvurimai Katchi,213,,SC,North,0.09679970187509657
Harur,61,VENKATESH (A) DR. V.K. SWAMY,Bharat Jan Chikitsa Party,161,,SC,North,0.07316784977413403
Harur,61,KUPPURAJ. K,Tamilar Makkal Katchi,120,,SC,North,0.054535043309913565
Harur,61,SAMPATH. K,IND,110,,SC,North,0.04999045636742077
Chengam,62,S.VELU,AIADMK,87802,,SC,North,36.14783220871398
Chengam,62,K BHARATHIDHASAN,TVK,74524,,SC,North,30.68131759552403
Chengam,62,M.P.GIRI,DMK,70346,,SC,North,28.961246948294956
Chengam,62,J.SHOBA,NTK,6335,,SC,North,2.608101376303536
Chengam,62,NOTA,NOTA,1114,,SC,North,0.4586306129758705
Chengam,62,C SELVAN,Republican Party of India (Athawale),895,,SC,North,0.36846893950933934
Chengam,62,A.BHARATHI,IND,400,,SC,North,0.16467885564663212
Chengam,62,K.VELU,IND,394,,SC,North,0.16220867281193263
Chengam,62,A POONGODI,IND,197,,SC,North,0.08110433640596632
Chengam,62,A.CHIDAMBARAM,IND,173,,SC,North,0.07122360506716839
Chengam,62,M.RAMAN MASILAMANI,IND,156,,SC,North,0.06422475370218653
Chengam,62,K MANIKANDAN,Makkal Sananayaga Kudiyarasu Katchi,149,,SC,North,0.06134287372837047
Chengam,62,M.MUGILARASAN,IND,137,,SC,North,0.056402508058971505
Chengam,62,P.SELVAM,IND,120,,SC,North,0.04940365669398963
Chengam,62,C.MALATHI,Tamizhaga Vaazhvurimai Katchi,84,,SC,North,0.03458255968579274
Chengam,62,D DHILIPKUMAR,IND,71,,SC,North,0.029230496877277197
Tiruvannamalai,63,VELU. E.V,DMK,88273,,GEN,North,40.112057291903334
Tiruvannamalai,63,ARUL ARUMUGAM,TVK,85818,,GEN,North,38.99648287331982
Tiruvannamalai,63,ELUMALAI. C,BJP,34280,,GEN,North,15.57714503830669
Tiruvannamalai,63,VIGNESH. S,NTK,6011,,GEN,North,2.7314532912853418
Tiruvannamalai,63,NOTA,NOTA,785,,GEN,North,0.35671116846764156
Tiruvannamalai,63,BENNY RAJAN. C.J,Republican Party of India (Athawale),627,,GEN,North,0.28491452564230735
Tiruvannamalai,63,SALAM .M,IND,474,,GEN,North,0.21538992847600266
Tiruvannamalai,63,ELUMALAI. A S/O ARUMUGAM,IND,356,,GEN,North,0.16176965092290493
Tiruvannamalai,63,ARUL. K,IND,325,,GEN,North,0.14768296783692164
Tiruvannamalai,63,KOTHANDAPANI. B,IND,284,,GEN,North,0.12905219343287921
Tiruvannamalai,63,RAJ. S,Bahujan Samaj Party,281,,GEN,North,0.1276889660374615
Tiruvannamalai,63,VIJAYAKUMAR. S,Naadaalum Makkal Katchi,277,,GEN,North,0.12587132951023783
Tiruvannamalai,63,KANNAN. P,Veerath Thiyagi Viswanathadoss Thozhilalarkal Katchi,256,,GEN,North,0.11632873774231366
Tiruvannamalai,63,PALANI. N,IND,219,,GEN,North,0.09951559986549491
Tiruvannamalai,63,ANANTH. A. M,IND,212,,GEN,North,0.09633473594285351
Tiruvannamalai,63,ADHITHYA PALANISAMY. A,IND,188,,GEN,North,0.0854289167795116
Tiruvannamalai,63,ARUL ANAND. V,IND,169,,GEN,North,0.07679514327519926
Tiruvannamalai,63,NAKKIRAN. A,Thamizhaka Padaippalar Makkal Katchi,135,,GEN,North,0.06134523279379822
Tiruvannamalai,63,ELUMALAI. C  S/O CHINNAKUZHANTHAI,IND,130,,GEN,North,0.05907318713476867
Tiruvannamalai,63,RAMESH. V,IND,129,,GEN,North,0.058618778002962744
Tiruvannamalai,63,MALLI. S,Tamizhaga Vaazhvurimai Katchi,122,,GEN,North,0.055437914080321365
Tiruvannamalai,63,VIGNESH. M,IND,93,,GEN,North,0.042260049257949885
Tiruvannamalai,63,RAJA. V,IND,91,,GEN,North,0.041351230994338066
Tiruvannamalai,63,ELUMALAI. C S/O CHINNARASU,IND,87,,GEN,North,0.039533594467114415
Tiruvannamalai,63,VELU. V,Anti Corruption Dynamic Party,81,,GEN,North,0.03680713967627893
Tiruvannamalai,63,MAHESWARI. R,IND,77,,GEN,North,0.03498950314905528
Tiruvannamalai,63,VENKATESAN. M,IND,66,,GEN,North,0.029991002699190243
Tiruvannamalai,63,MARIKKANNU. E,IND,61,,GEN,North,0.027718957040160683
Tiruvannamalai,63,ANBALAGAN. M,IND,59,,GEN,North,0.026810138776548854
Tiruvannamalai,63,VELU. K,IND,58,,GEN,North,0.02635572964474294
Tiruvannamalai,63,MOORTHY. P,IND,42,,GEN,North,0.019085183535848337
Kilpennathur,64,RAMACHANDRAN.S,AIADMK,90503,,GEN,North,41.17703262204832
Kilpennathur,64,PITCHANDI.K,DMK,60038,,GEN,North,27.316074434687653
Kilpennathur,64,RAJA.D,TVK,59130,,GEN,North,26.902952818599573
Kilpennathur,64,LOGANATHAN.V,NTK,6184,,GEN,North,2.813594795031621
Kilpennathur,64,PICHANDI.R,IND,604,,GEN,North,0.2748077710541881
Kilpennathur,64,PICHANDI.D,IND,533,,GEN,North,0.24250420856271895
Kilpennathur,64,NOTA,NOTA,440,,GEN,North,0.20019109149642839
Kilpennathur,64,PICHANDI.V,IND,302,,GEN,North,0.13740388552709404
Kilpennathur,64,RAJASEKAR.P,Tamizhaga Vaazhvurimai Katchi,295,,GEN,North,0.13421902725328722
Kilpennathur,64,DHILIPKUMAR.D,IND,260,,GEN,North,0.11829473588425315
Kilpennathur,64,JANAKIRAMAN.R,Aanaithinthiya Jananayaka Pathukappu Kazhagam,228,,GEN,North,0.10373538377542199
Kilpennathur,64,RAJKUMAR.R,IND,179,,GEN,North,0.08144137585877428
Kilpennathur,64,SHANMUGAM.A,Thamizhaka Padaippalar Makkal Katchi,165,,GEN,North,0.07507165931116065
Kilpennathur,64,SAMPATHRAJ.M,IND,155,,GEN,North,0.07052186177715092
Kilpennathur,64,SURYAPRAKASH.S,IND,146,,GEN,North,0.06642704399654215
Kilpennathur,64,RAJASEKAR.I,IND,143,,GEN,North,0.06506210473633922
Kilpennathur,64,LOKESHWARAN.R,Anti Corruption Dynamic Party,130,,GEN,North,0.05914736794212658
Kilpennathur,64,SANTHOSHKUMAR.E,IND,76,,GEN,North,0.034578461258474
Kilpennathur,64,RAMACHANDRAN.K,IND,65,,GEN,North,0.02957368397106329
Kilpennathur,64,SASIKUMAR.S,IND,62,,GEN,North,0.028208744710860365
Kilpennathur,64,MURUGAN.M,IND,47,,GEN,North,0.02138404840984576
Kilpennathur,64,ATHIYAMAAN.M,IND,45,,GEN,North,0.020474088903043815
Kilpennathur,64,RAMACHANDRAN.K,IND,33,,GEN,North,0.01501433186223213
Kilpennathur,64,RAMACHANDIRAN.R,IND,27,,GEN,North,0.01228445334182629
Kalasapakkam,65,AGRI KRISHNAMURTHY. S S,AIADMK,89629,,GEN,North,41.85786939526543
Kalasapakkam,65,SARAVANAN. P.S.T,DMK,62889,,GEN,North,29.36995334544453
Kalasapakkam,65,ELUMALAI. P,TVK,51666,,GEN,North,24.128671302544753
Kalasapakkam,65,SEETHA SIVANANDAM. P,NTK,5312,,GEN,North,2.480770757541085
Kalasapakkam,65,SANTHAKUMARAN. A,IND,697,,GEN,North,0.32550775941380583
Kalasapakkam,65,DEIVEEGAN. P,IND,654,,GEN,North,0.3054262190195538
Kalasapakkam,65,KRISHNAMURTHY. R,IND,576,,GEN,North,0.2689992387695153
Kalasapakkam,65,BALAJI. P,IND,433,,GEN,North,0.20221644164444466
Kalasapakkam,65,NOTA,NOTA,423,,GEN,North,0.1975463159713628
Kalasapakkam,65,SARAVANAN. K,IND,405,,GEN,North,0.18914008975981544
Kalasapakkam,65,SATHYA. V,Naadaalum Makkal Katchi,245,,GEN,North,0.11441807899050564
Kalasapakkam,65,KAMARAJ. G,IND,198,,GEN,North,0.09246848832702087
Kalasapakkam,65,KOTHANDAPANI. B,IND,175,,GEN,North,0.0817271992789326
Kalasapakkam,65,RAJA. N,IND,156,,GEN,North,0.07285396050007706
Kalasapakkam,65,MANIKANDAN. K,IND,147,,GEN,North,0.06865084739430338
Kalasapakkam,65,KRISHNAMURTHY. M,IND,105,,GEN,North,0.04903631956735956
Kalasapakkam,65,SARAVANAN. V,Tamizhaga Vaazhvurimai Katchi,102,,GEN,North,0.047635281865434996
Kalasapakkam,65,SUMAN. M,Aanaithinthiya Jananayaka Pathukappu Kazhagam,91,,GEN,North,0.04249814362504495
Kalasapakkam,65,BASKARAN. R,IND,75,,GEN,North,0.03502594254811397
Kalasapakkam,65,KRISHNAMURTHY. S,IND,66,,GEN,North,0.030822829442340292
Kalasapakkam,65,ELUMALAI. S,IND,46,,GEN,North,0.02148257809617657
Kalasapakkam,65,ELUMALAI. T,IND,37,,GEN,North,0.01727946499040289
Polur,66,ABISHEK. R,TVK,67961,,GEN,North,32.095984282833435
Polur,66,SARAVANAN. P,DMDK,67734,,GEN,North,31.988778849832105
Polur,66,BASKARAN. C. R,PMK,61444,,GEN,North,29.01819658737243
Polur,66,UMADEVI. A,NTK,6425,,GEN,North,3.034338797504522
Polur,66,PURUSOTHAMAN. M,IND,1674,,GEN,North,0.790581034556042
Polur,66,DHAVAMANI. P,Anti Corruption Dynamic Party,1328,,GEN,North,0.6271753965892615
Polur,66,SHANMUGAVELU. A,Veerath Thiyagi Viswanathadoss Thozhilalarkal Katchi,970,,GEN,North,0.45810251106293953
Polur,66,BASKARAN. C,IND,908,,GEN,North,0.4288217320053083
Polur,66,BANUPRIYA. D,Republican Party of India (Athawale),869,,GEN,North,0.4104031774367984
Polur,66,NOTA,NOTA,798,,GEN,North,0.37687196270951107
Polur,66,SUBHA. A,IND,425,,GEN,North,0.20071501773376216
Polur,66,SARAVANAN. P,IND,349,,GEN,North,0.16482244985666586
Polur,66,MANIKANDAN. R,Aanaithinthiya Jananayaka Pathukappu Kazhagam,319,,GEN,North,0.15065433095781205
Polur,66,SYED MUKRAM. R. N,Tamizhaga Vaazhvurimai Katchi,251,,GEN,North,0.11853992812041012
Polur,66,EZHIL ARASU. M M.A. L.L.M.,IND,150,,GEN,North,0.070840594494269
Polur,66,SARAVANAN. M,IND,138,,GEN,North,0.06517334693472747
Arani,67,JAYASUDHA. L,AIADMK,76735,,GEN,North,33.33956083106681
Arani,67,MAHALAKSHMI GOVARTHANAN,DMK,71104,,GEN,North,30.8930231749811
Arani,67,VENKATESH KUMAR. D,TVK,70857,,GEN,North,30.785707458225076
Arani,67,DHAVAMANI. R,NTK,6888,,GEN,North,2.9926747247590826
Arani,67,NOTA,NOTA,707,,GEN,North,0.3071749463421416
Arani,67,BASKARAN. S,IND,424,,GEN,North,0.18421807248807362
Arani,67,DHAMOTHARAN. M,IND,387,,GEN,North,0.16814243880397287
Arani,67,MAHALAKSHMI. G,IND,359,,GEN,North,0.1559770943943831
Arani,67,GANAPATHY. S,Thamizhaka Padaippalar Makkal Katchi,358,,GEN,North,0.15554261780832632
Arani,67,KALAIMANI. V,Aanaithinthiya Jananayaka Pathukappu Kazhagam,292,,GEN,North,0.12686716312857899
Arani,67,SUDHA. S,IND,257,,GEN,North,0.1116604826165918
Arani,67,SARAVANAN. S,IND,229,,GEN,North,0.09949513820700201
Arani,67,SILAMBARASAN. C,IND,202,,GEN,North,0.08776427038346904
Arani,67,SAKTHIVEL. S,IND,184,,GEN,North,0.07994369183444704
Arani,67,SETHURAMA SASTHRI. G,IND,178,,GEN,North,0.07733683231810638
Arani,67,TAMILMANNAN. D,Samaniya Makkal Nala Katchi,164,,GEN,North,0.0712541601133115
Arani,67,EKAMBARAM. V,IND,154,,GEN,North,0.06690939425274373
Arani,67,SURESH. S,Tamizhaga Vaazhvurimai Katchi,143,,GEN,North,0.06213015180611917
Arani,67,MAHALAKSHMI. G,IND,117,,GEN,North,0.05083376056864296
Arani,67,AMMU. V,IND,104,,GEN,North,0.04518556494990485
Arani,67,JAYANTHI. M,IND,90,,GEN,North,0.03910289274510997
Arani,67,SELVAKOTTI. E,Veerath Thiyagi Viswanathadoss Thozhilalarkal Katchi,68,,GEN,North,0.02954440785186086
Arani,67,JAYANTHI. E,IND,60,,GEN,North,0.026068595163406646
Arani,67,VENKATESAN. P,IND,53,,GEN,North,0.023027259061009202
Arani,67,VINOTH. A,IND,48,,GEN,North,0.020854876130725314
Cheyyar,68,MUKKUR N. SUBRAMANIAN,AIADMK,86680,,GEN,North,38.945050995192524
Cheyyar,68,DUSI K MOHAN,TVK,65599,,GEN,North,29.47342409129712
Cheyyar,68,JOTHI. O,DMK,59894,,GEN,North,26.910185559599224
Cheyyar,68,TAMILSELVAN. M,NTK,7043,,GEN,North,3.1643977175719997
Cheyyar,68,NOTA,NOTA,950,,GEN,North,0.42683200790762454
Cheyyar,68,KUTTIMANI. S,Veerath Thiyagi Viswanathadoss Thozhilalarkal Katchi,401,,GEN,North,0.18016803702206047
Cheyyar,68,MOHAN. R,IND,394,,GEN,North,0.17702295906905693
Cheyyar,68,DURUGAN. M,Vanchit Bahujan Aaghadi,334,,GEN,North,0.1500651480433122
Cheyyar,68,ARJUNAN. M,IND,320,,GEN,North,0.1437749921373051
Cheyyar,68,SRINIVASAN. K,Aanaithinthiya Jananayaka Pathukappu Kazhagam,259,,GEN,North,0.11636788426113132
Cheyyar,68,VENKATESAN. V,Anaithindia Samudaya Munnetra Kazhagam,224,,GEN,North,0.10064249449611357
Cheyyar,68,PALANI. M,Tamizhaga Vaazhvurimai Katchi,182,,GEN,North,0.08177202677809228
Cheyyar,68,CHANDRASEKARAN. M,All India Jananayaka Makkal Kazhagam,145,,GEN,North,0.06514804331221638
Cheyyar,68,RAGUPATHI. S,Anti Corruption Dynamic Party,145,,GEN,North,0.06514804331221638
Vandavasi,69,AMBETHKUMAR. S,DMK,63805,,SC,North,33.37011777996276
Vandavasi,69,RANI. P,AIADMK,60472,,SC,North,31.626953411016505
Vandavasi,69,UDHAYAKUMAR. M,TVK,58174,,SC,North,30.425095709294787
Vandavasi,69,GANESH. R,NTK,5495,,SC,North,2.873893851593063
Vandavasi,69,NOTA,NOTA,988,,SC,North,0.5167255915148219
Vandavasi,69,RANI. A,IND,674,,SC,North,0.35250308570950395
Vandavasi,69,JAISANKAR. M,IND,331,,SC,North,0.17311353318968223
Vandavasi,69,PONNAMBALAM. P,IND,262,,SC,North,0.13702642204137988
Vandavasi,69,THAMARAI SELVI. S,Tamizhaga Vaazhvurimai Katchi,252,,SC,North,0.13179640593293027
Vandavasi,69,UDHAYAKUMAR. N,IND,187,,SC,North,0.09780130122800779
Vandavasi,69,MUTHUPERUMAL. K,Aanaithinthiya Jananayaka Pathukappu Kazhagam,124,,SC,North,0.06485219974477521
Vandavasi,69,KANNIYAPPAN. S,IND,121,,SC,North,0.06328319491224033
Vandavasi,69,MUTHUSELVAM. V,Anti Corruption Dynamic Party,113,,SC,North,0.05909918202548064
Vandavasi,69,AMBEDKAR. T,IND,104,,SC,North,0.054392167527875984
Vandavasi,69,RAKESH SHARMA. R,Thakkam Katchi,61,,SC,North,0.031903098261542646
Vandavasi,69,ARJUNAN. M,IND,41,,SC,North,0.021443066044643418
Gingee,70,GANESHKUMAR A,PMK,78201,,GEN,Central,36.09521259900671
Gingee,70,GINGEE MASTHAN K S,DMK,65556,,GEN,Central,30.258663663386443
Gingee,70,CHANDRASEKARAN B,TVK,61609,,GEN,Central,28.436848032789914
Gingee,70,ADVOCATE KRISHNAN E,NTK,6371,,GEN,Central,2.940660598563595
Gingee,70,NOTA,NOTA,508,,GEN,Central,0.23447741077857578
Gingee,70,RAMESH R,IND,483,,GEN,Central,0.22293816812214978
Gingee,70,MUNUSAMY A,IND,435,,GEN,Central,0.20078282222181196
Gingee,70,SAKTHIVEL A,Thakkam Katchi,432,,GEN,Central,0.1993981131030408
Gingee,70,PRABAKARAN M,IND,431,,GEN,Central,0.19893654339678377
Gingee,70,RASANAYAGAM N,Tamizhaga Vaazhvurimai Katchi,420,,GEN,Central,0.19385927662795635
Gingee,70,POYYATHAPPAN K,IND,411,,GEN,Central,0.189705149271643
Gingee,70,RANGARAJAN E,Bahujan Samaj Party,381,,GEN,Central,0.17585805808393182
Gingee,70,DEVENDIRAN M,IND,319,,GEN,Central,0.14724073629599543
Gingee,70,PERUMAL N,Aanaithinthiya Jananayaka Pathukappu Kazhagam,285,,GEN,Central,0.13154736628325608
Gingee,70,THANIGAIMALAI R,Anti Corruption Dynamic Party,174,,GEN,Central,0.08031312888872477
Gingee,70,SRIDHAR G,IND,160,,GEN,Central,0.07385115300112623
Gingee,70,MOHAN A,IND,153,,GEN,Central,0.07062016505732696
Gingee,70,MOHAMMAD SIDDIQ M H,Veerath Thiyagi Viswanathadoss Thozhilalarkal Katchi,128,,GEN,Central,0.05908092240090099
Gingee,70,GOKULRAJ S,IND,113,,GEN,Central,0.0521573768070454
Gingee,70,BANUKUMAR R,IND,82,,GEN,Central,0.037848715913077195
Mailam,71,SHANMUGAM C VE,AIADMK,82353,,GEN,Central,43.52212492270942
Mailam,71,VIJAY NIRANJAN A,TVK,52312,,GEN,Central,27.645980097346488
Mailam,71,VENKATESAN L,DMDK,46267,,GEN,Central,24.451302973771412
Mailam,71,VIDJAIVIKRAM S,NTK,4383,,GEN,Central,2.316339095554933
Mailam,71,SIVA S,IND,552,,GEN,Central,0.2917223775373769
Mailam,71,GOPU V S,IND,537,,GEN,Central,0.28379513901733955
Mailam,71,RANJITH KUMAR  M,Bahujan Samaj Party,365,,GEN,Central,0.1928961373209105
Mailam,71,RANJITHA V,IND,357,,GEN,Central,0.18866827677689052
Mailam,71,VINOTH R,Thakkam Katchi,332,,GEN,Central,0.17545621257682814
Mailam,71,NOTA,NOTA,299,,GEN,Central,0.15801628783274582
Mailam,71,AYYANAR N,Anti Corruption Dynamic Party,264,,GEN,Central,0.13951939795265852
Mailam,71,TAMIZHARASAN M,IND,252,,GEN,Central,0.1331776071366286
Mailam,71,KRISHNAMURTHY K,IND,198,,GEN,Central,0.10463954846449391
Mailam,71,SUNDAR C,IND,133,,GEN,Central,0.07028818154433177
Mailam,71,ANANDHABABU M,Tamizhaga Vaazhvurimai Katchi,121,,GEN,Central,0.06394639072830183
Mailam,71,VIJAYAGANTH K,IND,97,,GEN,Central,0.05126280909624196
Mailam,71,MANAVALAN A,Anna MGR Dravida Makkal Kalgam,93,,GEN,Central,0.04914887882423198
Mailam,71,KARVANNAN K,IND,92,,GEN,Central,0.04862039625622949
Mailam,71,SURESH KUMAR S,Indhia Kudiarasu Katchi,82,,GEN,Central,0.043335570576204546
Mailam,71,SEKAR NAYAKAR I M,All India Puratchi Thalaivar Makkal Munnettra Kazhagam,59,,GEN,Central,0.03118047151214717
Mailam,71,PURUSHOTHAMAN K,Desiya Makkal Sakthi Katchi,47,,GEN,Central,0.02483868069611724
Mailam,71,DIVYA P,Naam Indiar Party,26,,GEN,Central,0.013740546768064856
Tindivanam,72,VANNI ARASU,VCK,63833,,SC,Central,32.563537489924805
Tindivanam,72,ARJUNAN. P,AIADMK,63099,,SC,Central,32.1890973646353
Tindivanam,72,SAKTHIVEL. S,TVK,61159,,SC,Central,31.19943272831155
Tindivanam,72,PACHIMUTHU. P,NTK,5242,,SC,Central,2.6741350637160375
Tindivanam,72,NOTA,NOTA,714,,SC,Central,0.36423739707997915
Tindivanam,72,VINOTH. S,IND,435,,SC,Central,0.22190933855713016
Tindivanam,72,VENKATACHALAPATHY. A,Bahujan Samaj Party,422,,SC,Central,0.21527756522094008
Tindivanam,72,VISWANATHAN. S.A,IND,208,,SC,Central,0.10610837337904155
Tindivanam,72,MOHAN. A,MAKKAL SAKTHI KATCHI,201,,SC,Central,0.10253741850570844
Tindivanam,72,PON.SIVAKUMAR,IND,199,,SC,Central,0.10151714568475612
Tindivanam,72,DEVAKUMARAN. E,IND,198,,SC,Central,0.10100700927427994
Tindivanam,72,CHANDARAN. A,IND,99,,SC,Central,0.05050350463713997
Tindivanam,72,DURKALI. N,IND,78,,SC,Central,0.03979064001714058
Tindivanam,72,VANJINATHAN. C,Tamizhaga Vaazhvurimai Katchi,74,,SC,Central,0.03775009437523594
Tindivanam,72,RAMNESHWARAN. V,Thakkam Katchi,65,,SC,Central,0.033158866680950486
Vanur,73,GOWTHAM D,DMK,68873,,SC,Central,35.849135171430206
Vanur,73,SURESH P,TVK,61839,,SC,Central,32.18786273091157
Vanur,73,MURUGAN P,AIADMK,54193,,SC,Central,28.20803772661736
Vanur,73,KARIKALAN B,NTK,4697,,SC,Central,2.444838875905038
Vanur,73,VETRIVEL G,IND,572,,SC,Central,0.297732134770637
Vanur,73,NOTA,NOTA,519,,SC,Central,0.2701450663390919
Vanur,73,SAKTHIVEL S,Tamizhaga Vaazhvurimai Katchi,285,,SC,Central,0.148345556660195
Vanur,73,VINAYAGAMOORTHY M,Bahujan Samaj Party,265,,SC,Central,0.13793534215772515
Vanur,73,RADHIKA S,IND,197,,SC,Central,0.10254061284932776
Vanur,73,SATHYARAMAN P,IND,172,,SC,Central,0.08952784472124048
Vanur,73,SIVAKUMAR R,IND,112,,SC,Central,0.05829720121383101
Vanur,73,ANANDAKUMAR P M,Thakkam Katchi,95,,SC,Central,0.049448518886731664
Vanur,73,AYYANAR E,IND,93,,SC,Central,0.04840749743648468
Vanur,73,MURALI M,IND,83,,SC,Central,0.04320239018524977
Vanur,73,SURESH C V,IND,68,,SC,Central,0.0353947293083974
Vanur,73,THANGARASU N,IND,56,,SC,Central,0.029148600606915504
Viluppuram,74,LAKSHMANAN R,DMK,72982,,GEN,Central,33.87861963959113
Viluppuram,74,MOHANRAJ N,TVK,68863,,GEN,Central,31.966558661603734
Viluppuram,74,VIJAYASURESHBABU,AIADMK,63808,,GEN,Central,29.620001671138507
Viluppuram,74,ABINAYA PONNIVALAVAN,NTK,5786,,GEN,Central,2.6858909489281504
Viluppuram,74,NOTA,NOTA,573,,GEN,Central,0.2659895461002126
Viluppuram,74,KUMARAN R,Tamizhaga Vaazhvurimai Katchi,440,,GEN,Central,0.20425026227590495
Viluppuram,74,MURUGAN S,Bahujan Samaj Party,390,,GEN,Central,0.18104000519909758
Viluppuram,74,MOHAMED ALI JINNA M,IND,282,,GEN,Central,0.13090584991319365
Viluppuram,74,RAGHUL R,IND,277,,GEN,Central,0.1285848242055129
Viluppuram,74,LAKSHMANAN R,IND,243,,GEN,Central,0.11280184939328389
Viluppuram,74,NAGARAJAN P,Veerath Thiyagi Viswanathadoss Thozhilalarkal Katchi,231,,GEN,Central,0.1072313876948501
Viluppuram,74,LAKSHMANAN R,IND,175,,GEN,Central,0.08123589976882584
Viluppuram,74,RAJKUMAR S,IND,172,,GEN,Central,0.07984328434421739
Viluppuram,74,ARUMUGAM M,IND,150,,GEN,Central,0.06963077123042215
Viluppuram,74,LAKSHMANAN K,IND,148,,GEN,Central,0.06870236094734986
Viluppuram,74,RAYAR K,IND,142,,GEN,Central,0.06591713009813296
Viluppuram,74,VIJAYA M,IND,141,,GEN,Central,0.06545292495659683
Viluppuram,74,VIJAYA D,IND,100,,GEN,Central,0.04642051415361476
Viluppuram,74,RAMAN K,IND,94,,GEN,Central,0.04363528330439788
Viluppuram,74,VIJAYA M,IND,93,,GEN,Central,0.04317107816286173
Viluppuram,74,PRAVEEN KUMAR R,IND,84,,GEN,Central,0.0389932318890364
Viluppuram,74,BALAMURUGAN N,IND,77,,GEN,Central,0.035743795898283366
Viluppuram,74,AKBAR ALI P,IND,63,,GEN,Central,0.0292449239167773
Viluppuram,74,MOHAN C,IND,62,,GEN,Central,0.028780718775241156
Viluppuram,74,VIJAYA K,IND,46,,GEN,Central,0.021353436510662793
Vikravandi,75,SIVAKUMAR C,PMK,69727,,GEN,Central,33.325367655844495
Vikravandi,75,VIJAI VADIVEL A,TVK,68817,,GEN,Central,32.89044166495405
Vikravandi,75,ANNIYUR SIVA @ SIVASHANMUGAM A,DMK,60941,,GEN,Central,29.12618111082966
Vikravandi,75,SUBHA CHANDRASEKARAN A,NTK,4979,,GEN,Central,2.379666493014897
Vikravandi,75,SETTU C,Tamizhaga Vaazhvurimai Katchi,592,,GEN,Central,0.2829408644034584
Vikravandi,75,SIVAKUMAR S,IND,455,,GEN,Central,0.2174629954452256
Vikravandi,75,INBARASAN G,Bahujan Samaj Party,442,,GEN,Central,0.21124976700393344
Vikravandi,75,SANMUGAM B,IND,432,,GEN,Central,0.20647036051063178
Vikravandi,75,NOTA,NOTA,401,,GEN,Central,0.19165420038139663
Vikravandi,75,RAMACHANDRAN P,Anti Corruption Dynamic Party,342,,GEN,Central,0.16345570207091684
Vikravandi,75,TAMILSELVAN D,IND,288,,GEN,Central,0.13764690700708784
Vikravandi,75,SHANMUGAM P,IND,244,,GEN,Central,0.11661751843656054
Vikravandi,75,GOKUL RAJ B,IND,205,,GEN,Central,0.09797783311268407
Vikravandi,75,STALIN D,Aanaithinthiya Jananayaka Pathukappu Kazhagam,194,,GEN,Central,0.09272048597005224
Vikravandi,75,SHANMUGAM R,IND,158,,GEN,Central,0.07551462259416626
Vikravandi,75,SELVAKUMAR S,IND,154,,GEN,Central,0.07360285999684558
Vikravandi,75,BACKIYALAKSHMI C,Thakkam Katchi,141,,GEN,Central,0.06738963155555343
Vikravandi,75,RAJARAM M,IND,127,,GEN,Central,0.06069846246493111
Vikravandi,75,YEASURAJA M,IND,115,,GEN,Central,0.05496317467296911
Vikravandi,75,SAKTHIVEL A,IND,104,,GEN,Central,0.04970582753033728
Vikravandi,75,THAMIZHVENGAI KA,Desiya Makkal Sakthi Katchi,103,,GEN,Central,0.04922788688100711
Vikravandi,75,MURUGAN C,IND,76,,GEN,Central,0.03632348934909263
Vikravandi,75,MOHAMMAD SIDDIQ M H,Veerath Thiyagi Viswanathadoss Thozhilalarkal Katchi,71,,GEN,Central,0.0339337861024418
Vikravandi,75,RAMACHANDRAN A,IND,68,,GEN,Central,0.0324999641544513
Vikravandi,75,PRABHAKARAN D,IND,55,,GEN,Central,0.02628673571315914
Tirukkoyilur,76,PALANISAMY S,AIADMK,73033,,GEN,Central,33.60651211588548
Tirukkoyilur,76,VIJAY R BARANIBALAAJI,TVK,72748,,GEN,Central,33.475367894053875
Tirukkoyilur,76,DR PON GAUTHAMSIGAMANI,DMK,62452,,GEN,Central,28.737610322200645
Tirukkoyilur,76,HEMARAJAN K,NTK,5791,,GEN,Central,2.6647585565852805
Tirukkoyilur,76,RAMAKRISHNAN M,IND,589,,GEN,Central,0.27103139178531
Tirukkoyilur,76,VIJAYAMOORTHI E,IND,571,,GEN,Central,0.26274859882752466
Tirukkoyilur,76,NOTA,NOTA,500,,GEN,Central,0.2300775821607046
Tirukkoyilur,76,GOVINDHAKANNAN M,Bahujan Samaj Party,374,,GEN,Central,0.17209803145620703
Tirukkoyilur,76,TAMILSELVAM R,Tamizhaga Vaazhvurimai Katchi,312,,GEN,Central,0.14356841126827968
Tirukkoyilur,76,RAVICHANDRAN G,IND,205,,GEN,Central,0.09433180868588889
Tirukkoyilur,76,GOWTHAM S,IND,192,,GEN,Central,0.08834979154971057
Tirukkoyilur,76,EDWIN ABINESH A,IND,136,,GEN,Central,0.06258110234771165
Tirukkoyilur,76,PRABHAKARAN V J,IND,132,,GEN,Central,0.060740481690426014
Tirukkoyilur,76,SELVAM K,Veerath Thiyagi Viswanathadoss Thozhilalarkal Katchi,108,,GEN,Central,0.04969675774671219
Tirukkoyilur,76,PALANISAMY E,IND,94,,GEN,Central,0.04325458544621247
Tirukkoyilur,76,KARTHICK S,IND,81,,GEN,Central,0.03727256831003414
Ulundurpettai,77,VASANTHAVEL G R,DMK,98471,,GEN,Central,36.33589420004281
Ulundurpettai,77,KUMARAGURU R,AIADMK,96194,,GEN,Central,35.495678998678976
Ulundurpettai,77,SUDHAKAR M,TVK,66208,,GEN,Central,24.430816008737942
Ulundurpettai,77,LOGESHWARI S,NTK,6525,,GEN,Central,2.407731308256028
Ulundurpettai,77,NOTA,NOTA,1051,,GEN,Central,0.3878200160884422
Ulundurpettai,77,MANIKANDAN P,IND,642,,GEN,Central,0.23689862067438616
Ulundurpettai,77,UDHAYAKUMAR R,All India Puratchi Thalaivar Makkal Munnettra Kazhagam,590,,GEN,Central,0.21771057040169445
Ulundurpettai,77,KRISHNAMOORTHY V,IND,282,,GEN,Central,0.10405827263267431
Ulundurpettai,77,RAMAKRISHNAN R,IND,251,,GEN,Central,0.09261924266241577
Ulundurpettai,77,SENTHIL P,IND,217,,GEN,Central,0.08007320979180965
Ulundurpettai,77,PARTHIBAN V,IND,170,,GEN,Central,0.0627301643530306
Ulundurpettai,77,BALAKRISHNAN K,Anna Makkal Katchi,140,,GEN,Central,0.05166013534955462
Ulundurpettai,77,SASIKUMAR N,IND,110,,GEN,Central,0.040590106346078625
Ulundurpettai,77,SANKAR S,IND,78,,GEN,Central,0.02878207540903757
Ulundurpettai,77,ARASAN K,IND,73,,GEN,Central,0.026937070575124906
Rishivandiyam,78,KARTHIKEYAN K,DMK,89711,,GEN,Central,36.64739884393063
Rishivandiyam,78,ASHOK KUMAR G,TVK,84849,,GEN,Central,34.66124716599604
Rishivandiyam,78,CHEZHIYAN P,PMK,56488,,GEN,Central,23.075634714761332
Rishivandiyam,78,RADHIKA P,NTK,7247,,GEN,Central,2.9604362834208215
Rishivandiyam,78,SENTHIKUMAR V N,IND,1071,,GEN,Central,0.4375089360485304
Rishivandiyam,78,SELVARAJ P,IND,800,,GEN,Central,0.32680406054045225
Rishivandiyam,78,BALAKRISHNAN A,Bahujan Samaj Party,578,,GEN,Central,0.2361159337404767
Rishivandiyam,78,NOTA,NOTA,534,,GEN,Central,0.21814171041075184
Rishivandiyam,78,ANBUMURUGAN S,IND,458,,GEN,Central,0.1870953246594089
Rishivandiyam,78,SEVVANTHA G K,Anna Makkal Katchi,322,,GEN,Central,0.13153863436753202
Rishivandiyam,78,RANGANATHAN N,All India Puratchi Thalaivar Makkal Munnettra Kazhagam,302,,GEN,Central,0.12336853285402072
Rishivandiyam,78,ARUMUGAM G,Parivartan Rajniti Party,291,,GEN,Central,0.1188749770215895
Rishivandiyam,78,VENKATRAMAN J,Naadaalum Makkal Katchi,251,,GEN,Central,0.10253477399456688
Rishivandiyam,78,KARTHIKEYAN A,IND,244,,GEN,Central,0.09967523846483792
Rishivandiyam,78,MANIKANDAN C,IND,241,,GEN,Central,0.09844972323781123
Rishivandiyam,78,VINOTH S,IND,208,,GEN,Central,0.08496905574051758
Rishivandiyam,78,SEZHIYAN K,IND,173,,GEN,Central,0.0706713780918728
Rishivandiyam,78,SANKAR R,Tamizhaga Vaazhvurimai Katchi,161,,GEN,Central,0.06576931718376601
Rishivandiyam,78,VIJAYAKUMAR G,IND,141,,GEN,Central,0.0575992156702547
Rishivandiyam,78,GOWTHAM C,IND,136,,GEN,Central,0.055556690291876876
Rishivandiyam,78,RAJA S,IND,130,,GEN,Central,0.05310565983782349
Rishivandiyam,78,KARTHIKEYAN V,IND,125,,GEN,Central,0.05106313445944566
Rishivandiyam,78,RAJA K,IND,97,,GEN,Central,0.03962499234052983
Rishivandiyam,78,ANBU D,IND,90,,GEN,Central,0.03676545681080087
Rishivandiyam,78,NARAYANAN L,IND,83,,GEN,Central,0.03390592128107192
Rishivandiyam,78,MARIKKANNU A,IND,64,,GEN,Central,0.02614432484323618
Sankarapuram,79,RAKESH R,AIADMK,80250,,GEN,Central,34.07238205224007
Sankarapuram,79,UDHAYASURIYAN T,DMK,76810,,GEN,Central,32.611833837165854
Sankarapuram,79,JAGADESAN A,TVK,67624,,GEN,Central,28.7116606093543
Sankarapuram,79,RAMESH K,NTK,5567,,GEN,Central,2.36362555619714
Sankarapuram,79,RAMACHANDIRAN M,Tamizhaga Vaazhvurimai Katchi,677,,GEN,Central,0.28743928535036173
Sankarapuram,79,MANIKANDAN P,IND,579,,GEN,Central,0.24583064433952648
Sankarapuram,79,SUDHA M,Bahujan Samaj Party,544,,GEN,Central,0.23097041540708535
Sankarapuram,79,MAYILAMPARAI MARI A,IND,512,,GEN,Central,0.21738392038313917
Sankarapuram,79,VIJAY J,IND,409,,GEN,Central,0.17365238952481232
Sankarapuram,79,NOTA,NOTA,383,,GEN,Central,0.16261336231785606
Sankarapuram,79,PACHAIYAPPAN K,IND,351,,GEN,Central,0.14902686729390985
Sankarapuram,79,NADARAJAN K,All India Puratchi Thalaivar Makkal Munnettra Kazhagam,328,,GEN,Central,0.13926157399544853
Sankarapuram,79,DURAI EZHILAN P,IND,295,,GEN,Central,0.125250501002004
Sankarapuram,79,GANGASEKAR A,MAKKAL SAKTHI KATCHI,223,,GEN,Central,0.09468088719812506
Sankarapuram,79,MANI G,IND,166,,GEN,Central,0.0704799429367209
Sankarapuram,79,DR.MURUGU K,IND,113,,GEN,Central,0.04797731055331001
Sankarapuram,79,SAMIKKANNU M,IND,112,,GEN,Central,0.047552732583811694
Sankarapuram,79,JAYAPRAKASH K,IND,111,,GEN,Central,0.047128154614313376
Sankarapuram,79,ANBAZHAGAN S,IND,105,,GEN,Central,0.04458068679732346
Sankarapuram,79,SANNIYASI N,Veerath Thiyagi Viswanathadoss Thozhilalarkal Katchi,100,,GEN,Central,0.04245779694983187
Sankarapuram,79,KAVIKUIL V,IND,97,,GEN,Central,0.041184063041336906
Sankarapuram,79,HARUN RASHEETH J,IND,87,,GEN,Central,0.036938283346353726
Sankarapuram,79,VIGNESH R,IND,85,,GEN,Central,0.036089127407357084
Kallakurichi,80,ARUL VIGNESH C,TVK,81132,,SC,Central,32.50142212750274
Kallakurichi,80,RAJEEVGANDHI S,AIADMK,80334,,SC,Central,32.18174388885773
Kallakurichi,80,MALATHI K,VCK,77666,,SC,Central,31.112944965668643
Kallakurichi,80,NAGAMMAL RAJKODI,NTK,7494,,SC,Central,3.0020911283279785
Kallakurichi,80,NOTA,NOTA,883,,SC,Central,0.3537291788515619
Kallakurichi,80,VIGNESH G,IND,653,,SC,Central,0.2615913406456058
Kallakurichi,80,VASANTHAKUMAR S,IND,417,,SC,Central,0.1670499066603639
Kallakurichi,80,RAJIVGANDHI P,IND,308,,SC,Central,0.12338458333667167
Kallakurichi,80,SELVARAJ M,IND,219,,SC,Central,0.08773124594393213
Kallakurichi,80,RAJIVGANDHI S,IND,196,,SC,Central,0.07851746212333652
Kallakurichi,80,MALATHI K,IND,179,,SC,Central,0.0717072740820267
Kallakurichi,80,PRABU C,IND,145,,SC,Central,0.05808689799940711
Gangavalli,81,NALLATHAMBI. A,AIADMK,73167,,SC,Central,37.20122636377041
Gangavalli,81,CHINNADURAI. K,DMK,58763,,SC,Central,29.877617844304677
Gangavalli,81,SUJATHA. V,TVK,55291,,SC,Central,28.11230482156204
Gangavalli,81,ABIRAMI. A,NTK,6242,,SC,Central,3.1736992764860505
Gangavalli,81,NOTA,NOTA,731,,SC,Central,0.37167160703481306
Gangavalli,81,BALAKRISHNAN. P,Bahujan Samaj Party,533,,SC,Central,0.2709999542401578
Gangavalli,81,DHANAPAL. S,IND,444,,SC,Central,0.22574855475165118
Gangavalli,81,RAMESH. S,IND,390,,SC,Central,0.19829264944401792
Gangavalli,81,KAVIARASAN. T.T,Tamizhaga Vaazhvurimai Katchi,234,,SC,Central,0.11897558966641075
Gangavalli,81,MARIMUTHU. S,Puthiya Tamilagam,220,,SC,Central,0.11185739199406138
Gangavalli,81,KANNAN. S,IND,212,,SC,Central,0.10778985046700461
Gangavalli,81,TAMILARASAN. T,IND,196,,SC,Central,0.09965476741289106
Gangavalli,81,ANBAZHAGAN. S,Anna Makkal Katchi,151,,SC,Central,0.07677484632319669
Gangavalli,81,GUNAPRAKASH. D,IND,105,,SC,Central,0.05338648254262021
Attur,82,JAYASANKARAN. A.P.,AIADMK,80843,,SC,Central,38.811595037830784
Attur,82,SELVABHARATHI. R.,TVK,65525,,SC,Central,31.45763720858778
Attur,82,ARTHANARI. S.K.,INC,51896,,SC,Central,24.914544686407805
Attur,82,MONISHA CHINNADURAI.,NTK,6532,,SC,Central,3.135921957214733
Attur,82,NOTA,NOTA,1031,,SC,Central,0.49496869839075164
Attur,82,RAJESHKANNAN. K.,IND,511,,SC,Central,0.2453239620540001
Attur,82,SELLAMMAL. V.M.,Bahujan Samaj Party,412,,SC,Central,0.1977954449437339
Attur,82,MANICKAM. K.,IND,256,,SC,Central,0.12290202404270845
Attur,82,POOMALAI. C.,IND,235,,SC,Central,0.11282021738295502
Attur,82,PALANIYAMMAL. S.,Desiya Makkal Sakthi Katchi,215,,SC,Central,0.10321849675461843
Attur,82,SELVAKANNAN. L.,IND,173,,SC,Central,0.08305488343511157
Attur,82,RAMESH. G.,Tamizhaga Vaazhvurimai Katchi,172,,SC,Central,0.08257479740369474
Attur,82,JAGAN. T.,IND,158,,SC,Central,0.07585359296385913
Attur,82,VARATHARAJ. G.,IND,141,,SC,Central,0.06769213042977301
Attur,82,MANIMARAN. A.,IND,107,,SC,Central,0.05136920536160079
Attur,82,MANIKANDAN. M.,IND,89,,SC,Central,0.042727656796097864
Yercaud,83,USHARANI. P,AIADMK,87772,,ST,Central,34.61150194012429
Yercaud,83,LAKSHMI JANARTHANAN. J,TVK,85583,,ST,Central,33.74830436291366
Yercaud,83,REVATHI. T.M,DMK,68045,,ST,Central,26.832471055869274
Yercaud,83,PALANISAMY. M,NTK,7601,,ST,Central,2.997334300766586
Yercaud,83,NOTA,NOTA,1250,,ST,Central,0.4929177576579703
Yercaud,83,PALANISAMY. K,Bahujan Samaj Party,910,,ST,Central,0.35884412757500234
Yercaud,83,GOPI. C,Communist Party of India (Marxist-Leninist) (Liberation),658,,ST,Central,0.2594719076311556
Yercaud,83,VENKATESAN. S,IND,513,,ST,Central,0.202293447742831
Yercaud,83,PAZHANIVEL. K,IND,303,,ST,Central,0.119483264456292
Yercaud,83,THANGADURAI. N,IND,294,,ST,Central,0.11593425660115461
Yercaud,83,VENGATESHSAN. T,Tamizhaga Vaazhvurimai Katchi,235,,ST,Central,0.09266853843969841
Yercaud,83,VIJAYAKUMAR. N,IND,211,,ST,Central,0.08320451749266537
Yercaud,83,KALIYAPPAN. A,IND,123,,ST,Central,0.048503107353544274
Yercaud,83,KARTHIK. N,IND,94,,ST,Central,0.03706741537587937
Omalur,84,MANI. R,AIADMK,112246,,GEN,Central,41.401008413279776
Omalur,84,ADHIYAMAAN. R.V,TVK,97707,,GEN,Central,36.0384185542142
Omalur,84,ELANGOVAN. A.R,DMDK,46917,,GEN,Central,17.30494727407522
Omalur,84,SIVASAKTHI. M,NTK,8370,,GEN,Central,3.087205249355449
Omalur,84,GOBINATHAN. R,IND,1544,,GEN,Central,0.5694916254486038
Omalur,84,NOTA,NOTA,1433,,GEN,Central,0.5285501938263272
Omalur,84,MAYAKKANNAN. R,IND,629,,GEN,Central,0.2320014458595672
Omalur,84,KRISHNAMOORTHY. D,Tamizhaga Vaazhvurimai Katchi,537,,GEN,Central,0.19806800703750013
Omalur,84,MOHANRAJ. P.M,IND,378,,GEN,Central,0.1394221725515364
Omalur,84,SURESHKUMAR. S,Aanaithinthiya Jananayaka Pathukappu Kazhagam,363,,GEN,Central,0.13388954665663416
Omalur,84,JEGANATHAN. A,IND,207,,GEN,Central,0.07635023734965089
Omalur,84,MANOKARAN. A,IND,197,,GEN,Central,0.07266182008638274
Omalur,84,SANTHALINGAM. C,IND,164,,GEN,Central,0.06049004311759781
Omalur,84,ARUL PRAKASH. T,IND,149,,GEN,Central,0.05495741722269557
Omalur,84,PERUMAL. S,IND,142,,GEN,Central,0.05237552513840786
Omalur,84,MANI. V,IND,136,,GEN,Central,0.05016247478044696
Mettur,85,VENKATACHALAM. G,AIADMK,86498,,GEN,Central,37.428008913697234
Mettur,85,MIDHUN CHAKRAVARTHY. M,DMK,67393,,GEN,Central,29.161203781830768
Mettur,85,SELVAM. K,TVK,65260,,GEN,Central,28.23824668440752
Mettur,85,VIDHYA VEERAPPAN,NTK,7109,,GEN,Central,3.0760909543281194
Mettur,85,NOTA,NOTA,794,,GEN,Central,0.34356677700612276
Mettur,85,RAMKUMAR. D.M,IND,706,,GEN,Central,0.30548884706085977
Mettur,85,DURAIRAJ. V,IND,659,,GEN,Central,0.28515177084009435
Mettur,85,VENKATASALAM. G,IND,471,,GEN,Central,0.20380346595703253
Mettur,85,PERIYAPONNU. O,Tamizhaga Vaazhvurimai Katchi,403,,GEN,Central,0.1743796109993293
Mettur,85,DR.PADMARAJAN. K,IND,390,,GEN,Central,0.16875446225741547
Mettur,85,PRABAKARAN. S,IND,251,,GEN,Central,0.10860864109387507
Mettur,85,KRISHNAMOORTHY. P,IND,237,,GEN,Central,0.10255078860258325
Mettur,85,SARAVANAKUMAR. M,IND,223,,GEN,Central,0.09649293611129141
Mettur,85,MURUGAN. P,IND,192,,GEN,Central,0.08307911988057376
Mettur,85,JAGANATHAN. A,IND,121,,GEN,Central,0.05235715367473659
Mettur,85,VELU. A,Vada Tamil Nadu Munnetra Katchi,107,,GEN,Central,0.04629930118344476
Mettur,85,CHIDAMBARAM. A,IND,104,,GEN,Central,0.04500118993531079
Mettur,85,KANNAN. M,IND,99,,GEN,Central,0.04283767118842085
Mettur,85,KANNAN. R,IND,88,,GEN,Central,0.038077929945262975
Edappadi,86,EDAPPADI PALANISWAMI. K,AIADMK,148933,,GEN,Central,57.667184226931454
Edappadi,86,PREMKUMAR. K,IND,50823,,GEN,Central,19.678777060593273
Edappadi,86,KASI. C,DMK,44011,,GEN,Central,17.041155721106005
Edappadi,86,PRIYADHARSHINI. A,NTK,8450,,GEN,Central,3.271858531806724
Edappadi,86,GOVINDARAJ.V,Tamizhaga Vaazhvurimai Katchi,1662,,GEN,Central,0.6435300449541747
Edappadi,86,NOTA,NOTA,1341,,GEN,Central,0.5192381409648305
Edappadi,86,RAJA. K. B.SC. B.TECH. EX.INAS,IND,739,,GEN,Central,0.2861424207106709
Edappadi,86,THULASIMANI. P,IND,435,,GEN,Central,0.16843295400425148
Edappadi,86,SURESH. L,All India Puratchi Thalaivar Makkal Munnettra Kazhagam,429,,GEN,Central,0.16610974084557215
Edappadi,86,STUDENT'S FRIEND MURUGAN. M,IND,399,,GEN,Central,0.1544936750521755
Edappadi,86,IYYAPPAN PERUMAL. P,IND,296,,GEN,Central,0.11461184916151364
Edappadi,86,ELUMALAI. P,IND,215,,GEN,Central,0.08324847151934268
Edappadi,86,KUMARESAN. M,IND,207,,GEN,Central,0.08015085397443691
Edappadi,86,MURUGAN. C,IND,159,,GEN,Central,0.061565148705002265
Edappadi,86,SUBRAMANI. P,IND,97,,GEN,Central,0.037558612731982514
Edappadi,86,SAKTHIVEL. S,IND,67,,GEN,Central,0.025942546938585862
Sankari,87,VETRIVEL. S,AIADMK,87342,,GEN,Central,35.82835272931631
Sankari,87,SENTHILKUMAR. K,TVK,77825,,GEN,Central,31.92440694235352
Sankari,87,MANIKANDAN. M,DMK,65716,,GEN,Central,26.957203040458776
Sankari,87,NITHYA. A,NTK,7534,,GEN,Central,3.0905041041270986
Sankari,87,DR. GURUNATHAN. S,Indhu Dravida Makkal Katchi,1009,,GEN,Central,0.4138994745240566
Sankari,87,NOTA,NOTA,711,,GEN,Central,0.29165760791536594
Sankari,87,PARAMASIVAM. R,IND,473,,GEN,Central,0.1940281976708412
Sankari,87,SETTUMUTHU. V,Bahujan Samaj Party,398,,GEN,Central,0.16326262721563384
Sankari,87,MANIKANDAN. D,IND,395,,GEN,Central,0.16203200439742554
Sankari,87,MAYILKUMAR. M,IND,340,,GEN,Central,0.1394705860636068
Sankari,87,VIGNESH. A,IND,289,,GEN,Central,0.11854999815406578
Sankari,87,SENTHILKUMAR. R.S.,Tamizhaga Vaazhvurimai Katchi,287,,GEN,Central,0.1177295829419269
Sankari,87,POOVARASAN. S,IND,268,,GEN,Central,0.1099356384266077
Sankari,87,DURAIRAJ. C,IND,260,,GEN,Central,0.10665397757805226
Sankari,87,VIJAYAKUMAR. M,IND,244,,GEN,Central,0.10009065588094135
Sankari,87,SALMAN. E,IND,147,,GEN,Central,0.06030051809220646
Sankari,87,SAKTHIVEL. D,IND,140,,GEN,Central,0.05742906484972045
Sankari,87,MANIKANDAN. P,IND,136,,GEN,Central,0.055788234425442715
Sankari,87,RANJITH KUMAR. V,IND,96,,GEN,Central,0.039379930182665446
Sankari,87,SAKTHIVEL. G,IND,86,,GEN,Central,0.03527785412197113
Sankari,87,RAMESHKUMAR. V,IND,83,,GEN,Central,0.03404723130376283
Salem (West),88,LAKSHMANAN.S,TVK,120407,,GEN,Central,51.366640074741795
Salem (West),88,KARTHE.M,PMK,45540,,GEN,Central,19.42774746487946
Salem (West),88,ALAGAAPURAM. R. MOHANRAJ,DMDK,41522,,GEN,Central,17.71363483172431
Salem (West),88,ARUL RAMADAS,Aanaithinthiya Jananayaka Pathukappu Kazhagam,12532,,GEN,Central,5.346256724415226
Salem (West),88,SURESH KUMAR.R,NTK,6820,,GEN,Central,2.9094694271075525
Salem (West),88,NOTA,NOTA,1052,,GEN,Central,0.4487920582576459
Salem (West),88,RAJ KUMAR .G,Tamizhaga Vaazhvurimai Katchi,636,,GEN,Central,0.2713229553724932
Salem (West),88,ER.PRABAKARAN.S,IND,613,,GEN,Central,0.2615109617033621
Salem (West),88,PRABU .K,Vishwa Tamil Kazhagam,404,,GEN,Central,0.17234980184038873
Salem (West),88,GUNASEKARAN .R,Bahujan Samaj Party,395,,GEN,Central,0.1685103260568157
Salem (West),88,BHARATH.S,IND,395,,GEN,Central,0.1685103260568157
Salem (West),88,CHANDRASEKARAN.G,IND,393,,GEN,Central,0.16765710921602173
Salem (West),88,VELMANIKANDAN. S,IND,369,,GEN,Central,0.15741850712649366
Salem (West),88,SRISABARINATHAN,IND,359,,GEN,Central,0.15315242292252365
Salem (West),88,AMIRTHALINGAM.N,IND,318,,GEN,Central,0.1356614776862466
Salem (West),88,ARUL.P,IND,301,,GEN,Central,0.12840913453949754
Salem (West),88,KUMAR.A.P,IND,263,,GEN,Central,0.11219801456441147
Salem (West),88,KARTHICK.M,IND,243,,GEN,Central,0.10366584615647144
Salem (West),88,ARUL.D,IND,239,,GEN,Central,0.10195941247488342
Salem (West),88,MANOHAR.C,IND,214,,GEN,Central,0.09129420196495838
Salem (West),88,THIYAGARAJAN.M,IND,184,,GEN,Central,0.07849594935304834
Salem (West),88,PERUMAL. A,IND,181,,GEN,Central,0.07721612409185732
Salem (West),88,SELVAM.R,IND,147,,GEN,Central,0.06271143779835926
Salem (West),88,RADHAKRISHNAN. R,IND,137,,GEN,Central,0.058445353594389245
Salem (West),88,BHARANITHARAN.D.K,IND,118,,GEN,Central,0.05033979360684621
Salem (West),88,VIJAYAKUMAR. S,IND,111,,GEN,Central,0.0473535346640672
Salem (West),88,ARUL. T,IND,108,,GEN,Central,0.046073709402876195
Salem (West),88,KARTHICK.R,IND,91,,GEN,Central,0.038821366256127164
Salem (West),88,MOHAN RAJ. R,IND,88,,GEN,Central,0.03754154099493616
Salem (West),88,ARUL .S,IND,85,,GEN,Central,0.036261715733745155
Salem (West),88,DHANAPAL,IND,74,,GEN,Central,0.03156902310937813
Salem (West),88,PANNEERSELVAM.P,IND,68,,GEN,Central,0.02900937258699612
Salem (North),89,SIVAKUMAR. K,TVK,85710,,GEN,Central,40.67637343862713
Salem (North),89,RAJENDRAN. R,DMK,71676,,GEN,Central,34.016097801738866
Salem (North),89,SADHASIVAM. S,PMK,44238,,GEN,Central,20.994532822050953
Salem (North),89,GUNASEELA. M,NTK,6450,,GEN,Central,3.0610501537643797
Salem (North),89,NOTA,NOTA,1205,,GEN,Central,0.5718706101218725
Salem (North),89,MOHANRAJ. S,Tamizhaga Vaazhvurimai Katchi,338,,GEN,Central,0.16040851968563727
Salem (North),89,JOTHILAKSHMI. R.S,Vishwa Tamil Kazhagam,176,,GEN,Central,0.08352632977713656
Salem (North),89,RAJA. A,IND,151,,GEN,Central,0.07166179429742967
Salem (North),89,SABAREESAN. D,IND,137,,GEN,Central,0.0650176544287938
Salem (North),89,RAJASEKAR. S,IND,128,,GEN,Central,0.06074642165609932
Salem (North),89,RAJENDRAN. A,IND,122,,GEN,Central,0.057898933140969666
Salem (North),89,MAHABUB JOHN. K,IND,117,,GEN,Central,0.055526026045028286
Salem (North),89,PRAVINA. G,IND,97,,GEN,Central,0.046034397661262765
Salem (North),89,MANIVANNAN. S,IND,90,,GEN,Central,0.04271232772694483
Salem (North),89,PALANISAMY. R,IND,77,,GEN,Central,0.03654276927749724
Salem (South),90,VIJAY TAMILAN PARTHIBAN. A,TVK,91371,,GEN,Central,43.949072158997986
Salem (South),90,LOGANATHAN. M,DMK,58002,,GEN,Central,27.898721513020558
Salem (South),90,VINOTH. J,AIADMK,50216,,GEN,Central,24.153687795211205
Salem (South),90,SOFIA. S,NTK,5819,,GEN,Central,2.798914873353792
Salem (South),90,NOTA,NOTA,745,,GEN,Central,0.3583419110927264
Salem (South),90,BAS MADHESWARAN,Tamizhaga Vaazhvurimai Katchi,407,,GEN,Central,0.19576531250300624
Salem (South),90,VARATHARAJAN. S.P,IND,166,,GEN,Central,0.07984531173341286
Salem (South),90,LOGANATHAN. M,IND,165,,GEN,Central,0.07936431587959712
Salem (South),90,AMBEDKAR. C,IND,158,,GEN,Central,0.07599734490288694
Salem (South),90,JAYARAJ. S,IND,117,,GEN,Central,0.05627651489644159
Salem (South),90,MAYAKANNAN. N,IND,99,,GEN,Central,0.04761858952775827
Salem (South),90,PARTHIBAN. A,IND,93,,GEN,Central,0.044732614404863834
Salem (South),90,SANTHOSH. S,IND,92,,GEN,Central,0.04425161855104809
Salem (South),90,PRAVEEN KUMAR. M,IND,91,,GEN,Central,0.04377062269723235
Salem (South),90,PALANIAPPAN. M,IND,75,,GEN,Central,0.03607468903618051
Salem (South),90,LOGANATHAN. M,IND,71,,GEN,Central,0.03415070562091754
Salem (South),90,SUMATHI. P,IND,61,,GEN,Central,0.029340747082760143
Salem (South),90,PARTHIBAN. V,IND,58,,GEN,Central,0.027897759521312925
Salem (South),90,SUNDARAM. R,IND,56,,GEN,Central,0.026935767813681444
Salem (South),90,PADMANAPAN. M,IND,40,,GEN,Central,0.019239834152629604
Veerapandi,91,PALANIVEL. M.S,TVK,79907,,GEN,Central,33.876841547429784
Veerapandi,91,SRI BALAJI SUGUMAR. S,AIADMK,75836,,GEN,Central,32.15092739798622
Veerapandi,91,THARUN. A.K,DMK,69296,,GEN,Central,29.378272390037097
Veerapandi,91,RAJESHKUMAR. S,NTK,6820,,GEN,Central,2.8913619501854795
Veerapandi,91,BRAMAMOORTHI. M,Tamizhaga Vaazhvurimai Katchi,642,,GEN,Central,0.2721780604133545
Veerapandi,91,NOTA,NOTA,594,,GEN,Central,0.25182829888712244
Veerapandi,91,PALANISAMY. P,IND,449,,GEN,Central,0.19035506094329624
Veerapandi,91,ANBAZHAGAN. P,Communist Party of India (Marxist-Leninist) (Liberation),437,,GEN,Central,0.1852676205617382
Veerapandi,91,SAKTHIVEL. M,Naadaalum Makkal Katchi,397,,GEN,Central,0.1683094859565448
Veerapandi,91,PRABHU. V,IND,349,,GEN,Central,0.14795972443031266
Veerapandi,91,VAIDESSWARA PRASAD. N,IND,197,,GEN,Central,0.08351881293057763
Veerapandi,91,INDRAJITH GUPTHA. G,IND,153,,GEN,Central,0.06486486486486487
Veerapandi,91,TAMILARASAN. D,IND,142,,GEN,Central,0.06020137784843667
Veerapandi,91,SENTHILKUMAR. M,IND,135,,GEN,Central,0.057233704292527825
Veerapandi,91,DEVENDHIRAPRABU. M,IND,103,,GEN,Central,0.04366719660837308
Veerapandi,91,GOPI. R,IND,96,,GEN,Central,0.04069952305246423
Veerapandi,91,KARTHI. R,IND,80,,GEN,Central,0.03391626921038686
Veerapandi,91,JAYAVEL. M,IND,79,,GEN,Central,0.033492315845257026
Veerapandi,91,GOPINATH. B,IND,58,,GEN,Central,0.024589295177530474
Veerapandi,91,KAVITHA. M.P,IND,56,,GEN,Central,0.0237413884472708
Veerapandi,91,RANGANATHAN. D,IND,49,,GEN,Central,0.020773714891361948
Rasipuram,92,LOGESH TAMILSELVAN D,TVK,74808,,SC,Central,36.54875903849912
Rasipuram,92,PREMKUMAR S D,BJP,60297,,SC,Central,29.459155755325384
Rasipuram,92,MATHIVENTHAN M DR,DMK,57854,,SC,Central,28.265585303888997
Rasipuram,92,SASIKALA S,NTK,6415,,SC,Central,3.1341606410005864
Rasipuram,92,MURUGESAN A,IND,1292,,SC,Central,0.6312292358803987
Rasipuram,92,NOTA,NOTA,863,,SC,Central,0.4216337697869846
Rasipuram,92,RAJESHKANNAN R,IND,472,,SC,Central,0.23060386945475864
Rasipuram,92,ARULKUMAR P,Ganasangam Party of India,462,,SC,Central,0.22571819425444595
Rasipuram,92,NEPPOLIYAN K,IND,428,,SC,Central,0.20910689857338285
Rasipuram,92,RAMADASS D,Samaniya Makkal Nala Katchi,348,,SC,Central,0.17002149697088137
Rasipuram,92,MUNIYAPPAN M,Puthiya Tamilagam,243,,SC,Central,0.1187219073675982
Rasipuram,92,ARULRAJU G,Anaithinthiya Anna Dravida Makkal Seyal katchi,183,,SC,Central,0.0894078561657221
Rasipuram,92,AMPULIMADHAN M,IND,183,,SC,Central,0.0894078561657221
Rasipuram,92,NAGARAJAN K,IND,179,,SC,Central,0.08745358608559703
Rasipuram,92,MANIKANDAN C,IND,175,,SC,Central,0.08549931600547195
Rasipuram,92,THANGAMANI S,IND,147,,SC,Central,0.07181942544459644
Rasipuram,92,KRISHNAMOORTHI P,Tamizhaga Vaazhvurimai Katchi,121,,SC,Central,0.05911666992378347
Rasipuram,92,JAYANTHI M,IND,118,,SC,Central,0.05765096736368966
Rasipuram,92,TAMILAZHAGAN M,IND,92,,SC,Central,0.04494821184287669
Senthamangalam,93,P CHANDRASEKAR,TVK,68815,,ST,Central,32.81796201004354
Senthamangalam,93,C CHANDRASEKARAN,AIADMK,66160,,ST,Central,31.55178909517519
Senthamangalam,93,P POOMALAR,DMK,64951,,ST,Central,30.97521544015604
Senthamangalam,93,PONNUMANI C,NTK,6478,,ST,Central,3.089366532021537
Senthamangalam,93,NOTA,NOTA,1211,,ST,Central,0.5775274575915531
Senthamangalam,93,K RAMESH,IND,605,,ST,Central,0.2885252781526752
Senthamangalam,93,E MANIKANDAN,IND,429,,ST,Central,0.20459065178098784
Senthamangalam,93,M SWAMINATHAN,IND,260,,ST,Central,0.1239943344127199
Senthamangalam,93,A BALAMUGAN,IND,259,,ST,Central,0.12351743312651714
Senthamangalam,93,K DURAISAMY,Ganasangam Party of India,199,,ST,Central,0.09490335595435101
Senthamangalam,93,C JAGANATHAN,All India Puratchi Thalaivar Makkal Munnettra Kazhagam,113,,ST,Central,0.05388984534091288
Senthamangalam,93,P RAMASAMY,Tamizhaga Vaazhvurimai Katchi,111,,ST,Central,0.052936042768507344
Senthamangalam,93,C SUTHAN,IND,96,,ST,Central,0.04578252347546581
Namakkal,94,DILIP C S,TVK,79744,,GEN,Central,37.56494867700192
Namakkal,94,SRIDEVI MOHAN P S,AIADMK,68736,,GEN,Central,32.37941804101129
Namakkal,94,RANI P,DMK,52808,,GEN,Central,24.876226546638215
Namakkal,94,PRAVEENKUMAR K,NTK,6286,,GEN,Central,2.9611414950796817
Namakkal,94,NOTA,NOTA,760,,GEN,Central,0.3580126529208651
Namakkal,94,CHANDRA P,IND,322,,GEN,Central,0.15168430821120862
Namakkal,94,THIYAGARAJAN R,Samaniya Makkal Nala Katchi,320,,GEN,Central,0.15074216965089055
Namakkal,94,RAMASAMY P,Bahujan Samaj Party,296,,GEN,Central,0.13943650692707377
Namakkal,94,AADITHIYAN A,Anna Puratchi Thalaivar Amma Dravida Munnetra Kazhagam,279,,GEN,Central,0.13142832916437022
Namakkal,94,NATARAJAN M,IND,225,,GEN,Central,0.10599058803578243
Namakkal,94,GANDHIAN RAMESH T,Ahimsa Socialist Party,213,,GEN,Central,0.10033775667387403
Namakkal,94,ABINESHKUMAR T,IND,213,,GEN,Central,0.10033775667387403
Namakkal,94,ARAVINTH S,IND,193,,GEN,Central,0.09091637107069336
Namakkal,94,MANIKANDAN R,IND,191,,GEN,Central,0.0899742325103753
Namakkal,94,MUTHUSAMY S,IND,179,,GEN,Central,0.0843214011484669
Namakkal,94,JAYAKUMAR R,IND,168,,GEN,Central,0.07913963906671755
Namakkal,94,KANAKARAJ K,IND,159,,GEN,Central,0.07490001554528625
Namakkal,94,PALANISAMY M P,All India Puratchi Thalaivar Makkal Munnettra Kazhagam,149,,GEN,Central,0.07018932274369591
Namakkal,94,SURESHKANNAN P,Ganasangam Party of India,146,,GEN,Central,0.06877611490321882
Namakkal,94,MATHESWARAN C,Puthiya Tamilagam,146,,GEN,Central,0.06877611490321882
Namakkal,94,RAMESH A,IND,114,,GEN,Central,0.05370189793812977
Namakkal,94,JAYARAMAN M,IND,113,,GEN,Central,0.05323082865797072
Namakkal,94,MOHAN P,IND,111,,GEN,Central,0.05228869009765266
Namakkal,94,STALIN R,IND,99,,GEN,Central,0.046635858735744266
Namakkal,94,MAHENDRAN P,Anaithinthiya Anna Dravida Makkal Seyal katchi,96,,GEN,Central,0.04522265089526717
Namakkal,94,NETAJIKAVIARASU V,IND,92,,GEN,Central,0.04333837377463103
Namakkal,94,MOHAN S,IND,71,,GEN,Central,0.033445918891291344
Namakkal,94,MOHAN M,IND,54,,GEN,Central,0.025437741128587783
Paramathi-Velur,95,SEKAR S,AIADMK,61349,,GEN,Central,32.48643067065583
Paramathi-Velur,95,MOORTHIY K S,DMK,61041,,GEN,Central,32.32333395112394
Paramathi-Velur,95,NANDAKUMAR A,TVK,56067,,GEN,Central,29.689427837644626
Paramathi-Velur,95,ARAVIND M,NTK,5727,,GEN,Central,3.032645820646562
Paramathi-Velur,95,NOTA,NOTA,449,,GEN,Central,0.23776112685006223
Paramathi-Velur,95,SHAILAJA,Tamizhaga Vaazhvurimai Katchi,444,,GEN,Central,0.23511345283168736
Paramathi-Velur,95,MANOJKUMAR M,IND,338,,GEN,Central,0.17898276364214039
Paramathi-Velur,95,SELVARASU S,Anna Puratchi Thalaivar Amma Dravida Munnetra Kazhagam,334,,GEN,Central,0.1768646244274405
Paramathi-Velur,95,SEKAR C,IND,309,,GEN,Central,0.1636262543355662
Paramathi-Velur,95,RAMAN V,Bahujan Samaj Party,259,,GEN,Central,0.13714951415181761
Paramathi-Velur,95,SEKAR V,IND,249,,GEN,Central,0.1318541661150679
Paramathi-Velur,95,RAJA R,IND,232,,GEN,Central,0.1228520744525934
Paramathi-Velur,95,GOPALAN G,IND,231,,GEN,Central,0.12232253964891843
Paramathi-Velur,95,PARAMESHWARI S,IND,192,,GEN,Central,0.10167068230559452
Paramathi-Velur,95,SUDHARSAN K,IND,172,,GEN,Central,0.09107998623209511
Paramathi-Velur,95,PALANISAMY S,IND,169,,GEN,Central,0.08949138182107019
Paramathi-Velur,95,KANDASAMY S,IND,158,,GEN,Central,0.0836664989806455
Paramathi-Velur,95,VIJAY SURYABHALAAJI K R,All India Puratchi Thalaivar Makkal Munnettra Kazhagam,137,,GEN,Central,0.0725462681034711
Paramathi-Velur,95,BAKKIAM P,Anaithinthiya Anna Dravida Makkal Seyal katchi,116,,GEN,Central,0.0614260372262967
Paramathi-Velur,95,PRATHAP K,IND,112,,GEN,Central,0.05930789801159681
Paramathi-Velur,95,THANGARASU M,IND,100,,GEN,Central,0.052953480367497155
Paramathi-Velur,95,LATHA A,IND,90,,GEN,Central,0.04765813233074744
Paramathi-Velur,95,KARTHIK R,IND,83,,GEN,Central,0.04395138870502264
Paramathi-Velur,95,SURESH R,IND,82,,GEN,Central,0.043421853901347666
Paramathi-Velur,95,RAMASAMY N,IND,71,,GEN,Central,0.03759697106092298
Paramathi-Velur,95,MURTHI,IND,53,,GEN,Central,0.02806534459477349
Paramathi-Velur,95,RAMESH R,IND,53,,GEN,Central,0.02806534459477349
Paramathi-Velur,95,VIJAYAKUMAR A,IND,53,,GEN,Central,0.02806534459477349
Paramathi-Velur,95,BALAJI R,IND,52,,GEN,Central,0.02753580979109852
Paramathi-Velur,95,RANJITH K,IND,50,,GEN,Central,0.026476740183748577
Paramathi-Velur,95,RAMESH P,IND,37,,GEN,Central,0.01959278773597395
Paramathi-Velur,95,MOORTHI M,IND,36,,GEN,Central,0.019063252932298973
Tiruchengodu,96,ARUNRAJ K G,TVK,79500,,GEN,Central,41.59646717803288
Tiruchengodu,96,SRMT SEKAR (A) CHANDRASEKAR R,AIADMK,51328,,GEN,Central,26.856144242944296
Tiruchengodu,96,ESWARAN E R,DMK,49465,,GEN,Central,25.881374200772285
Tiruchengodu,96,REVATHI K,NTK,6085,,GEN,Central,3.1838302236267935
Tiruchengodu,96,SARAVANASUNDARAM S,IND,1190,,GEN,Central,0.6226389426648947
Tiruchengodu,96,NOTA,NOTA,520,,GEN,Central,0.2720775211644918
Tiruchengodu,96,DEEPAKRAJAN V,IND,497,,GEN,Central,0.2600433231129854
Tiruchengodu,96,SHARAVANAN A K,Tamizhaga Vaazhvurimai Katchi,354,,GEN,Central,0.18522200479275017
Tiruchengodu,96,PALANISAMY K,IND,324,,GEN,Central,0.16952522472556797
Tiruchengodu,96,RAMESH S,IND,298,,GEN,Central,0.1559213486673434
Tiruchengodu,96,CHINNATHAMBI K,Republican Party of India (Athawale),296,,GEN,Central,0.15487489666286455
Tiruchengodu,96,SATHEESKUMAR P,IND,251,,GEN,Central,0.13132972656209124
Tiruchengodu,96,DHINESH KARIKALAN,IND,247,,GEN,Central,0.1292368225531336
Tiruchengodu,96,BALAJI CHEZHIAN P,IND,189,,GEN,Central,0.09888971442324798
Tiruchengodu,96,RAJAKUMAR P,IND,96,,GEN,Central,0.0502296962149831
Tiruchengodu,96,ESWARAN M,IND,93,,GEN,Central,0.04866001820826488
Tiruchengodu,96,DHANAPAL SUBRAMANIYAM,Anaithinthiya Anna Dravida Makkal Seyal katchi,91,,GEN,Central,0.04761356620378607
Tiruchengodu,96,VISWANATHAN P,IND,53,,GEN,Central,0.027730978118688583
Tiruchengodu,96,THIRUKKUMARAN P,Makkal Munnetra Katchi,52,,GEN,Central,0.02720775211644918
Tiruchengodu,96,ARULPRAKASAM S,IND,49,,GEN,Central,0.025638074109730957
Tiruchengodu,96,MAHESHKUMAR N,IND,45,,GEN,Central,0.023545170100773328
Tiruchengodu,96,MUNUSAMY A T,Samaniya Makkal Nala Katchi,38,,GEN,Central,0.019882588085097477
Tiruchengodu,96,REVANTH S N,IND,37,,GEN,Central,0.01935936208285807
Tiruchengodu,96,ARJUNAN L K,IND,24,,GEN,Central,0.012557424053745775
Kumarapalayam,97,C.VIJAYALAKSHMI,TVK,81179,,GEN,Central,39.537024410200466
Kumarapalayam,97,P.THANGAMANI,AIADMK,73483,,GEN,Central,35.78880208840662
Kumarapalayam,97,S.BALU,DMK,39993,,GEN,Central,19.47799575305371
Kumarapalayam,97,UVARANI SURESH,NTK,7663,,GEN,Central,3.7321501626697318
Kumarapalayam,97,NOTA,NOTA,665,,GEN,Central,0.3238783581071867
Kumarapalayam,97,SELVARAJ,IND,437,,GEN,Central,0.21283434961329412
Kumarapalayam,97,K. PALANIVEL,IND,326,,GEN,Central,0.15877345074126745
Kumarapalayam,97,PANNERSELVAM,Anaithinthiya Anna Dravida Makkal Seyal katchi,233,,GEN,Central,0.11347918411875864
Kumarapalayam,97,A.MURUGANANDHAN,IND,185,,GEN,Central,0.09010149812004442
Kumarapalayam,97,P.SENTHILKUMAR,IND,184,,GEN,Central,0.0896144629950712
Kumarapalayam,97,J KARTHI,Vishwa Tamil Kazhagam,142,,GEN,Central,0.06915898774619625
Kumarapalayam,97,AMIRTHALINGAM,IND,128,,GEN,Central,0.06234049599657127
Kumarapalayam,97,KARTHI,IND,120,,GEN,Central,0.058444214996785565
Kumarapalayam,97,R.KUMARESAN,IND,97,,GEN,Central,0.04724240712240167
Kumarapalayam,97,S JAYAVEL,IND,75,,GEN,Central,0.03652763437299098
Kumarapalayam,97,G. SAMUELRAJ,IND,72,,GEN,Central,0.03506652899807134
Kumarapalayam,97,PALANISAMY,Samaniya Makkal Nala Katchi,71,,GEN,Central,0.034579493873098124
Kumarapalayam,97,SIVARAJ,IND,68,,GEN,Central,0.03311838849817849
Kumarapalayam,97,R.RAJA,IND,65,,GEN,Central,0.03165728312325885
Kumarapalayam,97,SARAVANAN,IND,56,,GEN,Central,0.027273966998499932
Kumarapalayam,97,GOPALAKRISHNAN,IND,52,,GEN,Central,0.025325826498607082
Kumarapalayam,97,VENKATACHALAM,IND,30,,GEN,Central,0.014611053749196391
Erode (East),98,M.VIJAY BALAJI,TVK,69747,,GEN,Kongu,42.93364850141272
Erode (East),98,GOPINATH PALANIYAPPAN,INC,45781,,GEN,Kongu,28.18107391060799
Erode (East),98,R.MANOHARAN,AIADMK,38183,,GEN,Kongu,23.504028857577268
Erode (East),98,S.THANDAVAMOORTHY,NTK,4987,,GEN,Kongu,3.0698109607086357
Erode (East),98,NOTA,NOTA,879,,GEN,Kongu,0.5410795737844176
Erode (East),98,J.MUTHU BAVA,IND,858,,GEN,Kongu,0.5281527580284759
Erode (East),98,H.MOHAMED GAIPEER,IND,321,,GEN,Kongu,0.19759561226939484
Erode (East),98,B.CHITRA,Bahujan Samaj Party,256,,GEN,Kongu,0.15758403969148
Erode (East),98,M.KAMAL KUMAR,Vishwa Tamil Kazhagam,227,,GEN,Kongu,0.13973272269517953
Erode (East),98,R.VAIRAM,IND,196,,GEN,Kongu,0.12065028038878936
Erode (East),98,K.MANIKANNAN,Samaniya Makkal Nala Katchi,173,,GEN,Kongu,0.10649233932275795
Erode (East),98,NATHIYA.S,IND,136,,GEN,Kongu,0.08371652108609876
Erode (East),98,C.THIYAGARAJAN,IND,132,,GEN,Kongu,0.08125427046591938
Erode (East),98,M.DHARANI KUMAR,IND,96,,GEN,Kongu,0.059094014884305
Erode (East),98,A.MANIKANDAN,Tamizhaga Vaazhvurimai Katchi,86,,GEN,Kongu,0.05293838833385656
Erode (East),98,K.DHAVASIAPPAN,Tamilaga Makkal Nala Katchi,80,,GEN,Kongu,0.049245012403587494
Erode (East),98,R.DHANDAPANI,Veerath Thiyagi Viswanathadoss Thozhilalarkal Katchi,76,,GEN,Kongu,0.04678276178340812
Erode (East),98,S.LAKSHMANATHAN,IND,67,,GEN,Kongu,0.04124269788800453
Erode (East),98,M.V.KARTHY,IND,66,,GEN,Kongu,0.04062713523295969
Erode (East),98,SHANMUGAM.P,IND,55,,GEN,Kongu,0.03385594602746641
Erode (East),98,M.MURUGESAN,IND,51,,GEN,Kongu,0.03139369540728703
Erode (West),99,ANANTH MOGHAN K.K.,TVK,96836,,GEN,Kongu,43.73803071364047
Erode (West),99,S. MUTHUSAMY,DMK,74586,,GEN,Kongu,33.68834688346883
Erode (West),99,M. YUVARAJA,BJP,38185,,GEN,Kongu,17.24706413730804
Erode (West),99,N. VIJAY,NTK,8124,,GEN,Kongu,3.6693766937669374
Erode (West),99,NOTA,NOTA,1257,,GEN,Kongu,0.5677506775067751
Erode (West),99,V . PALANI,Bahujan Samaj Party,516,,GEN,Kongu,0.23306233062330622
Erode (West),99,K. KALAIYARASAN,Party for the Rights of Other backward Classes,439,,GEN,Kongu,0.19828364950316169
Erode (West),99,C. RAJENDRAN,IND,332,,GEN,Kongu,0.14995483288166217
Erode (West),99,SHANMUGAM M.,IND,235,,GEN,Kongu,0.1061427280939476
Erode (West),99,A. RAMU,IND,227,,GEN,Kongu,0.1025293586269196
Erode (West),99,MOORTHI P.,IND,205,,GEN,Kongu,0.0925925925925926
Erode (West),99,M. NATARAJ,Vishwa Tamil Kazhagam,177,,GEN,Kongu,0.07994579945799458
Erode (West),99,V. DHANALAKSHMI,Tamizhaga Vaazhvurimai Katchi,163,,GEN,Kongu,0.07362240289069558
Erode (West),99,M. RUKMANI,Samaniya Makkal Nala Katchi,118,,GEN,Kongu,0.053297199638663056
Modakkurichi,100,D.SHANMUGAN,TVK,60715,,GEN,Kongu,31.82811820150032
Modakkurichi,100,S.KIRTHIKA,BJP,58285,,GEN,Kongu,30.554259563113668
Modakkurichi,100,S.SENTHILNATHAN,DMK,58236,,GEN,Kongu,30.528572701681178
Modakkurichi,100,M.ARUNKUMAR,NTK,6723,,GEN,Kongu,3.524342232869747
Modakkurichi,100,R.KARTHIKEYAN,Tamizhaga Vaazhvurimai Katchi,2239,,GEN,Kongu,1.1737323009661405
Modakkurichi,100,NOTA,NOTA,925,,GEN,Kongu,0.4849050372459491
Modakkurichi,100,R.VELUSAMY,IND,918,,GEN,Kongu,0.4812354856127365
Modakkurichi,100,K.MUNIYAPPAN,Bahujan Samaj Party,651,,GEN,Kongu,0.34126830188877066
Modakkurichi,100,L.BHARATHI,IND,585,,GEN,Kongu,0.30666967220419483
Modakkurichi,100,A.DURAISAMY,IND,303,,GEN,Kongu,0.1588391635519163
Modakkurichi,100,K.DHANABAL,IND,284,,GEN,Kongu,0.14887895197605355
Modakkurichi,100,A.KATHIRVEL,IND,245,,GEN,Kongu,0.12843430716244056
Modakkurichi,100,R.NATARAJAN,IND,227,,GEN,Kongu,0.11899831724846534
Modakkurichi,100,M.RAVIKUMAR,Ganasangam Party of India,223,,GEN,Kongu,0.11690143060091528
Modakkurichi,100,M.RAMESH,Namathu Kongu Munnetra Kalagam,200,,GEN,Kongu,0.1048443323775025
Dharapuram,101,SATHYABAMA.P,AIADMK,81100,,SC,Kongu,40.561357180010404
Dharapuram,101,INDIRANI.T,DMK,64373,,SC,Kongu,32.19551474412835
Dharapuram,101,GOWRI CHITRA,TVK,46438,,SC,Kongu,23.225503140879447
Dharapuram,101,DHIVYA,NTK,6026,,SC,Kongu,3.01384387628536
Dharapuram,101,NOTA,NOTA,1058,,SC,Kongu,0.5291481614852158
Dharapuram,101,ROHINI.S,IND,357,,SC,Kongu,0.17854999399831953
Dharapuram,101,MOHANRAJ.M,IND,174,,SC,Kongu,0.08702436682271036
Dharapuram,101,ANANTHI.S,IND,151,,SC,Kongu,0.07552114592085783
Dharapuram,101,INDHIRANI.C,IND,142,,SC,Kongu,0.07101988556795903
Dharapuram,101,GOWRI.P,IND,125,,SC,Kongu,0.06251750490137238
Kangayam,102,NSN NATARAJ,AIADMK,71122,,GEN,Kongu,34.943547515402834
Kangayam,102,MANI GOUNDER,TVK,62989,,GEN,Kongu,30.94765493725864
Kangayam,102,M.P.SAMINATHAN,DMK,59230,,GEN,Kongu,29.100789057356515
Kangayam,102,KARMEGAN.M,NTK,7068,,GEN,Kongu,3.4726384780921125
Kangayam,102,NOTA,NOTA,706,,GEN,Kongu,0.3468707930861674
Kangayam,102,P.THIRUGNANASAMBANTHAM,Party for the Rights of Other backward Classes,499,,GEN,Kongu,0.2451678834985801
Kangayam,102,P.PARTHIBAN,IND,312,,GEN,Kongu,0.15329134198708816
Kangayam,102,R. IMMANUVEL,IND,282,,GEN,Kongu,0.13855178987294506
Kangayam,102,P.MANI,IND,274,,GEN,Kongu,0.13462124264250688
Kangayam,102,B.RAJENDRAN,IND,265,,GEN,Kongu,0.13019937700826398
Kangayam,102,PALANISAMY,IND,203,,GEN,Kongu,0.09973763597236826
Kangayam,102,R.VIJAYALAKSHMI,Ganasangam Party of India,176,,GEN,Kongu,0.08647203906963948
Kangayam,102,KARTHIKEYAN,IND,164,,GEN,Kongu,0.08057621822398223
Kangayam,102,GOWTHAM,IND,98,,GEN,Kongu,0.048149203572867436
Kangayam,102,T.NATARAJ,IND,78,,GEN,Kongu,0.03832283549677204
Kangayam,102,K.ARUMUGAM,IND,68,,GEN,Kongu,0.03340965145872434
Perundurai,103,JAYAKUMAR. S,AIADMK,70302,,GEN,Kongu,35.03084420437898
Perundurai,103,THOPPU VENKATACHALAM (ALIAS) N.D. VENKATACHALAM,DMK,60609,,GEN,Kongu,30.200910875696362
Perundurai,103,ARUNACHALAM. V. P,TVK,59483,,GEN,Kongu,29.63983536469908
Perundurai,103,INGUR. C. LOGANATHAN,NTK,6468,,GEN,Kongu,3.2229452976291317
Perundurai,103,VENKATACHALAM. C,IND,878,,GEN,Kongu,0.43749937713642206
Perundurai,103,NOTA,NOTA,812,,GEN,Kongu,0.40461218022183915
Perundurai,103,ESWARAN. P,Bahujan Samaj Party,565,,GEN,Kongu,0.281534337223324
Perundurai,103,GEORGE STEPHEN. A,IND,345,,GEN,Kongu,0.1719103475080474
Perundurai,103,JAYAPRAKASH. K,IND,289,,GEN,Kongu,0.14400605921688608
Perundurai,103,SHANTHOSH KRISHNAN. S,Tamizhaga Vaazhvurimai Katchi,271,,GEN,Kongu,0.13503682369472708
Perundurai,103,SANTHOSH. S,IND,259,,GEN,Kongu,0.1290573333466211
Perundurai,103,PALANISAMY. M,IND,174,,GEN,Kongu,0.08670261004753695
Perundurai,103,SELVARAJU. M,IND,154,,GEN,Kongu,0.07673679280069362
Perundurai,103,VALARMATHI. P,Samaniya Makkal Nala Katchi,77,,GEN,Kongu,0.03836839640034681
Bhavani,104,KARUPPANAN. K.C,AIADMK,75577,,GEN,Kongu,36.27875942646755
Bhavani,104,BALAKRISHNAN,TVK,68181,,GEN,Kongu,32.72850333376536
Bhavani,104,CHANDRASEKAR. K.A,DMK,54087,,GEN,Kongu,25.96304776716925
Bhavani,104,MOHANADEVI. R,NTK,6195,,GEN,Kongu,2.9737474978758947
Bhavani,104,NOTA,NOTA,1409,,GEN,Kongu,0.676353547135938
Bhavani,104,MANIKKAM. P,IND,526,,GEN,Kongu,0.252492523629172
Bhavani,104,SEKAR. K,Bahujan Samaj Party,456,,GEN,Kongu,0.2188908569865065
Bhavani,104,ARUMUGAM. P.V,IND,382,,GEN,Kongu,0.18336909510711732
Bhavani,104,PALANISAMY. P.K,Tamizhaga Vaazhvurimai Katchi,354,,GEN,Kongu,0.16992842845005113
Bhavani,104,KANNAN. M,IND,331,,GEN,Kongu,0.1588878808388896
Bhavani,104,VIMALRAJ. R,Makkal Munnetra Katchi,253,,GEN,Kongu,0.12144602372277664
Bhavani,104,PERUMAL. V.M,IND,210,,GEN,Kongu,0.10080499992799644
Bhavani,104,BOOPATHI RAJARAJA CHOZHAN. M,IND,134,,GEN,Kongu,0.06432319043024534
Bhavani,104,KARTHIKEYAN. P,IND,127,,GEN,Kongu,0.06096302376597879
Bhavani,104,PARASAKTHI. P,Samaniya Makkal Nala Katchi,101,,GEN,Kongu,0.04848240472727447
Anthiyur,105,HARIBASKAR.P,AIADMK,60042,,GEN,Kongu,32.31974162293096
Anthiyur,105,SIVABALAN.M,DMK,58782,,GEN,Kongu,31.64150181671377
Anthiyur,105,VIJAY VENKATESH.M,TVK,56372,,GEN,Kongu,30.344233615933252
Anthiyur,105,AALANGATTUR ANANDHI,NTK,5287,,GEN,Kongu,2.845915758309783
Anthiyur,105,VEERAN.K,IND,990,,GEN,Kongu,0.5329027048849415
Anthiyur,105,DHANABAL.C,IND,782,,GEN,Kongu,0.42093930830305476
Anthiyur,105,NOTA,NOTA,754,,GEN,Kongu,0.4058673126093392
Anthiyur,105,RAMASAMY.S,Samaniya Makkal Nala Katchi,611,,GEN,Kongu,0.3288924774592921
Anthiyur,105,GOBAL.S.C.R,Aanaithinthiya Jananayaka Pathukappu Kazhagam,432,,GEN,Kongu,0.2325393621316108
Anthiyur,105,EASWARAMURTHI.K,Tamizhaga Vaazhvurimai Katchi,390,,GEN,Kongu,0.20993136859103756
Anthiyur,105,KAVIBHARATHI.K,Bahujan Samaj Party,380,,GEN,Kongu,0.20454851298613913
Anthiyur,105,SANKARKUMAR.K.A,IND,330,,GEN,Kongu,0.17763423496164715
Anthiyur,105,SHEIK DAVOOD.A.M,IND,250,,GEN,Kongu,0.13457139012245997
Anthiyur,105,KARTHI.M,IND,197,,GEN,Kongu,0.10604225541649846
Anthiyur,105,SELVI.A,IND,176,,GEN,Kongu,0.09473825864621181
Gobichettipalayam,106,SENGOTTAIYAN.K.A,TVK,82612,,GEN,Kongu,37.59756425018318
Gobichettipalayam,106,NALLASIVAM.N,DMK,65992,,GEN,Kongu,30.03363264414478
Gobichettipalayam,106,PRABHU.V.B,AIADMK,56232,,GEN,Kongu,25.5917570439682
Gobichettipalayam,106,SEETHALAKSHMI.M.K,NTK,8137,,GEN,Kongu,3.7032317375652513
Gobichettipalayam,106,THIRUVENGATESH.M,Tamizhaga Vaazhvurimai Katchi,1746,,GEN,Kongu,0.7946224178184749
Gobichettipalayam,106,NOTA,NOTA,907,,GEN,Kongu,0.4127849558770656
Gobichettipalayam,106,RAVIKUMAR.R,Bahujan Samaj Party,760,,GEN,Kongu,0.3458837557514552
Gobichettipalayam,106,PALANISAMYRAAJ.M,IND,539,,GEN,Kongu,0.24530440046057153
Gobichettipalayam,106,BHUVANESHWARI.A,IND,499,,GEN,Kongu,0.22709999226312652
Gobichettipalayam,106,VENKATACHALAM,IND,470,,GEN,Kongu,0.2139017963199789
Gobichettipalayam,106,DHANAPAL.K,IND,349,,GEN,Kongu,0.15883346152270772
Gobichettipalayam,106,SUMATHI.G,IND,332,,GEN,Kongu,0.15109658803879358
Gobichettipalayam,106,SELVAKUMAR.R,IND,292,,GEN,Kongu,0.13289217984134857
Gobichettipalayam,106,MALARVIZHI,Party for the Rights of Other backward Classes,197,,GEN,Kongu,0.08965671037241668
Gobichettipalayam,106,ANANDHAKUMAR.M,IND,161,,GEN,Kongu,0.07327274299471617
Gobichettipalayam,106,RAMESH.P,IND,149,,GEN,Kongu,0.06781142053548267
Gobichettipalayam,106,SEETHA.R,IND,139,,GEN,Kongu,0.06326031848612142
Gobichettipalayam,106,SAKTHIVEL.G,IND,114,,GEN,Kongu,0.051882563362718286
Gobichettipalayam,106,SHANMUGAM.G,IND,100,,GEN,Kongu,0.04551102049361253
Bhavanisagar,107,V.P.TAMILSELVI,TVK,72391,,SC,Kongu,33.73377758102472
Bhavanisagar,107,A.BANNARI,AIADMK,67822,,SC,Kongu,31.604650620937115
Bhavanisagar,107,P.L.SUNDARAM,CPI,63107,,SC,Kongu,29.407488524895737
Bhavanisagar,107,S.SOUNDARYA,NTK,5832,,SC,Kongu,2.7176774854959342
Bhavanisagar,107,NOTA,NOTA,1804,,SC,Kongu,0.8406533237027889
Bhavanisagar,107,B.PALANISWAMY,Bahujan Samaj Party,1029,,SC,Kongu,0.4795079102495398
Bhavanisagar,107,DR.HANUMAIAH.C,IND,556,,SC,Kongu,0.25909270952258906
Bhavanisagar,107,RAMAKRISHNAN,IND,543,,SC,Kongu,0.253034786458212
Bhavanisagar,107,C.PALANICHAMY,IND,481,,SC,Kongu,0.22414315338195206
Bhavanisagar,107,S.PALANISWAMY,IND,333,,SC,Kongu,0.15517602926442836
Bhavanisagar,107,RAKKI,All India Puratchi Thalaivar Makkal Munnettra Kazhagam,327,,SC,Kongu,0.1523800647731774
Bhavanisagar,107,GOPALAN.M,IND,193,,SC,Kongu,0.08993685780190591
Bhavanisagar,107,A.AMRISH,IND,177,,SC,Kongu,0.08248095249190335
Udhagamandalam,108,BHOJARAJAN.M,BJP,48488,,GEN,Kongu,32.60705831719389
Udhagamandalam,108,IBRAHIM.R,TVK,47512,,GEN,Kongu,31.950720895201208
Udhagamandalam,108,RAMACHANDRAN.B,INC,45658,,GEN,Kongu,30.703948784161827
Udhagamandalam,108,RAGUPATHY.B,NTK,4641,,GEN,Kongu,3.1209651387992254
Udhagamandalam,108,NOTA,NOTA,1525,,GEN,Kongu,1.0255272218635678
Udhagamandalam,108,MANIAN.R,IND,462,,GEN,Kongu,0.3106843124596514
Udhagamandalam,108,SAVEETHA.R,Tamizhaga Vaazhvurimai Katchi,418,,GEN,Kongu,0.281095330320637
Gudalur,109,DHRAVIDAMANI.M,DMK,65590,,SC,Kongu,43.36786982365893
Gudalur,109,PON.JAYASEELAN,AIADMK,42757,,SC,Kongu,28.270773136913935
Gudalur,109,DEEPAK SAI KISHORE.A,TVK,34962,,SC,Kongu,23.116747442823044
Gudalur,109,KARTHIK.R,NTK,6199,,SC,Kongu,4.098756289630457
Gudalur,109,NOTA,NOTA,871,,SC,Kongu,0.575902037146012
Gudalur,109,THILAGARAJ.N,IND,443,,SC,Kongu,0.29290999133832757
Gudalur,109,RAJ.S.K,Veerath Thiyagi Viswanathadoss Thozhilalarkal Katchi,419,,SC,Kongu,0.27704127848929855
Coonoor,110,M. RAJU,DMK,50470,,GEN,Kongu,35.694583928596685
Coonoor,110,A. RAMU,AIADMK,42371,,GEN,Kongu,29.9666181026069
Coonoor,110,C. THANGARAJU,TVK,42225,,GEN,Kongu,29.86336053863672
Coonoor,110,K. DEENU,NTK,4695,,GEN,Kongu,3.320508649589091
Coonoor,110,NOTA,NOTA,720,,GEN,Kongu,0.5092153839625444
Coonoor,110,C. DINESH KUMAR,IND,573,,GEN,Kongu,0.40525057640352485
Coonoor,110,D. VIDHYASAGAR,IND,340,,GEN,Kongu,0.24046282020453486
Mettuppalayam,111,SUNILANAND,TVK,75664,,GEN,Kongu,30.969347451487607
Mettuppalayam,111,SMT.KAVITHA KALYANASUNDARAM,DMK,67896,,GEN,Kongu,27.789897633831178
Mettuppalayam,111,O.K.CHINNARAJ,AIADMK,61736,,GEN,Kongu,25.268603751652552
Mettuppalayam,111,T.R.SHANMUGASUNDARAM,IND,26756,,GEN,Kongu,10.951256349281064
Mettuppalayam,111,S.GOPALAKRISHNAN,NTK,6508,,GEN,Kongu,2.6637306144835238
Mettuppalayam,111,NOTA,NOTA,839,,GEN,Kongu,0.3434035011603682
Mettuppalayam,111,V.SENTHIL KUMAR,IND,612,,GEN,Kongu,0.2504921843982662
Mettuppalayam,111,V.ANANDKUMAR,IND,596,,GEN,Kongu,0.24394336911988018
Mettuppalayam,111,R.CHINNARAJ,IND,586,,GEN,Kongu,0.23985035957088888
Mettuppalayam,111,S.ABDUL RAHIMAN,Veerath Thiyagi Viswanathadoss Thozhilalarkal Katchi,458,,GEN,Kongu,0.18745983734380053
Mettuppalayam,111,"SIVARAJ,R.",Anna Puratchi Thalaivar Amma Dravida Munnetra Kazhagam,387,,GEN,Kongu,0.15839946954596246
Mettuppalayam,111,R.SANGEETHA,Naadaalum Makkal Katchi,356,,GEN,Kongu,0.1457111399440895
Mettuppalayam,111,"DHAMOTHARAN,V.",All India Puratchi Thalaivar Makkal Munnettra Kazhagam,296,,GEN,Kongu,0.12115308265014182
Mettuppalayam,111,S.KAVITHA,IND,263,,GEN,Kongu,0.10764615113847059
Mettuppalayam,111,N.SARAVANA KUMAR,IND,252,,GEN,Kongu,0.10314384063458021
Mettuppalayam,111,A.SATHIYALEELA,IND,238,,GEN,Kongu,0.09741362726599241
Mettuppalayam,111,C.MAHENDRAN,IND,190,,GEN,Kongu,0.07776718143083429
Mettuppalayam,111,C.NAGARAJ,Party for the Rights of Other backward Classes,161,,GEN,Kongu,0.06589745373875956
Mettuppalayam,111,M.PALANICHAMI,IND,120,,GEN,Kongu,0.04911611458789534
Mettuppalayam,111,T.AMIRTHALINGAM,IND,119,,GEN,Kongu,0.048706813632996206
Mettuppalayam,111,"RANGASAMY,P.",IND,99,,GEN,Kongu,0.04052079453501365
Mettuppalayam,111,MANOHARAN,IND,98,,GEN,Kongu,0.040111493580114524
Mettuppalayam,111,P.RAVICHANDRAN,IND,89,,GEN,Kongu,0.03642778498602237
Avanashi,112,KAMALI.S,TVK,84209,,SC,Kongu,36.35967184801382
Avanashi,112,DR. L. MURUGAN,BJP,68836,,SC,Kongu,29.721934369602764
Avanashi,112,DR. GOKILAMANI.V,DMK,65530,,SC,Kongu,28.29447322970639
Avanashi,112,MENAKA. V,NTK,7704,,SC,Kongu,3.3264248704663215
Avanashi,112,NOTA,NOTA,1563,,SC,Kongu,0.6748704663212435
Avanashi,112,GOKILAMANI. M,IND,652,,SC,Kongu,0.2815198618307427
Avanashi,112,GOVINDAN.P,Bahujan Samaj Party,585,,SC,Kongu,0.25259067357512954
Avanashi,112,DHANABAL.R,IND,546,,SC,Kongu,0.23575129533678754
Avanashi,112,ARUMUGAM.R,Ganasangam Party of India,501,,SC,Kongu,0.21632124352331605
Avanashi,112,MOORTHI.R,IND,313,,SC,Kongu,0.135146804835924
Avanashi,112,SUBRAMANI.C.K,IND,264,,SC,Kongu,0.11398963730569948
Avanashi,112,CHINNASAMY.V,Tamizhaga Vaazhvurimai Katchi,259,,SC,Kongu,0.11183074265975819
Avanashi,112,ANANDHI.S,IND,235,,SC,Kongu,0.10146804835924007
Avanashi,112,SATHIYARASU. R,IND,215,,SC,Kongu,0.09283246977547496
Avanashi,112,ARUMUGAM. P,IND,188,,SC,Kongu,0.08117443868739206
Tiruppur (North),113,V.SATHYABAMA,TVK,131401,,GEN,Kongu,49.8756912892806
Tiruppur (North),113,M.S.M.ANANDAN,AIADMK,61409,,GEN,Kongu,23.308927073488274
Tiruppur (North),113,M.RAVI ALIAS M.SUBRAMANIAN,CPI,53964,,GEN,Kongu,20.48303897789772
Tiruppur (North),113,R.ABINAYA,NTK,13157,,GEN,Kongu,4.993983837969764
Tiruppur (North),113,NOTA,NOTA,1078,,GEN,Kongu,0.4091749317725473
Tiruppur (North),113,L.JAMES REYNOLD,Bahujan Samaj Party,380,,GEN,Kongu,0.1442360612927347
Tiruppur (North),113,T.KRISHNASWAMY,Anna Puratchi Thalaivar Amma Dravida Munnetra Kazhagam,351,,GEN,Kongu,0.13322857240460492
Tiruppur (North),113,G.BALAKRISHNAN,IND,247,,GEN,Kongu,0.09375343984027754
Tiruppur (North),113,K.VENKADASWAMY,IND,218,,GEN,Kongu,0.08274595095214779
Tiruppur (North),113,PY.DHATCHINAMURTHY,Tamizhaga Vaazhvurimai Katchi,214,,GEN,Kongu,0.08122767662275059
Tiruppur (North),113,R.VISHNUMOORTHY,IND,198,,GEN,Kongu,0.07515457930516174
Tiruppur (North),113,P.RAVI,IND,196,,GEN,Kongu,0.07439544214046315
Tiruppur (North),113,K.ANAND,IND,193,,GEN,Kongu,0.07325673639341523
Tiruppur (North),113,M.RANGASAMY,IND,179,,GEN,Kongu,0.06794277624052501
Tiruppur (North),113,GANISHKAR,IND,172,,GEN,Kongu,0.06528579616407991
Tiruppur (North),113,S.ANANDHAKUMAR,IND,100,,GEN,Kongu,0.03795685823493018
Tiruppur (South),114,BALAMURUGAN. S,TVK,73793,,GEN,Kongu,41.03851757927636
Tiruppur (South),114,DINESHKUMAR. N,DMK,60892,,GEN,Kongu,33.863881566507615
Tiruppur (South),114,THANGARAJ. S,BJP,34617,,GEN,Kongu,19.251559945276785
Tiruppur (South),114,DINESH. P.N,NTK,6956,,GEN,Kongu,3.8684418343399294
Tiruppur (South),114,NOTA,NOTA,644,,GEN,Kongu,0.3581478639038117
Tiruppur (South),114,KALIMUTHU. K,All India Forward Bloc,626,,GEN,Kongu,0.3481375198816555
Tiruppur (South),114,DINESHKUMAR,IND,235,,GEN,Kongu,0.13069060251148407
Tiruppur (South),114,RANGASAMY. S,Bahujan Samaj Party,234,,GEN,Kongu,0.13013447228803096
Tiruppur (South),114,DINESHKUMAR,IND,203,,GEN,Kongu,0.11289443536098413
Tiruppur (South),114,KESAVAMURTHI. N,IND,194,,GEN,Kongu,0.10788926334990602
Tiruppur (South),114,MALARVIZHI. G,Indhu Dravida Makkal Katchi,170,,GEN,Kongu,0.09454213798703104
Tiruppur (South),114,MAHALINGAM. V,IND,167,,GEN,Kongu,0.09287374731667168
Tiruppur (South),114,VASANTHAMANI. K,IND,142,,GEN,Kongu,0.07897049173034358
Tiruppur (South),114,VENKATACHALAM. G,IND,139,,GEN,Kongu,0.0773021010599842
Tiruppur (South),114,DHANABAL. D,IND,132,,GEN,Kongu,0.07340918949581235
Tiruppur (South),114,DINESHKUMAR. V,IND,116,,GEN,Kongu,0.06451110592056236
Tiruppur (South),114,VIJAYAKUMAR. M,Anna Puratchi Thalaivar Amma Dravida Munnetra Kazhagam,81,,GEN,Kongu,0.04504654809970303
Tiruppur (South),114,JOHN BASHA. A,Tamizhaga Vaazhvurimai Katchi,76,,GEN,Kongu,0.042265896982437406
Tiruppur (South),114,RATHINAVEL. M,IND,72,,GEN,Kongu,0.04004137608862491
Tiruppur (South),114,AMUTHAVEL. P,IND,69,,GEN,Kongu,0.03837298541826554
Tiruppur (South),114,MOHAMED MUBARAK ALI,Ganasangam Party of India,60,,GEN,Kongu,0.033367813407187426
Tiruppur (South),114,VENKADASAMY. K,IND,60,,GEN,Kongu,0.033367813407187426
Tiruppur (South),114,DR. RAMAKRISHNAN. S,IND,50,,GEN,Kongu,0.02780651117265619
Tiruppur (South),114,KARTHIKADEVI. K,IND,45,,GEN,Kongu,0.02502586005539057
Tiruppur (South),114,RAMESH. S,IND,41,,GEN,Kongu,0.022801339161578074
Palladam,115,K.RAMKUMAR,TVK,121297,,GEN,Kongu,40.29613240580172
Palladam,115,K.P.PARAMASIVAM,AIADMK,83400,,GEN,Kongu,27.706352528453827
Palladam,115,K.SELVARAJ,DMK,78625,,GEN,Kongu,26.12004757253815
Palladam,115,K.V.THAMILINIYAN,NTK,13141,,GEN,Kongu,4.365577680772323
Palladam,115,NOTA,NOTA,1417,,GEN,Kongu,0.47074222461413756
Palladam,115,K.RATHINASAMY,Bahujan Samaj Party,578,,GEN,Kongu,0.19201764701973995
Palladam,115,V.MOHANRAJ,IND,407,,GEN,Kongu,0.13520965802255044
Palladam,115,A. RAMESH,IND,364,,GEN,Kongu,0.1209246081577601
Palladam,115,A.ANNADURAI,IND,346,,GEN,Kongu,0.11494481984226648
Palladam,115,S.DHARMARAJ,Tamilaga Makkal Nala Katchi,327,,GEN,Kongu,0.10863282106480097
Palladam,115,ANNADURAI.R,IND,285,,GEN,Kongu,0.09467998166198249
Palladam,115,S.ARUMUGAM,IND,274,,GEN,Kongu,0.09102566658029194
Palladam,115,K.SAKTHIVEL,Anna Puratchi Thalaivar Amma Dravida Munnetra Kazhagam,184,,GEN,Kongu,0.06112672500282379
Palladam,115,G.SELVARAJ,IND,163,,GEN,Kongu,0.05415030530141455
Palladam,115,M. SELVARAJ,IND,123,,GEN,Kongu,0.040861886822539814
Palladam,115,A.SARAVANAN,IND,83,,GEN,Kongu,0.02757346834366508
Sulur,116,NM.SUKUMAR,TVK,90531,,GEN,Kongu,33.09558974059018
Sulur,116,V.P.KANDASAMY,AIADMK,85741,,GEN,Kongu,31.34450033632615
Sulur,116,THALAPATHY MURUGESAN,DMK,83654,,GEN,Kongu,30.58155177960401
Sulur,116,DR.S.RAJASEKARAN,NTK,10147,,GEN,Kongu,3.70945807621443
Sulur,116,NOTA,NOTA,1353,,GEN,Kongu,0.4946187816219694
Sulur,116,MURUGESH.R.,IND,437,,GEN,Kongu,0.15975492059778318
Sulur,116,KANTHASAMY.K.,Anna Puratchi Thalaivar Amma Dravida Munnetra Kazhagam,283,,GEN,Kongu,0.10345684789284355
Sulur,116,KANDASAMY.R.,IND,271,,GEN,Kongu,0.09906998508466644
Sulur,116,PAPPA MUTHULAKSHMI.P.,All India Puratchi Thalaivar Makkal Munnettra Kazhagam,216,,GEN,Kongu,0.07896353054718802
Sulur,116,SUMAN SINGH.R.,Tamizhaga Vaazhvurimai Katchi,205,,GEN,Kongu,0.07494223963969233
Sulur,116,PALANISAMY.M.,Party for the Rights of Other backward Classes,156,,GEN,Kongu,0.05702921650630246
Sulur,116,MURUGESAN.N.,IND,139,,GEN,Kongu,0.050814494194718215
Sulur,116,NAGARAJ.K.,Ganasangam Party of India,137,,GEN,Kongu,0.05008335039335536
Sulur,116,KANDASAMY.A.,IND,109,,GEN,Kongu,0.03984733717427544
Sulur,116,KANDASAMY.V.,IND,90,,GEN,Kongu,0.03290147106132834
Sulur,116,NELSON.W.,Tamilaga Makkal Nala Katchi,75,,GEN,Kongu,0.02741789255110695
Kavundampalayam,117,KANIMOZHI SANTHOSH,TVK,146466,,GEN,Kongu,40.23890700594245
Kavundampalayam,117,ARUNKUMAR PRG,AIADMK,104326,,GEN,Kongu,28.66169767933823
Kavundampalayam,117,SURYA PRAKASH K.P,INC,90726,,GEN,Kongu,24.925341560642984
Kavundampalayam,117,KALAMANI JAGANATHAN,NTK,16834,,GEN,Kongu,4.624839625155567
Kavundampalayam,117,NOTA,NOTA,2116,,GEN,Kongu,0.5813330549381716
Kavundampalayam,117,KANIMOZHI.K,IND,567,,GEN,Kongu,0.15577308230148548
Kavundampalayam,117,K.VELMURUGAN,Bahujan Samaj Party,524,,GEN,Kongu,0.1439596033967873
Kavundampalayam,117,THOZHAR.N.ARUNKUMAR,Tamizhaga Vaazhvurimai Katchi,424,,GEN,Kongu,0.1164863966416752
Kavundampalayam,117,S.THAMARAI KANNAN,Party for the Rights of Other backward Classes,356,,GEN,Kongu,0.09780461604819898
Kavundampalayam,117,A.BALAMURUGAN,IND,340,,GEN,Kongu,0.09340890296738107
Kavundampalayam,117,M.RAJALINGAM,IND,338,,GEN,Kongu,0.09285943883227882
Kavundampalayam,117,MALLIGA.M,All India Puratchi Thalaivar Makkal Munnettra Kazhagam,314,,GEN,Kongu,0.08626586921105192
Kavundampalayam,117,M.JOHN BOSCO,IND,306,,GEN,Kongu,0.08406801267064296
Kavundampalayam,117,SURIYAKUMAR.K,IND,235,,GEN,Kongu,0.06456203587451338
Kavundampalayam,117,V.PUSHPANANTHAM,Tamizhaga Murpokku Makkal Katchi,119,,GEN,Kongu,0.032693116038583374
Coimbatore (North),118,V. SAMPATHKUMAR,TVK,92500,,GEN,Kongu,40.909472864857214
Coimbatore (North),118,DURAI. SENTHAMIL SELVAN B.E,DMK,70508,,GEN,Kongu,31.183190408165974
Coimbatore (North),118,VANATHI SRINIVASAN,BJP,49722,,GEN,Kongu,21.990279024718166
Coimbatore (North),118,NARMADHA. G.,NTK,9036,,GEN,Kongu,3.99630266818216
Coimbatore (North),118,NOTA,NOTA,1020,,GEN,Kongu,0.45110986294220934
Coimbatore (North),118,P. KRISHNASAMY,Bahujan Samaj Party,383,,GEN,Kongu,0.16938733088908445
Coimbatore (North),118,A.K. SENTHAMIZH SELVAN,IND,351,,GEN,Kongu,0.15523486460070143
Coimbatore (North),118,K. UDHAYAKUMAR,Thamizhaka Padaippalar Makkal Katchi,327,,GEN,Kongu,0.14462051488441416
Coimbatore (North),118,R. SAMPATH KUMAR,IND,310,,GEN,Kongu,0.13710201716871068
Coimbatore (North),118,BALU. P.M.,IND,276,,GEN,Kongu,0.12206502173730369
Coimbatore (North),118,PALANIKUMAR. V.,IND,152,,GEN,Kongu,0.06722421486981943
Coimbatore (North),118,S. SAMPATHKUMAR,IND,134,,GEN,Kongu,0.05926345258260397
Coimbatore (North),118,S. SENTHILKUMAR,Samaniya Makkal Nala Katchi,121,,GEN,Kongu,0.053514013152948355
Coimbatore (North),118,P. SARAVANAN,IND,121,,GEN,Kongu,0.053514013152948355
Coimbatore (North),118,V. KRISHNAN,IND,118,,GEN,Kongu,0.05218721943841245
Coimbatore (North),118,K. RAGHUL GANDHI,All India Puratchi Thalaivar Makkal Munnettra Kazhagam,112,,GEN,Kongu,0.04953363200934063
Coimbatore (North),118,G.D. KRISHNAKUMAR,IND,104,,GEN,Kongu,0.04599551543724487
Coimbatore (North),118,RAJASEKARAN. B.,Tamizhaga Vaazhvurimai Katchi,96,,GEN,Kongu,0.04245739886514911
Coimbatore (North),118,RAVI. V,IND,95,,GEN,Kongu,0.042015134293637145
Coimbatore (North),118,R. MANIAN,IND,89,,GEN,Kongu,0.03936154686456532
Coimbatore (North),118,S. DHANA RAJ,IND,87,,GEN,Kongu,0.038477017721541384
Coimbatore (North),118,S. MEENAKSHI SUNDARAM,Tamizhaga Murpokku Makkal Katchi,75,,GEN,Kongu,0.03316984286339775
Coimbatore (North),118,K. SAMPATH KUMAR,IND,71,,GEN,Kongu,0.03140078457734986
Coimbatore (North),118,V. LINGARAJA,IND,65,,GEN,Kongu,0.02874719714827804
Coimbatore (North),118,R. SETHURAGUNATHAN,IND,60,,GEN,Kongu,0.026535874290718194
Coimbatore (North),118,R. SATHISH KUMAR,IND,54,,GEN,Kongu,0.023882286861646375
Coimbatore (North),118,A. MARIMUTHU,IND,54,,GEN,Kongu,0.023882286861646375
Coimbatore (North),118,G. RAJKUMAR,IND,42,,GEN,Kongu,0.018575112003502738
Coimbatore (North),118,A. RAMESH,IND,26,,GEN,Kongu,0.011498878859311218
Thondamuthur,119,S.P.VELUMANI,AIADMK,93316,,GEN,Kongu,36.092191422128884
Thondamuthur,119,SATHISH RAJU (ALIAS) K.P.R. SATHISH,TVK,78591,,GEN,Kongu,30.396946033440468
Thondamuthur,119,N.R.KARTHIKEYAN,DMK,75917,,GEN,Kongu,29.36271267728748
Thondamuthur,119,RAJABU NISHA.Z,NTK,6976,,GEN,Kongu,2.698134589574897
Thondamuthur,119,NOTA,NOTA,1000,,GEN,Kongu,0.3867738803863098
Thondamuthur,119,RAFEEQ.A.M.,IND,317,,GEN,Kongu,0.1226073200824602
Thondamuthur,119,BALAMANI.V,IND,304,,GEN,Kongu,0.11757925963743816
Thondamuthur,119,NIRMALKUMAR.R,IND,258,,GEN,Kongu,0.09978766113966792
Thondamuthur,119,KARTHIKEYAN.R-POOLUVAPATTI,IND,241,,GEN,Kongu,0.09321250517310066
Thondamuthur,119,SHAJAHAN.S,Tamizhaga Vaazhvurimai Katchi,215,,GEN,Kongu,0.08315638428305659
Thondamuthur,119,DEEPA.G.S,IND,195,,GEN,Kongu,0.0754209066753304
Thondamuthur,119,SIVARAMAN.C,IND,185,,GEN,Kongu,0.0715531678714673
Thondamuthur,119,VIJAYA.K,IND,183,,GEN,Kongu,0.07077962011069469
Thondamuthur,119,MANOKARAN.K,IND,142,,GEN,Kongu,0.05492189101485599
Thondamuthur,119,KALAIVANI.S,IND,125,,GEN,Kongu,0.04834673504828872
Thondamuthur,119,KARTHIKEYAN.R-THONDAMUTHUR,IND,108,,GEN,Kongu,0.04177157908172145
Thondamuthur,119,ARULKUMAR.P,IND,104,,GEN,Kongu,0.040224483560176216
Thondamuthur,119,DEVADASS.K,IND,99,,GEN,Kongu,0.03829061415824466
Thondamuthur,119,KARTHIKEYAN.M,IND,90,,GEN,Kongu,0.03480964923476788
Thondamuthur,119,KOWSALYA.V,IND,77,,GEN,Kongu,0.02978158878974585
Thondamuthur,119,KARTHIKEYAN.R,IND,54,,GEN,Kongu,0.020885789540860726
Thondamuthur,119,VISWANATHAN.M,IND,52,,GEN,Kongu,0.020112241780088108
Coimbatore (South),120,V SENTHILBALAJI,DMK,59724,,GEN,Kongu,38.16254416961131
Coimbatore (South),120,V. SENTHILKUMAR,TVK,57453,,GEN,Kongu,36.7114166863686
Coimbatore (South),120,AMMAN K.ARJUNAN,AIADMK,31689,,GEN,Kongu,20.248691684930893
Coimbatore (South),120,PERARIVALAN. V,NTK,5062,,GEN,Kongu,3.234525460226583
Coimbatore (South),120,NOTA,NOTA,759,,GEN,Kongu,0.4849871245183675
Coimbatore (South),120,J. PRAVEENKUMAR,IND,170,,GEN,Kongu,0.10862689218461459
Coimbatore (South),120,GOKULA KRISHNAN.S,Tamizhaga Vaazhvurimai Katchi,158,,GEN,Kongu,0.10095911155981827
Coimbatore (South),120,M. SENTHILKUMAR,IND,158,,GEN,Kongu,0.10095911155981827
Coimbatore (South),120,B. DHANDAPANI,New Generation People's Party,157,,GEN,Kongu,0.10032012984108525
Coimbatore (South),120,P. PALANIVEL,IND,154,,GEN,Kongu,0.09840318468488617
Coimbatore (South),120,K. DINESH KUMAR,IND,117,,GEN,Kongu,0.07476086109176416
Coimbatore (South),120,B. YUVARAJ,IND,105,,GEN,Kongu,0.06709308046696784
Coimbatore (South),120,V. SENTHILKUMAR,IND,92,,GEN,Kongu,0.05878631812343849
Coimbatore (South),120,S. RANGARAJ,IND,67,,GEN,Kongu,0.042811775155112815
Coimbatore (South),120,IMTHIYAS,IND,65,,GEN,Kongu,0.04153381171764676
Coimbatore (South),120,V. VELMURUGAN,IND,48,,GEN,Kongu,0.0306711224991853
Coimbatore (South),120,VENKATACHALAM PARAMASIVAM,IND,43,,GEN,Kongu,0.02747621390552016
Coimbatore (South),120,T. MAGIZHAN,IND,40,,GEN,Kongu,0.02555926874932108
Coimbatore (South),120,K. RAJAPANDIAN,IND,40,,GEN,Kongu,0.02555926874932108
Coimbatore (South),120,L. HAKKIM,IND,38,,GEN,Kongu,0.024281305311855027
Coimbatore (South),120,J. SURIYAKUMAR,IND,37,,GEN,Kongu,0.023642323593122003
Coimbatore (South),120,G. MAHESHWARAN,Tamizhaga Murpokku Makkal Katchi,36,,GEN,Kongu,0.02300334187438897
Coimbatore (South),120,P. SANGARARAJ,IND,36,,GEN,Kongu,0.02300334187438897
Coimbatore (South),120,M. JOHN BOSCO,IND,33,,GEN,Kongu,0.021086396718189893
Coimbatore (South),120,D. VIGNESHWARAN,IND,32,,GEN,Kongu,0.020447414999456865
Coimbatore (South),120,K. VIJAYAN,IND,32,,GEN,Kongu,0.020447414999456865
Coimbatore (South),120,N. ABILAZAN,IND,31,,GEN,Kongu,0.019808433280723837
Coimbatore (South),120,P. MANOJ,IND,28,,GEN,Kongu,0.01789148812452476
Coimbatore (South),120,K.S. RAJAGOPAL,IND,27,,GEN,Kongu,0.01725250640579173
Coimbatore (South),120,GOPALAKRISHNAN,IND,24,,GEN,Kongu,0.01533556124959265
Coimbatore (South),120,P. KATHIRAVAN,IND,23,,GEN,Kongu,0.014696579530859623
Coimbatore (South),120,M. RAVICHANDRAN,IND,21,,GEN,Kongu,0.013418616093393567
Singanallur,121,K.S.SRI GIRI PRASATH,TVK,84163,,GEN,Kongu,38.07711970610723
Singanallur,121,V.SRINIDHI,INC,65024,,GEN,Kongu,29.418231666764694
Singanallur,121,K.R.JAYARAM,AIADMK,57783,,GEN,Kongu,26.14225025222478
Singanallur,121,NEHRUJI GUNASEKARAN,NTK,9203,,GEN,Kongu,4.163631674908272
Singanallur,121,NOTA,NOTA,1346,,GEN,Kongu,0.6089588432496504
Singanallur,121,SIVAJI PERUMAL,Bahujan Samaj Party,428,,GEN,Kongu,0.19363624436170165
Singanallur,121,N.R.APPATHURAI,All India Puratchi Thalaivar Makkal Munnettra Kazhagam,318,,GEN,Kongu,0.14386991987621758
Singanallur,121,THAHIR HUSSAIN,IND,278,,GEN,Kongu,0.12577307460876883
Singanallur,121,AKBAR ALI,IND,255,,GEN,Kongu,0.1153673885799858
Singanallur,121,MURUGAN.O,Ganasangam Party of India,228,,GEN,Kongu,0.10315201802445788
Singanallur,121,S.S.SUNDHARAM,Rashtriya Samaj Dal (R),201,,GEN,Kongu,0.09093664746892997
Singanallur,121,P.TAMILSELVI,IND,174,,GEN,Kongu,0.07872127691340207
Singanallur,121,JANANI.D,IND,168,,GEN,Kongu,0.07600675012328476
Singanallur,121,S.SATHEESH,IND,160,,GEN,Kongu,0.072387381069795
Singanallur,121,SARVESWARAN,Party for the Rights of Other backward Classes,151,,GEN,Kongu,0.06831559088461904
Singanallur,121,N.RAJASEKARAN,IND,130,,GEN,Kongu,0.05881474711920844
Singanallur,121,K.KUMAR BABU,IND,127,,GEN,Kongu,0.05745748372414979
Singanallur,121,UMA PARAMASIVAM,IND,115,,GEN,Kongu,0.05202843014391516
Singanallur,121,RAJKUMAR.M,IND,111,,GEN,Kongu,0.05021874561717029
Singanallur,121,SUBARAMANIAN.N,IND,102,,GEN,Kongu,0.04614695543199432
Singanallur,121,V.BALAMURUGAN,IND,91,,GEN,Kongu,0.04117032298344591
Singanallur,121,M.ASHOK KUMAR,IND,82,,GEN,Kongu,0.03709853279826994
Singanallur,121,VIJAYAKUMAR,IND,66,,GEN,Kongu,0.029859794691290444
Singanallur,121,DR.K.RAJKUMAR,IND,65,,GEN,Kongu,0.02940737355960422
Singanallur,121,VASANTHI,IND,59,,GEN,Kongu,0.02669284676948691
Singanallur,121,KARTHIK,IND,54,,GEN,Kongu,0.024430741111055816
Singanallur,121,R.MANIKANDABRABHU,IND,53,,GEN,Kongu,0.023978319979369597
Singanallur,121,AYOOB RIYAS,IND,50,,GEN,Kongu,0.02262105658431094
Singanallur,121,A.MOUNAKUMAR,IND,48,,GEN,Kongu,0.021716214320938503
Kinathukadavu,122,VIGNESH K,TVK,99950,,GEN,Kongu,37.306329945468185
Kinathukadavu,122,SABARI KARTHIKEYAN K.V.K.S,DMK,88240,,GEN,Kongu,32.935573330546404
Kinathukadavu,122,DAMODARAN S,AIADMK,67789,,GEN,Kongu,25.302239126296577
Kinathukadavu,122,BANUPRIYA M,NTK,9667,,GEN,Kongu,3.6082070193380784
Kinathukadavu,122,NOTA,NOTA,1717,,GEN,Kongu,0.6408701202238007
Kinathukadavu,122,MARIYAPPAN R,Ganasangam Party of India,554,,GEN,Kongu,0.20678045812695722
Pollachi,123,K. NITHYANANDHAN,DMK,62013,,GEN,Kongu,34.2242654363231
Pollachi,123,POLLACHI V. JAYARAMAN,AIADMK,57386,,GEN,Kongu,31.670677056888675
Pollachi,123,G. RAMANATHAN,TVK,53819,,GEN,Kongu,29.702090553875358
Pollachi,123,N. SENTHIL KUMAR,NTK,4866,,GEN,Kongu,2.685489745910506
Pollachi,123,NOTA,NOTA,849,,GEN,Kongu,0.4685533896995519
Pollachi,123,M. JAYARAM,IND,596,,GEN,Kongu,0.32892558334621075
Pollachi,123,C.M. ARUCHAMY,Bahujan Samaj Party,329,,GEN,Kongu,0.1815713371156096
Pollachi,123,S. JEYARAM,IND,323,,GEN,Kongu,0.17826000573964107
Pollachi,123,M. JAYARAMAN,IND,269,,GEN,Kongu,0.14845802335592398
Pollachi,123,M. JAYAPRATHAP,IND,227,,GEN,Kongu,0.125278703724144
Pollachi,123,V. KARTHIKEYAN,IND,192,,GEN,Kongu,0.10596260403099407
Pollachi,123,T. NITHYANANTHAM,IND,126,,GEN,Kongu,0.06953795889533985
Pollachi,123,K. NITHYANANDAN,IND,114,,GEN,Kongu,0.06291529614340273
Pollachi,123,P. NAGARAJ,IND,87,,GEN,Kongu,0.048014304951544184
Valparai,124,KUTTY (ALIAS) SUDHAKAR. A,DMK,54671,,SC,Kongu,36.342908044219605
Valparai,124,DR. SRIDHARAN. A,TVK,45300,,SC,Kongu,30.113473951512653
Valparai,124,LEKSHMANA SINGH. D,AIADMK,43728,,SC,Kongu,29.068476577301222
Valparai,124,UMADEVI. P,NTK,5256,,SC,Kongu,3.493960686294713
Valparai,124,NOTA,NOTA,675,,SC,Kongu,0.4487107045755197
Valparai,124,PERUMAL. K,IND,479,,SC,Kongu,0.3184184110987762
Valparai,124,LAKSHMI. N,IND,322,,SC,Kongu,0.21405162499750718
Udumalaipettai,125,JAYAKUMAR M.,DMK,68549,,GEN,Kongu,33.67260223504851
Udumalaipettai,125,RADHAKRISHNAN K.,AIADMK,65667,,GEN,Kongu,32.25690777354783
Udumalaipettai,125,SANKAR K.,TVK,59831,,GEN,Kongu,29.39015104998158
Udumalaipettai,125,RAM KUMAR M.,NTK,6702,,GEN,Kongu,3.292152769249662
Udumalaipettai,125,NOTA,NOTA,1149,,GEN,Kongu,0.564411150681567
Udumalaipettai,125,PADMENDRAPRAKASH A.,IND,470,,GEN,Kongu,0.23087314257644603
Udumalaipettai,125,MAHENDRAN A.,IND,322,,GEN,Kongu,0.15817266363748003
Udumalaipettai,125,UMAR ALI D.,IND,315,,GEN,Kongu,0.15473412747144785
Udumalaipettai,125,RAMASAMY S.,IND,227,,GEN,Kongu,0.11150681566990052
Udumalaipettai,125,KALIMUTHU S.,IND,135,,GEN,Kongu,0.06631462605919194
Udumalaipettai,125,GANESH S.,IND,124,,GEN,Kongu,0.06091121208399852
Udumalaipettai,125,ELSY C.,IND,84,,GEN,Kongu,0.0412624339923861
Madathukulam,126,R JAYARAMAKRISHNAN,DMK,70458,,GEN,Kongu,37.428087267395846
Madathukulam,126,C SHANMUGAVELU,AMMK,54490,,GEN,Kongu,28.945704890862633
Madathukulam,126,R THIRUMALAI,TVK,52684,,GEN,Kongu,27.98633724481936
Madathukulam,126,M RADHAMANI,NTK,6578,,GEN,Kongu,3.4943080706936023
Madathukulam,126,NOTA,NOTA,911,,GEN,Kongu,0.4839335135910417
Madathukulam,126,K VADIVAZHAGAN BALAJI,IND,664,,GEN,Kongu,0.35272431726064946
Madathukulam,126,AK SENTHILKUMAR,Puthiya Tamilagam,621,,GEN,Kongu,0.32988223045009535
Madathukulam,126,SP MAHENDRAN,IND,464,,GEN,Kongu,0.2464820530255141
Madathukulam,126,M SHANUGAVEL,IND,397,,GEN,Kongu,0.2108908945067437
Madathukulam,126,S SHANMUGAVEL,IND,301,,GEN,Kongu,0.15989460767387872
Madathukulam,126,P THANGARAJ,IND,263,,GEN,Kongu,0.13970857746920304
Madathukulam,126,M AHAMED ALI,IND,206,,GEN,Kongu,0.10942953216218944
Madathukulam,126,A SHANMUGAVEL,IND,120,,GEN,Kongu,0.06374535854108122
Madathukulam,126,K SHANMUGAVEL,IND,92,,GEN,Kongu,0.048871441548162274
Palani,127,RAVIMANOHARAN. K,AIADMK,66986,,GEN,South,32.109251793940146
Palani,127,DR. PRAVEEN KUMAR. M,TVK,66293,,GEN,South,31.777067285338344
Palani,127,PANDI. N,CPI(M),65534,,GEN,South,31.4132461568697
Palani,127,MURUGESWARI. B,NTK,6300,,GEN,South,3.01985916910732
Palani,127,NOTA,NOTA,750,,GEN,South,0.35950704394134764
Palani,127,NACHIMUTHU. S,Bahujan Samaj Party,585,,GEN,South,0.2804154942742511
Palani,127,JAYAKUMAR. T,IND,520,,GEN,South,0.2492582171326677
Palani,127,PRAVEENKUMAR. R,IND,283,,GEN,South,0.13565399124720184
Palani,127,RAMAMOORTHI. G,Rashtriya Samaj Dal (R),273,,GEN,South,0.13086056399465054
Palani,127,ASHOKKUMAR. G,IND,254,,GEN,South,0.12175305221480306
Palani,127,BALACHANDRAN. M,IND,214,,GEN,South,0.10257934320459786
Palani,127,MADHESWARI. R,IND,178,,GEN,South,0.08532300509541317
Palani,127,VAYKKALDURAI. K,Puthiya Tamilagam,151,,GEN,South,0.07238075151352466
Palani,127,THANNASIAPPAN. P,IND,136,,GEN,South,0.06519061063469771
Palani,127,THIRUMALAISAMY. B,IND,92,,GEN,South,0.044099530723471975
Palani,127,ANBARASU. R,IND,70,,GEN,South,0.033553990767859115
Oddanchatram,128,SAKKARAPANI. R,DMK,93099,,GEN,South,46.174562552077134
Oddanchatram,128,VIDIYAL S. SEKAR,BJP,49850,,GEN,South,24.724239177875653
Oddanchatram,128,MOHAN. S,TVK,49155,,GEN,South,24.379538150220213
Oddanchatram,128,RAGUPATHI. P,NTK,5454,,GEN,South,2.7050351148672775
Oddanchatram,128,NOTA,NOTA,1491,,GEN,South,0.7394952981787882
Oddanchatram,128,PRABAHARAN. M,IND,646,,GEN,South,0.32039836527397536
Oddanchatram,128,MURUGARAJ. P,Bahujan Samaj Party,516,,GEN,South,0.25592191405785025
Oddanchatram,128,ALAGIYANNAN. A,IND,301,,GEN,South,0.14928778320041264
Oddanchatram,128,NAGUL PRAKASH. A,IND,240,,GEN,South,0.11903344839900012
Oddanchatram,128,RAGHUNATH. K,IND,216,,GEN,South,0.1071301035591001
Oddanchatram,128,MANIKANNAN. A,IND,192,,GEN,South,0.0952267587192001
Oddanchatram,128,KUMARRATHINAM. M,IND,175,,GEN,South,0.08679522279093758
Oddanchatram,128,CHELLAMUTHU. K,IND,101,,GEN,South,0.050093242867912544
Oddanchatram,128,ANANTHRAJ. T,IND,99,,GEN,South,0.04910129746458755
Oddanchatram,128,ARUMUGAM. M,IND,89,,GEN,South,0.04414157044796254
Athoor,129,I. PERIASAMY,DMK,106240,,GEN,South,44.79241766905723
Athoor,129,N. KALAISELVI,TVK,83872,,GEN,South,35.36172491283102
Athoor,129,A. VISWANATHAN,AIADMK,32477,,GEN,South,13.69280260389657
Athoor,129,DR. A. SIMON JUSTIN,NTK,9946,,GEN,South,4.19338654119393
Athoor,129,NOTA,NOTA,812,,GEN,South,0.34235168625070095
Athoor,129,D. SANKAR,Naadaalum Makkal Katchi,720,,GEN,South,0.30356307155234563
Athoor,129,M.K. NAGENDRAN,Aanaithinthiya Jananayaka Pathukappu Kazhagam,576,,GEN,South,0.24285045724187654
Athoor,129,K. VISVANATHAN,IND,538,,GEN,South,0.2268290729099472
Athoor,129,S. KARTHIGAISELVAN,Bahujan Samaj Party,531,,GEN,South,0.22387776526985492
Athoor,129,P. MANIVEL,IND,353,,GEN,South,0.14883022813608057
Athoor,129,M. PERIYASAMY,IND,236,,GEN,South,0.09950122900882442
Athoor,129,K. JAYAPRAKASH,Puthiya Tamilagam,230,,GEN,South,0.0969715367458882
Athoor,129,K. KATHIRESAN,IND,200,,GEN,South,0.08432307543120712
Athoor,129,S. BALA MURUGAN,Tamizhaga Vaazhvurimai Katchi,183,,GEN,South,0.07715561401955452
Athoor,129,D. NAGARAJ,IND,155,,GEN,South,0.06535038345918552
Athoor,129,K. VELMURUGAN,IND,114,,GEN,South,0.04806415299578806
Nilakkottai,130,AYYANAR.R,TVK,68580,,SC,South,34.707707256836024
Nilakkottai,130,NAGAJOTHI.S,DMK,65655,,SC,South,33.22739165861139
Nilakkottai,130,THENMOZHI.S,AIADMK,49924,,SC,South,25.266077239578326
Nilakkottai,130,DR.KAILAI RAJAN.D,NTK,8615,,SC,South,4.359972266224006
Nilakkottai,130,SELVAM.P B.A. B.L.,Republican Party of India (A),763,,SC,South,0.3861472825454343
Nilakkottai,130,NOTA,NOTA,642,,SC,South,0.3249102954052016
Nilakkottai,130,MANIKANDAN.P,IND,515,,SC,South,0.2606367634480979
Nilakkottai,130,RAJALAKSHMI.M,Bahujan Samaj Party,505,,SC,South,0.25557585541997946
Nilakkottai,130,SANKAR.P,Puthiya Tamilagam,441,,SC,South,0.22318604404002168
Nilakkottai,130,VIJAYAPANDIYAN.M,IND,415,,SC,South,0.21002768316691378
Nilakkottai,130,ANBALAGAN.G,All India Puratchi Thalaivar Makkal Munnettra Kazhagam,399,,SC,South,0.20193023032192436
Nilakkottai,130,MANOHARAN.M,IND,349,,SC,South,0.17662569018133234
Nilakkottai,130,ALAPPAN.A,IND,331,,SC,South,0.1675160557307192
Nilakkottai,130,PERUMAL.N,IND,238,,SC,South,0.12044961106921805
Nilakkottai,130,CHELLAM.K,IND,162,,SC,South,0.08198671005551816
Nilakkottai,130,KARUPPAIAH.S,IND,59,,SC,South,0.029859357365898592
Natham,131,NATHAM VISWANATHAN R,AIADMK,85708,,GEN,South,35.840093668980515
Natham,131,SELVAKUMAR K,DMK,73839,,GEN,South,30.87689219703939
Natham,131,RAMESH L N,TVK,64997,,GEN,South,27.179476457305345
Natham,131,ALAGAMMAL A,NTK,9677,,GEN,South,4.046583591201807
Natham,131,ALEX S,Tamizhaga Vaazhvurimai Katchi,715,,GEN,South,0.2989880404783809
Natham,131,NOTA,NOTA,596,,GEN,South,0.2492263945805804
Natham,131,VADIVEL K,IND,584,,GEN,South,0.24420841348164254
Natham,131,VIJAYAKUMAR S,IND,465,,GEN,South,0.1944467675838421
Natham,131,GOPAL R,IND,307,,GEN,South,0.1283766831144936
Natham,131,MURUGESAN C,IND,289,,GEN,South,0.1208497114660868
Natham,131,MURUGAN K,IND,273,,GEN,South,0.11415907000083633
Natham,131,RAJASEKARAN P,Aanaithinthiya Jananayaka Pathukappu Kazhagam,247,,GEN,South,0.10328677761980429
Natham,131,MARIA AROCKIAM S,IND,245,,GEN,South,0.102450447436648
Natham,131,RAMA JANARTHANAN S,IND,233,,GEN,South,0.09743246633771012
Natham,131,VENKATESH P,IND,175,,GEN,South,0.07317889102617714
Natham,131,SATHAM USAIN M,IND,155,,GEN,South,0.06481558919461403
Natham,131,VENKATESAN G,IND,149,,GEN,South,0.0623065986451451
Natham,131,MANIKANDAN V,IND,138,,GEN,South,0.0577067826377854
Natham,131,TAMILSELVAN C,IND,111,,GEN,South,0.046416325165175215
Natham,131,VIJAYAKUMAR S,Puthiya Tamilagam,103,,GEN,South,0.04307100443254997
Natham,131,DHANDABANI K,IND,81,,GEN,South,0.03387137241783056
Natham,131,SUNDAR C,IND,53,,GEN,South,0.02216274985364222
Dindigul,132,SENTHILKUMAR. I.P,DMK,74489,,GEN,South,35.132343508282084
Dindigul,132,NAZEER RAJA. G,TVK,73358,,GEN,South,34.59891333056635
Dindigul,132,SREENIVASAN. C,AIADMK,53986,,GEN,South,25.46221182507641
Dindigul,132,MUTHARASI. S,NTK,7299,,GEN,South,3.4425348073802966
Dindigul,132,NOTA,NOTA,833,,GEN,South,0.39288005131494547
Dindigul,132,SELVADHAYANITHI. M,IND,252,,GEN,South,0.11885446930536166
Dindigul,132,SHEIK BAREETH.B,Tamizhaga Vaazhvurimai Katchi,249,,GEN,South,0.11743953514696451
Dindigul,132,NAGARAJ. N,IND,211,,GEN,South,0.0995170358072671
Dindigul,132,PRADEEP. M,Puthiya Tamilagam,203,,GEN,South,0.09574387805154135
Dindigul,132,BABU. S,IND,197,,GEN,South,0.092914009734747
Dindigul,132,RAMUTHEVAR. P,All India Puratchi Thalaivar Makkal Munnettra Kazhagam,184,,GEN,South,0.08678262838169264
Dindigul,132,SEENIVASAN. P,IND,176,,GEN,South,0.08300947062596686
Dindigul,132,UMAR ALI. R,IND,103,,GEN,South,0.04857940610496925
Dindigul,132,GOPI KRISHNAN PILLAI. S,Rashtriya Samaj Dal (R),96,,GEN,South,0.045277893068709205
Dindigul,132,SARANYA. M,IND,88,,GEN,South,0.04150473531298343
Dindigul,132,ANIS BABU. M,IND,75,,GEN,South,0.03537335395992906
Dindigul,132,AROCKIA DASS. J,IND,56,,GEN,South,0.02641210429008037
Dindigul,132,KARMEGAM. R,IND,54,,GEN,South,0.02546881485114893
Dindigul,132,GANESH PERUMAL. D,IND,45,,GEN,South,0.02122401237595744
Dindigul,132,RAJENDRAN. G,IND,38,,GEN,South,0.017922499339697393
Dindigul,132,MUNIYAPPAN. M,IND,32,,GEN,South,0.015092631022903069
Vedasandur,133,SAMINATHAN. T,DMK,84948,,GEN,South,37.49569639026457
Vedasandur,133,PARAMASIVAM. V.P.B.,AIADMK,74885,,GEN,South,33.05392974743328
Vedasandur,133,DR.NAKAJOTHI. N,TVK,56804,,GEN,South,25.07305101653469
Vedasandur,133,KHAJA HUSSAIN AHAMED. A,NTK,7095,,GEN,South,3.131703699780185
Vedasandur,133,MURUGAN. V,IND,727,,GEN,South,0.32089479770827267
Vedasandur,133,NOTA,NOTA,474,,GEN,South,0.20922164252231254
Vedasandur,133,MARIMUTHU. S,IND,355,,GEN,South,0.1566955339565843
Vedasandur,133,MANIKANDAPRABHU. N C,IND,294,,GEN,South,0.1297703858682698
Vedasandur,133,MANEESHANKAR. M.G.,IND,205,,GEN,South,0.09048615341154868
Vedasandur,133,BOOMIRAJ. K,Samaniya Makkal Nala Katchi,184,,GEN,South,0.08121684013524369
Vedasandur,133,RAVI. R,Communist Party of India (Marxist-Leninist) (Liberation),153,,GEN,South,0.06753356815593634
Vedasandur,133,RAMESH. T,Tamizhaga Vaazhvurimai Katchi,131,,GEN,South,0.05782285900933111
Vedasandur,133,SELVARAJ. V,IND,94,,GEN,South,0.04149121180822232
Vedasandur,133,NATCHIMUTHU. R,IND,78,,GEN,South,0.03442887788341852
Vedasandur,133,SURESH. B,IND,72,,GEN,South,0.0317805026616171
Vedasandur,133,DHIVAKAR. A,IND,55,,GEN,South,0.02427677286651306
Aravakurichi,134,ELANGO. R,DMK,70827,,GEN,Kongu,39.11408343365842
Aravakurichi,134,KARTHIKEYAN. P,TVK,51445,,GEN,Kongu,28.41040877411944
Aravakurichi,134,SELVAKUMAR. K,AIADMK,49289,,GEN,Kongu,27.219761649675828
Aravakurichi,134,NAREN. S,NTK,5154,,GEN,Kongu,2.846287235335049
Aravakurichi,134,NOTA,NOTA,637,,GEN,Kongu,0.3517821049492484
Aravakurichi,134,RAVI. AG,Tamizhaga Vaazhvurimai Katchi,398,,GEN,Kongu,0.21979478456797624
Aravakurichi,134,SUGANYA. S,Bahujan Samaj Party,359,,GEN,Kongu,0.1982571046731243
Aravakurichi,134,TAMILARASAN. M,IND,346,,GEN,Kongu,0.19107787804150697
Aravakurichi,134,NATARAJAN. P,IND,326,,GEN,Kongu,0.18003291399286495
Aravakurichi,134,ASIYA BEGUM,All India Puratchi Thalaivar Makkal Munnettra Kazhagam,290,,GEN,Kongu,0.1601519787053093
Aravakurichi,134,SOWMIYA. R,IND,284,,GEN,Kongu,0.15683848949071671
Aravakurichi,134,BOOPATHY. S,IND,284,,GEN,Kongu,0.15683848949071671
Aravakurichi,134,SAKTHIVEL. R,Viduthalai Kalam Katchi,211,,GEN,Kongu,0.11652437071317331
Aravakurichi,134,NARENDRAKUMAR. G,IND,158,,GEN,Kongu,0.08725521598427198
Aravakurichi,134,SIVALINGAM. T,IND,122,,GEN,Kongu,0.06737428069671633
Aravakurichi,134,SILAMBARASAN. P,IND,114,,GEN,Kongu,0.06295629507725953
Aravakurichi,134,NATCHIMUTHU. V,IND,92,,GEN,Kongu,0.050806834623753294
Aravakurichi,134,MANIKANDAN. T,IND,86,,GEN,Kongu,0.0474933454091607
Aravakurichi,134,RAJASEKARAN. N,IND,70,,GEN,Kongu,0.038657374170247075
Aravakurichi,134,ARASUMANI. G,IND,61,,GEN,Kongu,0.033687140348358166
Aravakurichi,134,KIRUBANANTH. S,IND,61,,GEN,Kongu,0.033687140348358166
Aravakurichi,134,MATHIYALAGAN. P,IND,58,,GEN,Kongu,0.03203039574106186
Aravakurichi,134,RAJENDARAN. N,IND,56,,GEN,Kongu,0.030925899336197663
Aravakurichi,134,ARIVALAGAN. M,IND,51,,GEN,Kongu,0.028164658324037157
Aravakurichi,134,KAVIYARASU. T,IND,50,,GEN,Kongu,0.027612410121605056
Aravakurichi,134,KATHIRESAN. M,IND,49,,GEN,Kongu,0.027060161919172956
Aravakurichi,134,PRAVEEN. S,IND,47,,GEN,Kongu,0.025955665514308748
Aravakurichi,134,MOHANKUMAR. K,IND,47,,GEN,Kongu,0.025955665514308748
Aravakurichi,134,RAMALINGAM. V,IND,38,,GEN,Kongu,0.02098543169241984
Aravakurichi,134,RAGUPATHI. S,IND,35,,GEN,Kongu,0.019328687085123537
Aravakurichi,134,MURUGESAN. R,IND,33,,GEN,Kongu,0.018224190680259336
Karur,135,M.R. VIJAYABHASKAR,AIADMK,71542,,GEN,Kongu,32.994663997896964
Karur,135,MATHIYALAGAN  V.P,TVK,69721,,GEN,Kongu,32.15483168764326
Karur,135,AASEE.M. THIAGARAJAN,DMK,67256,,GEN,Kongu,31.017991135872048
Karur,135,KARUPPAIYA. R,NTK,5465,,GEN,Kongu,2.5204193166043285
Karur,135,NOTA,NOTA,539,,GEN,Kongu,0.24858298474835006
Karur,135,JAYAGOPAL. P,Bahujan Samaj Party,302,,GEN,Kongu,0.13928026232653382
Karur,135,GUNASEKARAN. K,Tamizhaga Vaazhvurimai Katchi,252,,GEN,Kongu,0.11622061624598186
Karur,135,KATHIRVEL. K,IND,143,,GEN,Kongu,0.06595058779037859
Karur,135,KANDASAMY. P,IND,134,,GEN,Kongu,0.06179985149587924
Karur,135,KATHIRAVAN. P,IND,103,,GEN,Kongu,0.047502870925937024
Karur,135,RAMACHANDRAN. A,Ganasangam Party of India,101,,GEN,Kongu,0.04658048508271495
Karur,135,ANBAZHAGAN. T,IND,67,,GEN,Kongu,0.03089992574793962
Karur,135,ELAMATHI. S,IND,59,,GEN,Kongu,0.027210382375051304
Karur,135,KRISHNAKUMAR. K,IND,53,,GEN,Kongu,0.024443224845385074
Karur,135,KALIMUTHU. V,Samaniya Makkal Nala Katchi,51,,GEN,Kongu,0.023520839002162994
Karur,135,MURALI. M,IND,47,,GEN,Kongu,0.02167606731571884
Karur,135,ASARUDHEEN. A,IND,45,,GEN,Kongu,0.02075368147249676
Karur,135,ARULMANIARASU. P,IND,43,,GEN,Kongu,0.01983129562927468
Karur,135,SUBASH MALAYALAM. T,IND,39,,GEN,Kongu,0.017986523942830526
Karur,135,PRAVEENKUMAR. J,IND,37,,GEN,Kongu,0.017064138099608446
Karur,135,KALAIRAJ. K,IND,35,,GEN,Kongu,0.01614175225638637
Karur,135,KARUNAMOORTHY. S,IND,34,,GEN,Kongu,0.01568055933477533
Karur,135,ANBARASAN. N,IND,30,,GEN,Kongu,0.013835787648331174
Karur,135,SAMPATH. S,IND,28,,GEN,Kongu,0.012913401805109097
Karur,135,SEETHA LAKSHMI. D,IND,28,,GEN,Kongu,0.012913401805109097
Karur,135,SENBAGAKUMAR. L,IND,28,,GEN,Kongu,0.012913401805109097
Karur,135,MAILVAGANAN. B,IND,28,,GEN,Kongu,0.012913401805109097
Karur,135,KANAGARAJ. S,IND,27,,GEN,Kongu,0.012452208883498055
Karur,135,SIVAKUMAR. N,IND,27,,GEN,Kongu,0.012452208883498055
Karur,135,BABU. G,IND,24,,GEN,Kongu,0.011068630118664938
Karur,135,MUTHU. K.R,IND,23,,GEN,Kongu,0.0106074371970539
Karur,135,SIVAKUMAR. V,IND,21,,GEN,Kongu,0.009685051353831822
Karur,135,MOHAMAD ISMAIL. M,IND,21,,GEN,Kongu,0.009685051353831822
Karur,135,PARAMESWARI,IND,20,,GEN,Kongu,0.009223858432220783
Karur,135,HARIHARAN. S,IND,20,,GEN,Kongu,0.009223858432220783
Karur,135,BHARATHI. P,IND,19,,GEN,Kongu,0.008762665510609743
Karur,135,DEVASTIN AUGUSTIN. G,IND,18,,GEN,Kongu,0.008301472588998703
Karur,135,SIVAKUMAR. A,IND,17,,GEN,Kongu,0.007840279667387665
Karur,135,PALAMUTHIR SELVAN. O,IND,17,,GEN,Kongu,0.007840279667387665
Karur,135,KALIMUTHU. R,IND,16,,GEN,Kongu,0.007379086745776626
Karur,135,SURIYAKUMAR. J,IND,16,,GEN,Kongu,0.007379086745776626
Karur,135,MARIAMMAL. P.M,IND,16,,GEN,Kongu,0.007379086745776626
Karur,135,SATHISH KUMAR. S,IND,15,,GEN,Kongu,0.006917893824165587
Karur,135,STEPHENRAJ. L,IND,15,,GEN,Kongu,0.006917893824165587
Karur,135,DINESH KUMAR. K,IND,14,,GEN,Kongu,0.006456700902554549
Karur,135,NANDHAKUMAR. A,IND,14,,GEN,Kongu,0.006456700902554549
Karur,135,VANITHA. K.M,IND,14,,GEN,Kongu,0.006456700902554549
Karur,135,SOUNDARYAN. K,IND,13,,GEN,Kongu,0.0059955079809435085
Karur,135,HARI RAAJ. B,IND,13,,GEN,Kongu,0.0059955079809435085
Karur,135,SATHISH. P,IND,12,,GEN,Kongu,0.005534315059332469
Karur,135,KANAGARAJ. P,IND,11,,GEN,Kongu,0.00507312213772143
Karur,135,THIYAGARAJAN. M,IND,11,,GEN,Kongu,0.00507312213772143
Karur,135,PALANIRAJAN. K,IND,11,,GEN,Kongu,0.00507312213772143
Karur,135,MANOJ. P,IND,11,,GEN,Kongu,0.00507312213772143
Karur,135,YOONUS ALI. R,IND,11,,GEN,Kongu,0.00507312213772143
Karur,135,THIRUGNANAM. M,IND,10,,GEN,Kongu,0.004611929216110392
Karur,135,SARAVANAN. R,IND,9,,GEN,Kongu,0.0041507362944993515
Karur,135,THAMILALAGAN. A,IND,9,,GEN,Kongu,0.0041507362944993515
Karur,135,VIJAYA BASKAR. R.V,IND,9,,GEN,Kongu,0.0041507362944993515
Karur,135,KARTHIKPERUMAL. R,IND,8,,GEN,Kongu,0.003689543372888313
Karur,135,GOPALA KRISHNAN. A,IND,8,,GEN,Kongu,0.003689543372888313
Karur,135,SENTHILKUMAR. G,IND,8,,GEN,Kongu,0.003689543372888313
Karur,135,SENTHILKUMAR. M,IND,8,,GEN,Kongu,0.003689543372888313
Karur,135,THANGAVELRAJ. S,IND,8,,GEN,Kongu,0.003689543372888313
Karur,135,DINESH. B,IND,8,,GEN,Kongu,0.003689543372888313
Karur,135,RAJAPANDIAN. K,IND,8,,GEN,Kongu,0.003689543372888313
Karur,135,DANIYA. P,IND,7,,GEN,Kongu,0.0032283504512772743
Karur,135,DURAISAMY. J,IND,5,,GEN,Kongu,0.002305964608055196
Karur,135,PRASANTH. S,IND,5,,GEN,Kongu,0.002305964608055196
Karur,135,MANIKANDAN,IND,5,,GEN,Kongu,0.002305964608055196
Karur,135,MATHANRAJ. P,IND,5,,GEN,Kongu,0.002305964608055196
Karur,135,VINOTHKUMAR.  N,IND,5,,GEN,Kongu,0.002305964608055196
Karur,135,PALANIVEL. P,IND,4,,GEN,Kongu,0.0018447716864441565
Karur,135,BASKAR. P,IND,4,,GEN,Kongu,0.0018447716864441565
Karur,135,RAGURAMAN MURUGANANTHAM,IND,4,,GEN,Kongu,0.0018447716864441565
Karur,135,VIJAYAN. K,IND,4,,GEN,Kongu,0.0018447716864441565
Karur,135,SOUNDARA RAJAN. R,IND,3,,GEN,Kongu,0.0013835787648331173
Karur,135,PRAKASH. N,IND,3,,GEN,Kongu,0.0013835787648331173
Karur,135,VINEETH. B,IND,3,,GEN,Kongu,0.0013835787648331173
Karur,135,VIGNESHWARAN. D,IND,2,,GEN,Kongu,0.0009223858432220783
Krishnarayapuram,136,SATHYA. M,TVK,62378,,SC,Kongu,32.9420090094372
Krishnarayapuram,136,DR. DHIVYA. S,AIADMK,58875,,SC,Kongu,31.092064196200823
Krishnarayapuram,136,RAJA. C.K,DMK,57292,,SC,Kongu,30.256077145286415
Krishnarayapuram,136,SATHIYA. V,NTK,6102,,SC,Kongu,3.2224845133794893
Krishnarayapuram,136,NOTA,NOTA,525,,SC,Kongu,0.27725407563491183
Krishnarayapuram,136,PARAMESWARAN. M,IND,376,,SC,Kongu,0.1985667284547178
Krishnarayapuram,136,GOMATHI. M,Bahujan Samaj Party,306,,SC,Kongu,0.1615995183700629
Krishnarayapuram,136,SASIKUMAR. M,IND,306,,SC,Kongu,0.1615995183700629
Krishnarayapuram,136,MANICKAVEL. R,IND,267,,SC,Kongu,0.14100350132289802
Krishnarayapuram,136,NAVEENTH. M,IND,257,,SC,Kongu,0.13572247131080445
Krishnarayapuram,136,BALSAMY. B,Naadaalum Makkal Katchi,230,,SC,Kongu,0.12146369027815185
Krishnarayapuram,136,PRASANTH. D,IND,228,,SC,Kongu,0.12040748427573314
Krishnarayapuram,136,SAKTHIVEL. A,IND,226,,SC,Kongu,0.11935127827331442
Krishnarayapuram,136,SENTHIL. P.M,IND,212,,SC,Kongu,0.11195783625638345
Krishnarayapuram,136,SELVAKUMAR. S,IND,205,,SC,Kongu,0.10826111524791796
Krishnarayapuram,136,GANESAN. P,IND,172,,SC,Kongu,0.09083371620800922
Krishnarayapuram,136,CHELLADURAI. M,IND,171,,SC,Kongu,0.09030561320679985
Krishnarayapuram,136,SARAVANAN. V,Tamizhaga Vaazhvurimai Katchi,167,,SC,Kongu,0.08819320120196243
Krishnarayapuram,136,MURUGAN. S,IND,165,,SC,Kongu,0.08713699519954372
Krishnarayapuram,136,DINESH KUMAR.A,IND,123,,SC,Kongu,0.06495666914875077
Krishnarayapuram,136,VIMALRAJ. S,IND,121,,SC,Kongu,0.06390046314633206
Krishnarayapuram,136,SOUNDRAPANDIAN. S,Ganasangam Party of India,118,,SC,Kongu,0.06231615414270399
Krishnarayapuram,136,DINESH KUMAR. N,IND,116,,SC,Kongu,0.061259948140285285
Krishnarayapuram,136,MURUGANANDHAM. P.K,IND,92,,SC,Kongu,0.048585476111260746
Krishnarayapuram,136,RAJAGURU.M,Samaniya Makkal Nala Katchi,79,,SC,Kongu,0.041720137095539116
Krishnarayapuram,136,BABY. P,IND,71,,SC,Kongu,0.03749531308586427
Krishnarayapuram,136,INDRAGANDHI. P,IND,68,,SC,Kongu,0.0359110040822362
Krishnarayapuram,136,MAHAMUNI. A,IND,64,,SC,Kongu,0.03379859207739878
Krishnarayapuram,136,PORSELVAN. B.S,IND,45,,SC,Kongu,0.023764635054421012
Kulithalai,137,SURIYANUR. A. CHANDRAN,DMK,68138,,GEN,Kongu,32.58772496185871
Kulithalai,137,G.BALASUBRAMANI,TVK,67559,,GEN,Kongu,32.31081203877738
Kulithalai,137,S.KARUNAKARAN,AIADMK,60317,,GEN,Kongu,28.84724832728334
Kulithalai,137,SELVA.NANMAARAN,NTK,7978,,GEN,Kongu,3.815563558450627
Kulithalai,137,NOTA,NOTA,612,,GEN,Kongu,0.2926955249149892
Kulithalai,137,S.SENTHILKUMAR,IND,607,,GEN,Kongu,0.29030422160686015
Kulithalai,137,V.CHINNASAMY,IND,488,,GEN,Kongu,0.23339120287339007
Kulithalai,137,P.SELVAKUMAR,IND,452,,GEN,Kongu,0.21617381905486127
Kulithalai,137,D.SARAVANAN,IND,381,,GEN,Kongu,0.1822173120794295
Kulithalai,137,P.MURUGAN,Ganasangam Party of India,330,,GEN,Kongu,0.15782601833651377
Kulithalai,137,K.SHEIKANWARDEEN,IND,302,,GEN,Kongu,0.14443471981099137
Kulithalai,137,T.SELVARAJ,IND,217,,GEN,Kongu,0.10378256357279844
Kulithalai,137,J.SANTHOSH KUMAR,IND,206,,GEN,Kongu,0.09852169629491465
Kulithalai,137,K.HAKKIM,IND,182,,GEN,Kongu,0.08704344041589547
Kulithalai,137,B.SAMPATHKUMAR,IND,162,,GEN,Kongu,0.07747822718337949
Kulithalai,137,CHANDRASEKAR.P,IND,133,,GEN,Kongu,0.0636086679962313
Kulithalai,137,M.VADIVELAN,IND,117,,GEN,Kongu,0.05595649741021852
Kulithalai,137,M.ARUNKUMAR,IND,113,,GEN,Kongu,0.05404345476371532
Kulithalai,137,O.KATHALINGAM,IND,95,,GEN,Kongu,0.04543476285445093
Kulithalai,137,M.GAYATHIRI,IND,84,,GEN,Kongu,0.04017389557656714
Kulithalai,137,B.KAJAHMOHIDEEN,IND,83,,GEN,Kongu,0.03969563491494134
Kulithalai,137,T.MURUGANANTHAM,IND,82,,GEN,Kongu,0.03921737425331554
Kulithalai,137,K.VEERAMALAI,IND,79,,GEN,Kongu,0.037782592268438144
Kulithalai,137,S.IMRANKHAN,IND,68,,GEN,Kongu,0.03252172499055435
Kulithalai,137,M.TAMILSELVAN,IND,67,,GEN,Kongu,0.03204346432892855
Kulithalai,137,N.RAMAKRISHNAN,IND,63,,GEN,Kongu,0.030130421682425357
Kulithalai,137,R.ARUNKUMAR,IND,53,,GEN,Kongu,0.025347815066167362
Kulithalai,137,M.MAYILVAGANAN,IND,46,,GEN,Kongu,0.021999990434786766
Kulithalai,137,J.MADHAVAN,IND,41,,GEN,Kongu,0.01960868712665777
Kulithalai,137,J.PRADHAP,IND,36,,GEN,Kongu,0.017217383818528775
Manapparai,138,R. KATHIRAVAN,TVK,83041,,GEN,Delta,34.42599164234545
Manapparai,138,DR. PL. VIJAYAKUMAR,AIADMK,81615,,GEN,Delta,33.834820244096576
Manapparai,138,P. ABDUL SAMED,DMK,61355,,GEN,Delta,25.435709074024942
Manapparai,138,M. ARUNAGIRI,NTK,10070,,GEN,Delta,4.17468161315999
Manapparai,138,NOTA,NOTA,949,,GEN,Delta,0.3934233218360308
Manapparai,138,AROCKIARAJ .A,Samaniya Makkal Nala Katchi,721,,GEN,Delta,0.2989022287078801
Manapparai,138,P. VIJAYAKUMAR,IND,595,,GEN,Delta,0.24666688776863888
Manapparai,138,RAJESH .M,IND,554,,GEN,Delta,0.229669673653489
Manapparai,138,SARPHUDIN,IND,333,,GEN,Delta,0.1380505439108517
Manapparai,138,P. MEENA,Puthiya Tamilagam,275,,GEN,Delta,0.11400570443088354
Manapparai,138,M. KARUPPAN,IND,274,,GEN,Delta,0.11359113823295303
Manapparai,138,A. SENTHIL KUMAR,IND,272,,GEN,Delta,0.11276200583709207
Manapparai,138,PERIYAKKA,IND,238,,GEN,Delta,0.09866675510745557
Manapparai,138,P. CHINNAN,IND,183,,GEN,Delta,0.07586561422127885
Manapparai,138,KATHIRAVAN .M,IND,180,,GEN,Delta,0.0746219156274874
Manapparai,138,M. VIJAYA KUMAR,IND,173,,GEN,Delta,0.071719952241974
Manapparai,138,RAJAVARMAN .R,Tamizhaga Vaazhvurimai Katchi,155,,GEN,Delta,0.06425776067922526
Manapparai,138,KUTTAIAN,IND,126,,GEN,Delta,0.05223534093924118
Manapparai,138,A. RAMAN,IND,107,,GEN,Delta,0.04435858317856195
Srirangam,139,RAMESH,TVK,103235,,GEN,Delta,40.48669529580171
Srirangam,139,S. DURAIRAJ,DMK,69645,,GEN,Delta,27.313371374786755
Srirangam,139,R.MANOHARAN,AIADMK,65819,,GEN,Delta,25.812890954369866
Srirangam,139,DHARMARAJ. M,NTK,11026,,GEN,Delta,4.324175931917564
Srirangam,139,NOTA,NOTA,929,,GEN,Delta,0.36433515697001784
Srirangam,139,VIJAY .A,All India Puratchi Thalaivar Makkal Munnettra Kazhagam,438,,GEN,Delta,0.17177481028295782
Srirangam,139,MURALI .N,Tamizhaga Vaazhvurimai Katchi,405,,GEN,Delta,0.15883287252191305
Srirangam,139,RAMESH.R,IND,404,,GEN,Delta,0.15844069258976018
Srirangam,139,ALLIMUTHU.M,Bahujan Samaj Party,371,,GEN,Delta,0.1454987548287154
Srirangam,139,KRISHNAKUMAR.A,IND,298,,GEN,Delta,0.11686961978155579
Srirangam,139,SHASHI KIRAN .K .N,IND,298,,GEN,Delta,0.11686961978155579
Srirangam,139,S. DURAIRAJ,IND,298,,GEN,Delta,0.11686961978155579
Srirangam,139,KAMARAJ.K,Samaniya Makkal Nala Katchi,292,,GEN,Delta,0.11451654018863856
Srirangam,139,MUTHUKUMAR.P,IND,289,,GEN,Delta,0.11334000039217994
Srirangam,139,ANBARASAN.M,IND,261,,GEN,Delta,0.10235896229189952
Srirangam,139,KARTHICK.S,IND,218,,GEN,Delta,0.08549522520932604
Srirangam,139,KUMAR. P,Akila Inthiya Makkal Marumalarchi Kazhakam,166,,GEN,Delta,0.06510186873737671
Srirangam,139,NEWTON.A,Puthiya Tamilagam,166,,GEN,Delta,0.06510186873737671
Srirangam,139,K. SAKTHIVEL,Anna Puratchi Thalaivar Amma Dravida Munnetra Kazhagam,158,,GEN,Delta,0.06196442928015374
Srirangam,139,RAVICHANDIRAN.N,IND,99,,GEN,Delta,0.0388258132831343
Srirangam,139,PARAMASIVAM,IND,86,,GEN,Delta,0.03372747416514697
Srirangam,139,MOHAMED MUSTHAFA. M,IND,84,,GEN,Delta,0.03294311430084123
Tiruchirappalli (West),140,K.N.NEHRU,DMK,88235,,GEN,Delta,44.9382980132113
Tiruchirappalli (West),140,G.RAMAMOORTHI,TVK,83449,,GEN,Delta,42.50077668617295
Tiruchirappalli (West),140,M.RAJASEKARAN,AMMK,14136,,GEN,Delta,7.1994988464300445
Tiruchirappalli (West),140,K.BHUVANESWARI,NTK,7470,,GEN,Delta,3.8044889914284403
Tiruchirappalli (West),140,NOTA,NOTA,1098,,GEN,Delta,0.5592140445232165
Tiruchirappalli (West),140,CHINNAIYAN POOSARI,Bahujan Samaj Party,453,,GEN,Delta,0.23071399104646365
Tiruchirappalli (West),140,JEEVANANTHAM.M,IND,323,,GEN,Delta,0.164504677942622
Tiruchirappalli (West),140,R.PRABU,Tamizhaga Vaazhvurimai Katchi,310,,GEN,Delta,0.15788374663223784
Tiruchirappalli (West),140,A.VASUDEVAN,IND,158,,GEN,Delta,0.08046978054159218
Tiruchirappalli (West),140,SAMPATH,IND,152,,GEN,Delta,0.07741396609064563
Tiruchirappalli (West),140,A.VEERAMANI,Samaniya Makkal Nala Katchi,140,,GEN,Delta,0.07130233718875256
Tiruchirappalli (West),140,SUNDARAPANDIYARAJA,IND,122,,GEN,Delta,0.062134893835912954
Tiruchirappalli (West),140,P.RAJENDRAN,IND,117,,GEN,Delta,0.059588381793457504
Tiruchirappalli (West),140,M.KALAIMANI,IND,108,,GEN,Delta,0.055004660117037696
Tiruchirappalli (West),140,M.CHANDRASEKARAN,IND,76,,GEN,Delta,0.038706983045322815
Tiruchirappalli (East),141,C. JOSEPH VIJAY,TVK,91381,,GEN,Delta,50.07370145704218
Tiruchirappalli (East),141,S. INIGO IRUDAYARAJ,DMK,63965,,GEN,Delta,35.05065947734982
Tiruchirappalli (East),141,G. RAJASEKARAN,AIADMK,19715,,GEN,Delta,10.803154093581671
Tiruchirappalli (East),141,DR.KRISHNASAMY .V,NTK,4790,,GEN,Delta,2.6247582099039413
Tiruchirappalli (East),141,NOTA,NOTA,514,,GEN,Delta,0.2816546388080639
Tiruchirappalli (East),141,P. CHARLES SAGAYARAJ,IND,390,,GEN,Delta,0.21370682711117686
Tiruchirappalli (East),141,VIJAIA MOHANAAJI .MA,Vidial Valarchi Perani,235,,GEN,Delta,0.12877206249006812
Tiruchirappalli (East),141,R. ELANGOVAN,Bahujan Samaj Party,234,,GEN,Delta,0.1282240962667061
Tiruchirappalli (East),141,ROYAL RAJA,Tamizhaga Vaazhvurimai Katchi,167,,GEN,Delta,0.09151035930145265
Tiruchirappalli (East),141,VIJAY .K,All India Jananayaka Makkal Kazhagam,141,,GEN,Delta,0.07726323749404086
Tiruchirappalli (East),141,KANNAN .S,IND,138,,GEN,Delta,0.0756193388239549
Tiruchirappalli (East),141,C. NANDA KUMAR,All India Puratchi Thalaivar Makkal Munnettra Kazhagam,132,,GEN,Delta,0.07233154148378294
Tiruchirappalli (East),141,G. SEBASTIAN ANAND,IND,124,,GEN,Delta,0.067947811696887
Tiruchirappalli (East),141,S. PANNEER SELVAM,IND,109,,GEN,Delta,0.05972831834645712
Tiruchirappalli (East),141,ANAND SELVARAJ,National Maha Sabha Party,105,,GEN,Delta,0.05753645345300916
Tiruchirappalli (East),141,SUKUMAR .S,Thamizhaka Padaippalar Makkal Katchi,101,,GEN,Delta,0.05534458855956119
Tiruchirappalli (East),141,T. GANGAI ULAGANATHAN,IND,79,,GEN,Delta,0.04328933164559737
Tiruchirappalli (East),141,N. GOBINATH,Puthiya Tamilagam,63,,GEN,Delta,0.034521872071805494
Tiruchirappalli (East),141,P. RAJENDRAN,IND,48,,GEN,Delta,0.026302378721375613
Tiruchirappalli (East),141,R. MUTHUKUMAR,Samaniya Makkal Nala Katchi,31,,GEN,Delta,0.01698695292422175
Tiruchirappalli (East),141,J. ROBERT CHRISTY,IND,31,,GEN,Delta,0.01698695292422175
Thiruverumbur,142,VIJAYAKUMAR (A) NAVALPATTU S. VIJI,TVK,89837,,GEN,Delta,42.06186821984896
Thiruverumbur,142,ANBIL MAHESH POYYAMOZHI,DMK,81132,,GEN,Delta,37.986169311227954
Thiruverumbur,142,KUMAR. P,AIADMK,29473,,GEN,Delta,13.799319234208715
Thiruverumbur,142,RAJESSH. T,NTK,9311,,GEN,Delta,4.359429355332587
Thiruverumbur,142,NOTA,NOTA,745,,GEN,Delta,0.34881053267348056
Thiruverumbur,142,MURUGANANTHAM. G,IND,441,,GEN,Delta,0.2064771072604093
Thiruverumbur,142,POULOSH. D,IND,291,,GEN,Delta,0.13624679866843334
Thiruverumbur,142,RANJITH. S,Tamizhaga Vaazhvurimai Katchi,253,,GEN,Delta,0.11845512049179945
Thiruverumbur,142,PITCHAIMUTHU. A,Puthiya Tamilagam,237,,GEN,Delta,0.110963887575322
Thiruverumbur,142,DR. MOHANA CHELVAN. P,IND,203,,GEN,Delta,0.09504501762780745
Thiruverumbur,142,VISITHRA. S,Bahujan Samaj Party,194,,GEN,Delta,0.0908311991122889
Thiruverumbur,142,SHAJAGAN. A,IND,182,,GEN,Delta,0.08521277442493083
Thiruverumbur,142,KUMARAVEL. T,Thamizhaka Padaippalar Makkal Katchi,178,,GEN,Delta,0.08333996619581147
Thiruverumbur,142,VETRIVEL KANNA. P,IND,173,,GEN,Delta,0.08099895590941227
Thiruverumbur,142,JAYACHANDRAN. P,IND,133,,GEN,Delta,0.062270873618218675
Thiruverumbur,142,JOSEPH. L,Samaniya Makkal Nala Katchi,114,,GEN,Delta,0.05337503452990173
Thiruverumbur,142,DEEPAK. P,IND,114,,GEN,Delta,0.05337503452990173
Thiruverumbur,142,CHARLES. S,IND,101,,GEN,Delta,0.04728840778526381
Thiruverumbur,142,SUBBULAKSHMI. R,IND,92,,GEN,Delta,0.04307458926974525
Thiruverumbur,142,YESURAJ. I,IND,64,,GEN,Delta,0.02996493166590974
Thiruverumbur,142,VIJAYAKUMAR. N,IND,54,,GEN,Delta,0.025282911093111347
Thiruverumbur,142,KUMAR. P,IND,48,,GEN,Delta,0.022473698749432305
Thiruverumbur,142,VIJAYAKUMAR. C,IND,48,,GEN,Delta,0.022473698749432305
Thiruverumbur,142,RAMACHANDRAN. V,IND,47,,GEN,Delta,0.022005496692152467
Thiruverumbur,142,HABEEB RAHAMAN. H,IND,44,,GEN,Delta,0.020600890520312946
Thiruverumbur,142,KUMAR. K,IND,40,,GEN,Delta,0.018728082291193587
Thiruverumbur,142,VINCENTRAJ. A,IND,34,,GEN,Delta,0.015918869947514548
Lalgudi,143,LEEMAROSE MARTIN,AIADMK,60795,,GEN,Delta,32.824369779659094
Lalgudi,143,KU PA KRISHNAN,TVK,58056,,GEN,Delta,31.345531901108455
Lalgudi,143,T. PARIVALLAL,DMK,55565,,GEN,Delta,30.0005939107946
Lalgudi,143,N. MADHAN,NTK,6992,,GEN,Delta,3.7751129780307
Lalgudi,143,R. DINESHKUMAR,IND,403,,GEN,Delta,0.2175873183847786
Lalgudi,143,K. IMMACULATE MARY,Samaniya Makkal Nala Katchi,399,,GEN,Delta,0.21542764276805626
Lalgudi,143,NOTA,NOTA,390,,GEN,Delta,0.21056837263043088
Lalgudi,143,PRATHEEBA,Bahujan Samaj Party,348,,GEN,Delta,0.18789177865484605
Lalgudi,143,R. PONSILAMBU,IND,340,,GEN,Delta,0.18357242742140129
Lalgudi,143,DHANAMOORTHY .R,IND,220,,GEN,Delta,0.11878215891973026
Lalgudi,143,JOSEPHIN,All India Puratchi Thalaivar Makkal Munnettra Kazhagam,192,,GEN,Delta,0.10366442960267368
Lalgudi,143,E. YESUDOSS,Tamilaga Makkal Nala Katchi,183,,GEN,Delta,0.09880515946504836
Lalgudi,143,V. MUTHUSAMY,IND,170,,GEN,Delta,0.09178621371070064
Lalgudi,143,JINNAH JAKEER HUSSAIN,IND,139,,GEN,Delta,0.0750487276811023
Lalgudi,143,P. SARAVANAN,Tamizhaga Vaazhvurimai Katchi,135,,GEN,Delta,0.07288905206437993
Lalgudi,143,P. ELANCHEZHIYAN,Puthiya Tamilagam,131,,GEN,Delta,0.07072937644765756
Lalgudi,143,K. SENTHILKUMAR,IND,130,,GEN,Delta,0.07018945754347697
Lalgudi,143,M. RAMESHKUMAR,IND,120,,GEN,Delta,0.06479026850167105
Lalgudi,143,MANSOOR ALIKHAN,IND,101,,GEN,Delta,0.054531809322239805
Lalgudi,143,K. DHARMARAJ,IND,86,,GEN,Delta,0.04643302575953092
Lalgudi,143,A. JEGAN SALAMONDOSS,IND,72,,GEN,Delta,0.03887416110100263
Lalgudi,143,A. AMALAN SAVARIMUTHU,IND,68,,GEN,Delta,0.03671448548428026
Lalgudi,143,M. KRISHNAN,IND,66,,GEN,Delta,0.035634647675919076
Lalgudi,143,MOHAMED ABUBAKKAR SIDDIQ,IND,60,,GEN,Delta,0.032395134250835525
Lalgudi,143,R. TAMILARASAN,IND,52,,GEN,Delta,0.02807578301739079
Manachanallur,144,KATHIRAVAN. S,DMK,81447,,GEN,Delta,38.824959481361425
Manachanallur,144,V.SARAVANAN,TVK,69083,,GEN,Delta,32.93116598341119
Manachanallur,144,R.V. BHARATHAN,AIADMK,46066,,GEN,Delta,21.959195347506913
Manachanallur,144,THENMOZHI. R,NTK,9289,,GEN,Delta,4.427972161311851
Manachanallur,144,NOTA,NOTA,599,,GEN,Delta,0.2855372294785013
Manachanallur,144,RAMESH KUMAR. G,IND,498,,GEN,Delta,0.23739155305558204
Manachanallur,144,NAGARAJAN. V,IND,456,,GEN,Delta,0.2173705787014968
Manachanallur,144,BALAKRISHNAN (A) AMOOR BALU,Bahujan Samaj Party,384,,GEN,Delta,0.18304890838020785
Manachanallur,144,RADHAKRISHNAN. S,IND,341,,GEN,Delta,0.16255124416054914
Manachanallur,144,RAMPRASAD. N,IND,230,,GEN,Delta,0.10963866908189532
Manachanallur,144,BALU. M,Puthiya Tamilagam,186,,GEN,Delta,0.08866431499666316
Manachanallur,144,RAJU. V,IND,153,,GEN,Delta,0.07293354943273905
Manachanallur,144,K. SENTHILKUMAR,Samaniya Makkal Nala Katchi,140,,GEN,Delta,0.06673658118028411
Manachanallur,144,KARTHIKEYAN. P,IND,132,,GEN,Delta,0.06292306225569645
Manachanallur,144,SARAVANAKUMAR. S,IND,130,,GEN,Delta,0.06196968252454953
Manachanallur,144,RAJASEHAR. R,IND,117,,GEN,Delta,0.05577271427209458
Manachanallur,144,SHANMUGAM. V.T,IND,113,,GEN,Delta,0.05386595480980075
Manachanallur,144,DIVESH. S,IND,103,,GEN,Delta,0.04909905615406617
Manachanallur,144,SATHEESKUMAR. K,IND,80,,GEN,Delta,0.03813518924587663
Manachanallur,144,REVATHI. S,Akila Inthiya Makkal Marumalarchi Kazhakam,75,,GEN,Delta,0.03575173991800935
Manachanallur,144,VEERAIYA. C,Tamizhaga Vaazhvurimai Katchi,62,,GEN,Delta,0.02955477166555439
Manachanallur,144,JAYARAMAN. M,IND,52,,GEN,Delta,0.02478787300981981
Manachanallur,144,GOPALAKRISHNAN. V,IND,44,,GEN,Delta,0.02097435408523215
Musiri,145,M.VIGNESH,TVK,71281,,GEN,Delta,37.68669934070349
Musiri,145,N.S.KARUNAIRAAJA,DMK,53839,,GEN,Delta,28.4650075869325
Musiri,145,N.YOGANATHAN,AIADMK,52061,,GEN,Delta,27.524968145457624
Musiri,145,G. BAKIYALAKSHMI,NTK,8357,,GEN,Delta,4.418396857370956
Musiri,145,NOTA,NOTA,1093,,GEN,Delta,0.5778757646411936
Musiri,145,M.CHINNAIYAN,Puthiya Tamilagam,677,,GEN,Delta,0.35793402805314556
Musiri,145,P.LOGANATHAN M.SC.M.PHIL.,IND,487,,GEN,Delta,0.25747986951533514
Musiri,145,SENTHILKUMAR,IND,308,,GEN,Delta,0.16284147805076638
Musiri,145,MALARMANNAN.M,Samaniya Makkal Nala Katchi,281,,GEN,Delta,0.14856641341644594
Musiri,145,C.PALANISAMY,Tamizhaga Vaazhvurimai Katchi,265,,GEN,Delta,0.14010711585536714
Musiri,145,K.DHIVYA,Rashtriya Samaj Dal (R),253,,GEN,Delta,0.13376264268455806
Musiri,145,S.VENKATESHWARAN,Anti Corruption Dynamic Party,239,,GEN,Delta,0.12636075731861415
Thuraiyur,146,RAVISANKAR.M,TVK,66263,,SC,Delta,35.92931582314858
Thuraiyur,146,E.SAROJA,AIADMK,56649,,SC,Delta,30.716384891501196
Thuraiyur,146,M.LENIN PRASATH,INC,49222,,SC,Delta,26.68929543556765
Thuraiyur,146,S  KOWSALYA,NTK,8436,,SC,Delta,4.574192358994936
Thuraiyur,146,NOTA,NOTA,697,,SC,Delta,0.37792935920098036
Thuraiyur,146,P.SRINIVASAN,Bahujan Samaj Party,588,,SC,Delta,0.3188270634292345
Thuraiyur,146,GNANAVETTIYAN SIVAPERUMAL .K,Tamizhaga Vaazhvurimai Katchi,513,,SC,Delta,0.27816034615509744
Thuraiyur,146,M. RAVICHANDRAN,IND,391,,SC,Delta,0.21200915272250118
Thuraiyur,146,K.SELVAM,IND,356,,SC,Delta,0.1930313513279039
Thuraiyur,146,G. DHINESHKUMAR,IND,326,,SC,Delta,0.17676466441824903
Thuraiyur,146,T. RAJAMANICKAM,Puthiya Tamilagam,236,,SC,Delta,0.12796460368928458
Thuraiyur,146,N. MUTHAZHAGU,IND,213,,SC,Delta,0.11549347705854923
Thuraiyur,146,SELVAM .G,IND,193,,SC,Delta,0.10464901911877934
Thuraiyur,146,P.SAROJA,IND,141,,SC,Delta,0.07645342847537766
Thuraiyur,146,K.SAROJA,IND,107,,SC,Delta,0.05801784997776886
Thuraiyur,146,E.SAROJA,IND,95,,SC,Delta,0.051511175213906926
Perambalur,147,SIVAKUMAR. K,TVK,90882,,SC,Central,35.829121559289426
Perambalur,147,DR. JAYALAKSHMI. S.T,DMK,76489,,SC,Central,30.154856615704855
Perambalur,147,THAMIZHSELVAN. R,AIADMK,72716,,SC,Central,28.667397320759775
Perambalur,147,SUGANYA. J,NTK,9474,,SC,Central,3.7350091068936426
Perambalur,147,NOTA,NOTA,1160,,SC,Central,0.45731587122615847
Perambalur,147,ARIVAZHAGAN. D,Bahujan Samaj Party,678,,SC,Central,0.26729324197528914
Perambalur,147,SUBRAMANIAN. R,IND,595,,SC,Central,0.2345715029134175
Perambalur,147,SHIYAMALA. M,IND,421,,SC,Central,0.16597412222949373
Perambalur,147,DHAMODHARAN. S,Tamizhaga Vaazhvurimai Katchi,360,,SC,Central,0.14192561520811814
Perambalur,147,CHANDRAKUMAR. P,IND,339,,SC,Central,0.13364662098764457
Perambalur,147,JAYACHANDRAN. B,IND,305,,SC,Central,0.12024253510687787
Perambalur,147,ANANDAJOTHI PARAMASIVAM,IND,235,,SC,Central,0.09264588770529934
Kunnam,148,SIVASANKAR. S.S,DMK,87237,,GEN,Central,37.83536453137876
Kunnam,148,SARANYA. A,AIADMK,71680,,GEN,Central,31.088172789174656
Kunnam,148,REVATHI MUTHAMILSELVAN,TVK,59170,,GEN,Central,25.662488615171096
Kunnam,148,KEERTHIVASAN. R,NTK,7482,,GEN,Central,3.245001517977187
Kunnam,148,THANASEKAR. R,IND,677,,GEN,Central,0.293620158737043
Kunnam,148,ELANGOVAN. K,Naadaalum Makkal Katchi,546,,GEN,Central,0.23680444116754132
Kunnam,148,SHAJAHAN,IND,541,,GEN,Central,0.2346359023290107
Kunnam,148,NALLATHAMBI. P,IND,507,,GEN,Central,0.21988983822700264
Kunnam,148,NOTA,NOTA,484,,GEN,Central,0.2099145595697619
Kunnam,148,VINOTHKUMAR. M,IND,421,,GEN,Central,0.18259097020427636
Kunnam,148,NALLUSAMY. K.M,Bahujan Samaj Party,409,,GEN,Central,0.17738647699180293
Kunnam,148,MUTHAMILSELVAN. D,IND,268,,GEN,Central,0.11623368174524006
Kunnam,148,UDHAYASURIYAN. T,IND,210,,GEN,Central,0.09107863121828512
Kunnam,148,RAJA. S.P,Tamizhaga Vaazhvurimai Katchi,189,,GEN,Central,0.0819707680964566
Kunnam,148,SIVASANKARAN. P,IND,172,,GEN,Central,0.07459773604545257
Kunnam,148,ANBUTHAMIZHAN. T,Thamizh Perarasu Katchi,149,,GEN,Central,0.06462245738821182
Kunnam,148,VIVEK. T,IND,144,,GEN,Central,0.06245391854968123
Kunnam,148,SAMINATHAN. C,IND,137,,GEN,Central,0.05941796417573839
Kunnam,148,CHANDRASEKAR. P,IND,85,,GEN,Central,0.036865160255020166
Kunnam,148,KATHIRAVAN. A.C,IND,62,,GEN,Central,0.026889881597779417
Ariyalur,149,RAJENDRAN S,AIADMK,95219,,GEN,Central,40.371325119351475
Ariyalur,149,LATHA BALU,DMK,70721,,GEN,Central,29.984566985219917
Ariyalur,149,SIVAKUMAR M,TVK,57359,,GEN,Central,24.319293812378636
Ariyalur,149,PUGAZHENDHI D,NTK,8527,,GEN,Central,3.6153109074103913
Ariyalur,149,JOTHIBASU K,IND,691,,GEN,Central,0.29297289046799346
Ariyalur,149,NOTA,NOTA,641,,GEN,Central,0.27177369434151055
Ariyalur,149,THANGA. SHANMUGA SUNDARAM,Naadaalum Makkal Katchi,637,,GEN,Central,0.27007775865139194
Ariyalur,149,VETRIVEL G,IND,554,,GEN,Central,0.23488709308143035
Ariyalur,149,STALIN V,Bahujan Samaj Party,475,,GEN,Central,0.2013923632015874
Ariyalur,149,SEMMALAI T,IND,259,,GEN,Central,0.10981183593518135
Ariyalur,149,RAJKUMAR K,IND,201,,GEN,Central,0.0852207684284612
Ariyalur,149,SUDHAKAR M,Tamizhaga Vaazhvurimai Katchi,177,,GEN,Central,0.07504515428774941
Ariyalur,149,KUMAR K,IND,136,,GEN,Central,0.05766181346403344
Ariyalur,149,RAJKUMAR S,All India Puratchi Thalaivar Makkal Munnettra Kazhagam,117,,GEN,Central,0.049606118935969945
Ariyalur,149,KRISHNAMOORTHY C,IND,74,,GEN,Central,0.031374810267194665
Ariyalur,149,ELAIYARAJA C,IND,70,,GEN,Central,0.02967887457707604
Jayankondam,150,VAITHILINGAM G.,PMK,88992,,GEN,Central,38.93799114409227
Jayankondam,150,KANNAN KA.SO.KA.,DMK,70502,,GEN,Central,30.84778689815706
Jayankondam,150,KAVITHA RAJENDRAN G.,TVK,55538,,GEN,Central,24.30036578749322
Jayankondam,150,REVATHI K.,NTK,6192,,GEN,Central,2.709277700964349
Jayankondam,150,RAVISANKAR N.,Aanaithinthiya Jananayaka Pathukappu Kazhagam,1203,,GEN,Central,0.5263664525613876
Jayankondam,150,CHANTHIRASEKAR S.,IND,984,,GEN,Central,0.43054413077340425
Jayankondam,150,VINOTHSAVARIREMIJEAS C.,IND,792,,GEN,Central,0.34653551989078885
Jayankondam,150,RAVANAN M.,Naadaalum Makkal Katchi,711,,GEN,Central,0.3110943871746854
Jayankondam,150,SANKAR M.,Rashtriya Samaj Dal (R),608,,GEN,Central,0.266027267794949
Jayankondam,150,ANANDHAKUMAR R.,IND,583,,GEN,Central,0.25508864658627506
Jayankondam,150,JAYABALAN G.,Vada Tamil Nadu Munnetra Katchi,528,,GEN,Central,0.23102367992719253
Jayankondam,150,CHINNADURAI S.,Bahujan Samaj Party,475,,GEN,Central,0.20783380296480392
Jayankondam,150,NOTA,NOTA,416,,GEN,Central,0.18201865691233352
Jayankondam,150,PAGUTHARIVALAN A.,Tamizhaga Vaazhvurimai Katchi,269,,GEN,Central,0.11769956420533104
Jayankondam,150,GURUNATHAN N.,IND,177,,GEN,Central,0.07744543815741113
Jayankondam,150,KANNAN K.,IND,158,,GEN,Central,0.06913208603881897
Jayankondam,150,AZHAGESAN V.R.,Desiya Makkal Sakthi Katchi,151,,GEN,Central,0.06606927210039029
Jayankondam,150,ISAC NEWTAN J.,IND,115,,GEN,Central,0.05031765755989989
Jayankondam,150,VEZHAVENTHAN D.,IND,100,,GEN,Central,0.04375448483469556
Jayankondam,150,VENKATAJALAPATHI R.,IND,54,,GEN,Central,0.0236274218107356
Tittakudi,151,GANESAN C.V,DMK,63106,,SC,Central,35.90586842973702
Tittakudi,151,RAJASEKAR A,TVK,60477,,SC,Central,34.410027652286715
Tittakudi,151,MURUGUMARAN N,AIADMK,42502,,SC,Central,24.182664405931018
Tittakudi,151,MAHALAKSHMI V,NTK,5709,,SC,Central,3.2482902238355886
Tittakudi,151,NOTA,NOTA,584,,SC,Central,0.33228262230162614
Tittakudi,151,VELMURUGAN G,IND,549,,SC,Central,0.31236842404724785
Tittakudi,151,PALANIVEL R,All India Puratchi Thalaivar Makkal Munnettra Kazhagam,443,,SC,Central,0.2520568521911308
Tittakudi,151,MURUGAN A,IND,401,,SC,Central,0.22815981428587684
Tittakudi,151,RAVICHANDRAN K.P,Bahujan Samaj Party,399,,SC,Central,0.22702186009991238
Tittakudi,151,SATHYA M,Aanaithinthiya Jananayaka Pathukappu Kazhagam,362,,SC,Central,0.20596970765956965
Tittakudi,151,JAYA K,Tamizhaga Vaazhvurimai Katchi,338,,SC,Central,0.19231425742799593
Tittakudi,151,PERINBAM D,IND,315,,SC,Central,0.1792277842894045
Tittakudi,151,SILAMBARASAN J,IND,275,,SC,Central,0.15646870057011505
Tittakudi,151,JAYARAMAN N,Bahujan Dravida Party,158,,SC,Central,0.08989838069119338
Tittakudi,151,PADMANATHAN V,IND,136,,SC,Central,0.07738088464558417
Vriddhachalam,152,PREMALLATHA VIJAYAKANT,DMDK,69351,,GEN,Central,33.15279225187154
Vriddhachalam,152,VIJAY.S,TVK,66964,,GEN,Central,32.011702503991664
Vriddhachalam,152,DR.TAMIZHARASI.P,PMK,59791,,GEN,Central,28.58269673878749
Vriddhachalam,152,ANANTHI DHANDAPANI,NTK,6047,,GEN,Central,2.890728825064775
Vriddhachalam,152,ARIVAZHAGAN.E.N,Tamizhaga Vaazhvurimai Katchi,1896,,GEN,Central,0.9063704071974223
Vriddhachalam,152,ARIVUDAINAMBI.S,Anti Corruption Dynamic Party,904,,GEN,Central,0.43215129119539547
Vriddhachalam,152,NOTA,NOTA,755,,GEN,Central,0.3609228151023491
Vriddhachalam,152,DURAI.K,IND,738,,GEN,Central,0.35279607621924985
Vriddhachalam,152,GNANASUNDARI.M,Aanaithinthiya Jananayaka Pathukappu Kazhagam,611,,GEN,Central,0.29208455632786134
Vriddhachalam,152,SIVAPRAKASAM.V,Bahujan Samaj Party,374,,GEN,Central,0.17878825542818352
Vriddhachalam,152,SRINIVASAN.R,IND,328,,GEN,Central,0.15679825609744438
Vriddhachalam,152,BALU.P,IND,252,,GEN,Central,0.1204669528553536
Vriddhachalam,152,SIDHARTHAN.S,Desiya Makkal Sakthi Katchi,225,,GEN,Central,0.10755977933513715
Vriddhachalam,152,EZHILKUMAR.K,IND,175,,GEN,Central,0.08365760614955112
Vriddhachalam,152,DEIVEEGADASS.M,IND,163,,GEN,Central,0.07792108458501047
Vriddhachalam,152,JAYAPRAKASH.S,IND,162,,GEN,Central,0.07744304112129875
Vriddhachalam,152,SIVASANKARAN.K,IND,161,,GEN,Central,0.07696499765758702
Vriddhachalam,152,SATHIYA.B,Anna Makkal Katchi,160,,GEN,Central,0.0764869541938753
Vriddhachalam,152,PRABAKARAN.T,IND,129,,GEN,Central,0.06166760681881197
Neyveli,153,RAJENDRAN.R,AIADMK,63731,,GEN,Central,37.75980566417822
Neyveli,153,SABA.RAJENDRAN,DMK,52769,,GEN,Central,31.26496030335348
Neyveli,153,ANAND.K,TVK,34291,,GEN,Central,20.316980684915276
Neyveli,153,THIRUMALVALAVAN.T,Tamizhaga Vaazhvurimai Katchi,11381,,GEN,Central,6.743097523403247
Neyveli,153,VEERAMANI.B,NTK,4444,,GEN,Central,2.6330133902121107
Neyveli,153,NOTA,NOTA,768,,GEN,Central,0.45503021685033773
Neyveli,153,KARTHIKEYAN.C.M,IND,459,,GEN,Central,0.2719516530394597
Neyveli,153,MANIMARAN.P,IND,347,,GEN,Central,0.2055930797487854
Neyveli,153,CHEZHIYAN.G,IND,221,,GEN,Central,0.13093968479677687
Neyveli,153,MAYAKRISHNAN.K,Veerath Thiyagi Viswanathadoss Thozhilalarkal Katchi,136,,GEN,Central,0.0805782675672473
Neyveli,153,JOTHIMURUGAN.V,Bahujan Samaj Party,131,,GEN,Central,0.07761583125962791
Neyveli,153,SATHIYASEELAN.M,IND,102,,GEN,Central,0.06043370067543548
Panruti,154,MOHAN. K,AIADMK,78398,,GEN,Central,37.19652507271062
Panruti,154,ABDUR RAHMAN. A.R,VCK,67735,,GEN,Central,32.13738393581538
Panruti,154,MANIKANDAN. M,TVK,56022,,GEN,Central,26.580062343725537
Panruti,154,BANUPRIYA. M,NTK,4884,,GEN,Central,2.317250803019448
Panruti,154,SURENDAR. R,Tamizhaga Vaazhvurimai Katchi,1449,,GEN,Central,0.6874890281685463
Panruti,154,NOTA,NOTA,907,,GEN,Central,0.4303330217728582
Panruti,154,MOHAMMED SAFI. A,IND,431,,GEN,Central,0.20449121541797338
Panruti,154,SRIKANTHU. S,Bahujan Samaj Party,412,,GEN,Central,0.19547652146683303
Panruti,154,PRAKASH. R,Thamizhaka Padaippalar Makkal Katchi,388,,GEN,Central,0.18408953963381366
Panruti,154,RAMALINGAM. A,IND,141,,GEN,Central,0.06689851826898897
Cuddalore,155,B.RAJKUMAR,TVK,70856,,GEN,Central,37.21858618117639
Cuddalore,155,A.S.CHANDARASEKARAN,INC,55337,,GEN,Central,29.066908991585162
Cuddalore,155,M.C.SAMPATH,AIADMK,55258,,GEN,Central,29.0254126001954
Cuddalore,155,S.SARASU,NTK,5766,,GEN,Central,3.028711300675498
Cuddalore,155,NOTA,NOTA,894,,GEN,Central,0.4695920747145153
Cuddalore,155,K.LENIN,Tamizhaga Vaazhvurimai Katchi,623,,GEN,Central,0.3272436941243211
Cuddalore,155,S. RAMASAMY,All India Puratchi Thalaivar Makkal Munnettra Kazhagam,375,,GEN,Central,0.19697654140709533
Cuddalore,155,P.NAGASUNDARAM,IND,327,,GEN,Central,0.17176354410698716
Cuddalore,155,R. VEERAMANI,IND,214,,GEN,Central,0.11240794629631574
Cuddalore,155,R.RAMACHANDRAN,IND,211,,GEN,Central,0.11083213396505898
Cuddalore,155,P.NATARAJAN,Bahujan Samaj Party,136,,GEN,Central,0.07143682568363992
Cuddalore,155,E.GURUBARAN,IND,97,,GEN,Central,0.050951265377302005
Cuddalore,155,R.MAYAVAN,IND,97,,GEN,Central,0.050951265377302005
Cuddalore,155,E.FAROOK ALI,IND,74,,GEN,Central,0.03887003750433348
Cuddalore,155,V. SUGANTHI,IND,62,,GEN,Central,0.03256678817930643
Cuddalore,155,S.RAJAMOHAN,IND,51,,GEN,Central,0.026788809631364967
Kurinjipadi,156,M.R.K.PANNEERSELVAM,DMK,76695,,GEN,Central,35.844647489075314
Kurinjipadi,156,A  BHUVANENTHIRAN,AIADMK,69106,,GEN,Central,32.29780571588811
Kurinjipadi,156,RAJKUMAR D,TVK,53110,,GEN,Central,24.82181665225621
Kurinjipadi,156,T  KANNAN,Tamizhaga Vaazhvurimai Katchi,7113,,GEN,Central,3.3243754819713507
Kurinjipadi,156,KAVITHA RENGANATHAN,NTK,4813,,GEN,Central,2.249433318533405
Kurinjipadi,156,ARUMUGAM  R,IND,928,,GEN,Central,0.43371579463931015
Kurinjipadi,156,NOTA,NOTA,629,,GEN,Central,0.29397331339237726
Kurinjipadi,156,MANIMALA  R,IND,458,,GEN,Central,0.2140537003715561
Kurinjipadi,156,R  SRINIVASAN,Tamil Telugu National Party,323,,GEN,Central,0.15095926903932888
Kurinjipadi,156,M  KANAGARAJ,Bahujan Samaj Party,273,,GEN,Central,0.12759096113850396
Kurinjipadi,156,DHANAKESAVAMOORTHY A.C.T,IND,265,,GEN,Central,0.12385203187437197
Kurinjipadi,156,MUTHAZHAGAN  N,IND,252,,GEN,Central,0.1177762718201575
Bhuvanagiri,157,ARUNMOZHITHEVAN . A,AIADMK,75707,,GEN,Central,36.518740051131154
Bhuvanagiri,157,SARAVANAN. DURAI . K,DMK,73220,,GEN,Central,35.31908735709807
Bhuvanagiri,157,MAHALINGAM . T,TVK,49904,,GEN,Central,24.07216246201341
Bhuvanagiri,157,SUMATHI . S,NTK,5105,,GEN,Central,2.4624957792677633
Bhuvanagiri,157,MUTHAMIZHAN . SEVA,Tamizhaga Vaazhvurimai Katchi,912,,GEN,Central,0.43992089141864843
Bhuvanagiri,157,NOTA,NOTA,681,,GEN,Central,0.3284935603685302
Bhuvanagiri,157,KUMARAVELU . M,Bahujan Samaj Party,363,,GEN,Central,0.17510009165018572
Bhuvanagiri,157,BALAMURUGAN . G. C,IND,339,,GEN,Central,0.16352322608653708
Bhuvanagiri,157,BALAMURUGAN . M. R,IND,324,,GEN,Central,0.15628768510925667
Bhuvanagiri,157,ARUNMOZHI . V,IND,308,,GEN,Central,0.1485697747334909
Bhuvanagiri,157,RAJA SEKAR . G,IND,239,,GEN,Central,0.11528628623800107
Bhuvanagiri,157,SARAVANAN . J,IND,89,,GEN,Central,0.04293087646519705
Bhuvanagiri,157,IYYAPPAN . S,IND,70,,GEN,Central,0.0337658578939752
Bhuvanagiri,157,EZHILVENTHAN . P,IND,49,,GEN,Central,0.023636100525782643
Chidambaram,158,THAMIMUN ANSARI. M,DMK,69739,,GEN,Central,35.47505926159543
Chidambaram,158,PANDIAN. K.A,AIADMK,63992,,GEN,Central,32.551656781256035
Chidambaram,158,NEDUNCHEZHIYAN,TVK,54584,,GEN,Central,27.765965022941614
Chidambaram,158,THAMIZH,NTK,6169,,GEN,Central,3.138066800280793
Chidambaram,158,NOTA,NOTA,816,,GEN,Central,0.4150855096497207
Chidambaram,158,DHANASEKARAN. M,All India Puratchi Thalaivar Makkal Munnettra Kazhagam,339,,GEN,Central,0.1724436124647737
Chidambaram,158,MANIMARAN. D,IND,211,,GEN,Central,0.10733215997069984
Chidambaram,158,THIRUGNANAM. K,IND,163,,GEN,Central,0.08291536528542215
Chidambaram,158,ER. JAYAKKUMAR. R,IND,160,,GEN,Central,0.0813893156175923
Chidambaram,158,VENKATESAN. D,IND,157,,GEN,Central,0.07986326594976244
Chidambaram,158,EASAN NATARAJAN. T,IND,130,,GEN,Central,0.06612881893929375
Chidambaram,158,MUNISANKAR. K,Anna Puratchi Thalaivar Amma Dravida Munnetra Kazhagam,126,,GEN,Central,0.06409408604885394
Kattumannarkoil,159,L.E. JOTHIMANI,VCK,85179,,SC,Central,45.3308852877784
Kattumannarkoil,159,A. SOZHAN,PMK,52116,,SC,Central,27.73529176977728
Kattumannarkoil,159,S. SEENUVASAN,TVK,43156,,SC,Central,22.966924775817567
Kattumannarkoil,159,SIVAJOTHI .M,NTK,4563,,SC,Central,2.4283547537319388
Kattumannarkoil,159,ALAVANTHAR .M,Tamizhaga Vaazhvurimai Katchi,563,,SC,Central,0.2996194885713525
Kattumannarkoil,159,SANKARKUMAR .S,IND,509,,SC,Central,0.27088156249168466
Kattumannarkoil,159,NOTA,NOTA,465,,SC,Central,0.2474654745749182
Kattumannarkoil,159,S. MURALI,Aanaithinthiya Jananayaka Pathukappu Kazhagam,342,,SC,Central,0.18200686517123016
Kattumannarkoil,159,M.A.T. ARCHUNAN,IND,324,,SC,Central,0.1724275564780075
Kattumannarkoil,159,SATHEESHKUMAR .M,Bahujan Samaj Party,252,,SC,Central,0.13411032170511694
Kattumannarkoil,159,G. KALYANA SUNDARAM,All India Jananayaka Makkal Kazhagam,247,,SC,Central,0.13144940262366622
Kattumannarkoil,159,BABU .B,Rashtriya Samaj Dal (R),189,,SC,Central,0.10058274127883772
Sirkazhi,160,SENTHILSELVAN.R,DMK,71449,,SC,Delta,35.6446559706258
Sirkazhi,160,SAKTHI.M,AIADMK,60032,,SC,Delta,29.948914431673053
Sirkazhi,160,GOPINATH.S,TVK,59149,,SC,Delta,29.508401181353765
Sirkazhi,160,SUBASH.R,NTK,7397,,SC,Delta,3.690233876117497
Sirkazhi,160,GAJENDRAN.KANAGA,Bahujan Samaj Party,640,,SC,Delta,0.31928480204342274
Sirkazhi,160,NOTA,NOTA,555,,SC,Delta,0.27687978927203066
Sirkazhi,160,MALATHI.A,All India Puratchi Thalaivar Makkal Munnettra Kazhagam,365,,SC,Delta,0.18209211366538952
Sirkazhi,160,PANDIYAN.C.R,Indhu Dravida Makkal Katchi,249,,SC,Delta,0.12422174329501917
Sirkazhi,160,TAMILVENTHAN.R,IND,217,,SC,Delta,0.10825750319284802
Sirkazhi,160,PETHAPERUMAL.K,Tamizhaga Vaazhvurimai Katchi,201,,SC,Delta,0.10027538314176246
Sirkazhi,160,BABUSANKAR.R,Our Mahathma National Party,194,,SC,Delta,0.09678320561941252
Mayiladuthurai,161,JAMAL MOHAMED YOUNOOS. Y.N,INC,68011,,GEN,Delta,36.087572495105086
Mayiladuthurai,161,PALANISAMY. A   M.COM.,PMK,57166,,GEN,Delta,30.333066257740327
Mayiladuthurai,161,HAROON RASHEED. S.S,TVK,52538,,GEN,Delta,27.877385772122615
Mayiladuthurai,161,KASIRAMAN. K,NTK,6886,,GEN,Delta,3.6538063578140836
Mayiladuthurai,161,NOTA,NOTA,474,,GEN,Delta,0.2515109226842689
Mayiladuthurai,161,ARAVAAZHI. K,All India Jananayaka Makkal Kazhagam,361,,GEN,Delta,0.19155156769835668
Mayiladuthurai,161,VEERASAMY. T,IND,329,,GEN,Delta,0.17457192734836385
Mayiladuthurai,161,SARAVANAN. K,Tamizhaga Vaazhvurimai Katchi,312,,GEN,Delta,0.16555149341243017
Mayiladuthurai,161,GANGADHARAN. R,IND,307,,GEN,Delta,0.16289842460774376
Mayiladuthurai,161,MANIMARAN,Veerath Thiyagi Viswanathadoss Thozhilalarkal Katchi,298,,GEN,Delta,0.1581229007593083
Mayiladuthurai,161,SAMPATH. L,IND,277,,GEN,Delta,0.1469800117796255
Mayiladuthurai,161,THIMOTHY. T,IND,277,,GEN,Delta,0.1469800117796255
Mayiladuthurai,161,NAVANITHAM. S,IND,245,,GEN,Delta,0.13000037142963267
Mayiladuthurai,161,VENKATESAN. K,Bahujan Samaj Party,206,,GEN,Delta,0.10930643475307888
Mayiladuthurai,161,ANANTHAKUMAR. R,IND,198,,GEN,Delta,0.10506152466558069
Mayiladuthurai,161,GOBALA KRISHNAN. S,IND,146,,GEN,Delta,0.07746960909684232
Mayiladuthurai,161,NATARAJAN. R,IND,106,,GEN,Delta,0.056245058659351276
Mayiladuthurai,161,BHARATHIRAJA. B,IND,104,,GEN,Delta,0.05518383113747671
Mayiladuthurai,161,JAMAL MOHAMED,IND,82,,GEN,Delta,0.043510328396856646
Mayiladuthurai,161,KARTHICK. A,Samaniya Makkal Nala Katchi,78,,GEN,Delta,0.04138787335310754
Mayiladuthurai,161,RAMKUMAR. S BBA.LLB,IND,60,,GEN,Delta,0.031836825656236564
Poompuhar,162,NIVEDHA M MURUGAN,DMK,81096,,GEN,Delta,36.97543360507742
Poompuhar,162,PAVUNRAJ. S,AIADMK,72836,,GEN,Delta,33.20931589794095
Poompuhar,162,VIJAYALAIYAN. J,TVK,55902,,GEN,Delta,25.48831865185753
Poompuhar,162,ILAYANAGULAN. K,NTK,6353,,GEN,Delta,2.896627820028816
Poompuhar,162,MAYA VENKATESAN. M,IND,730,,GEN,Delta,0.332840911163393
Poompuhar,162,NOTA,NOTA,586,,GEN,Delta,0.26718462183801134
Poompuhar,162,SHANGAMITHTHIRAN. A,IND,426,,GEN,Delta,0.19423318925425398
Poompuhar,162,PRABAKARAN. V,Bahujan Samaj Party,345,,GEN,Delta,0.1573015265087268
Poompuhar,162,MUJIBUR RAHMAN. E.M.M,IND,312,,GEN,Delta,0.14225529353832686
Poompuhar,162,PURATCHIDASAN. T,Anaithinthiya Anna Dravida Makkal Seyal katchi,264,,GEN,Delta,0.12036986376319965
Poompuhar,162,INBARAJ. T,IND,179,,GEN,Delta,0.08161441520307855
Poompuhar,162,NOOR NISHA. M,IND,107,,GEN,Delta,0.04878627054038774
Poompuhar,162,ANANDARAJ. D,IND,105,,GEN,Delta,0.04787437763309077
Poompuhar,162,MURUGAN. S,IND,83,,GEN,Delta,0.037843555652824136
Nagapattinam,163,M.H.JAWAHIRULLAH,DMK,56305,,GEN,Delta,37.207750155293866
Nagapattinam,163,M.SUGUMAR,TVK,46524,,GEN,Delta,30.744221085603268
Nagapattinam,163,THANKA.KATHIRAVAN,AIADMK,41586,,GEN,Delta,27.48106736449784
Nagapattinam,163,FATHIMA FARHANA.S,NTK,5348,,GEN,Delta,3.5340919604033676
Nagapattinam,163,NOTA,NOTA,479,,GEN,Delta,0.3165351624968611
Nagapattinam,163,J.V.DURAI,All India Youth Development Party,207,,GEN,Delta,0.1367907695967646
Nagapattinam,163,N.VIJAYARAGAVAN,IND,164,,GEN,Delta,0.10837529571917583
Nagapattinam,163,N P BHASHGARAN,IND,155,,GEN,Delta,0.10242787095409911
Nagapattinam,163,S.PREM,IND,150,,GEN,Delta,0.09912374608461202
Nagapattinam,163,SAKTHIVEL,IND,136,,GEN,Delta,0.08987219645004824
Nagapattinam,163,K.RAJASEKAR,Puthiya Tamilagam,86,,GEN,Delta,0.05683094775517756
Nagapattinam,163,M.IYYANKALAI,IND,72,,GEN,Delta,0.04757939812061377
Nagapattinam,163,VALLABADAS.E,Tamizhaga Vaazhvurimai Katchi,60,,GEN,Delta,0.03964949843384481
Nagapattinam,163,T.KATHIRAVAN,IND,54,,GEN,Delta,0.03568454859046033
Kilvelur,164,LATHA. T,CPI(M),56108,,SC,Delta,37.0015233749019
Kilvelur,164,SENTHIL PANDIAN. P,TVK,53830,,SC,Delta,35.49925150194213
Kilvelur,164,VADIVEL RAVANAN. S,PMK,31675,,SC,Delta,20.888701306409384
Kilvelur,164,KARTHIKA. M,NTK,8069,,SC,Delta,5.32126064219155
Kilvelur,164,SURENTHAR. K,Puthiya Tamilagam,563,,SC,Delta,0.37128141548566646
Kilvelur,164,NOTA,NOTA,545,,SC,Delta,0.35941096170459713
Kilvelur,164,VEDHA MUKUNDHAN,Aanaithinthiya Jananayaka Pathukappu Kazhagam,437,,SC,Delta,0.2881882390181816
Kilvelur,164,JAIVISHNUDEVI. M,IND,410,,SC,Delta,0.2703825583465777
Vedaranyam,165,MANIAN. O.S,AIADMK,59172,,GEN,Delta,36.477289539872764
Vedaranyam,165,PUGAZHENDI. M,DMK,51841,,GEN,Delta,31.958006608472655
Vedaranyam,165,KINGSLY GERALD. A,TVK,38347,,GEN,Delta,23.639468363170092
Vedaranyam,165,KARTHICK. T,NTK,10396,,GEN,Delta,6.408738965330177
Vedaranyam,165,NOTA,NOTA,563,,GEN,Delta,0.34706810672190164
Vedaranyam,165,LINGESWARAN. M,All India Puratchi Thalaivar Makkal Munnettra Kazhagam,382,,GEN,Delta,0.23548848448981605
Vedaranyam,165,VEERAKUMAR. V,IND,363,,GEN,Delta,0.22377570646545347
Vedaranyam,165,THIVASKAR. B,IND,324,,GEN,Delta,0.1997336884154461
Vedaranyam,165,RAJASIMMAN. D,IND,259,,GEN,Delta,0.15966365833210042
Vedaranyam,165,SATHIYASEELAN. M,IND,207,,GEN,Delta,0.12760763426542387
Vedaranyam,165,GOWTHAMAN. M,IND,204,,GEN,Delta,0.12575824826157714
Vedaranyam,165,SELVAKUMAR. S,IND,158,,GEN,Delta,0.09740099620259407
Thiruthuraipoondi,166,MARIMUTHU.K,CPI,74062,,SC,Delta,38.76982672878606
Thiruthuraipoondi,166,PANDIYAN.S,TVK,61140,,SC,Delta,32.005444171072604
Thiruthuraipoondi,166,BALATHANDAYUTHAM.U,AIADMK,43073,,SC,Delta,22.547767366382242
Thiruthuraipoondi,166,VINOTHINI.R,NTK,10176,,SC,Delta,5.326912003350259
Thiruthuraipoondi,166,NOTA,NOTA,797,,SC,Delta,0.4172119562372402
Thiruthuraipoondi,166,VIMALA.A,Bahujan Samaj Party,525,,SC,Delta,0.2748259435690729
Thiruthuraipoondi,166,ARUMUGAM.N,Tamizhaga Vaazhvurimai Katchi,450,,SC,Delta,0.2355650944877768
Thiruthuraipoondi,166,JAYASANGAR.A,IND,365,,SC,Delta,0.1910694655289745
Thiruthuraipoondi,166,SIVAPRAKASAM.V,IND,278,,SC,Delta,0.145526880594671
Thiruthuraipoondi,166,MURUGANANTHAM.V,IND,164,,SC,Delta,0.08585038999110087
Mannargudi,167,KAMARAJ. S,AMMK,68416,,GEN,Delta,35.247810407006696
Mannargudi,167,RAJAA.T.R.B,DMK,66850,,GEN,Delta,34.44100978876868
Mannargudi,167,RAJARAJAN.U,TVK,44266,,GEN,Delta,22.80577022153529
Mannargudi,167,BHARATHISELVAN.R,NTK,8240,,GEN,Delta,4.245234415249871
Mannargudi,167,RASUPILLAI.S,All India Puratchi Thalaivar Makkal Munnettra Kazhagam,1949,,GEN,Delta,1.0041215868109223
Mannargudi,167,KAMARAJ.A,IND,664,,GEN,Delta,0.34209170530654304
Mannargudi,167,NAMASIVAYAM.N,IND,659,,GEN,Delta,0.3395157135497166
Mannargudi,167,GOVINDARAJ.G,Tamizhaga Vaazhvurimai Katchi,635,,GEN,Delta,0.32715095311695
Mannargudi,167,PRABHU. S,IND,633,,GEN,Delta,0.3261205564142195
Mannargudi,167,NOTA,NOTA,405,,GEN,Delta,0.20865533230293665
Mannargudi,167,KAMARAJ.S,Bahujan Samaj Party,387,,GEN,Delta,0.19938176197836166
Mannargudi,167,BHARATHI.B,Puthiya Tamilagam,343,,GEN,Delta,0.17671303451828954
Mannargudi,167,ARULPRAKASH. P,IND,285,,GEN,Delta,0.14683153013910355
Mannargudi,167,DURAI ARASAN.K,IND,149,,GEN,Delta,0.07676455435342606
Mannargudi,167,MUTHUVEL.V,Tamilaga Makkal Nala Katchi,115,,GEN,Delta,0.05924781040700669
Mannargudi,167,MARIMUTHU.A.V.M,IND,104,,GEN,Delta,0.05358062854198866
Thiruvarur,168,KALAIVANAN POONDI  K,DMK,93408,,GEN,Delta,42.87228915662651
Thiruvarur,168,VEERAMANI V,TVK,75260,,GEN,Delta,34.54274239816408
Thiruvarur,168,CHANDRASEKARAN  GOVI,BJP,36387,,GEN,Delta,16.700860585197937
Thiruvarur,168,ASWINI B,NTK,10031,,GEN,Delta,4.604016064257028
Thiruvarur,168,NOTA,NOTA,825,,GEN,Delta,0.37865748709122204
Thiruvarur,168,SAHUL HAMEED M,IND,593,,GEN,Delta,0.27217441193344805
Thiruvarur,168,THIYAGARAJAN .M,Puthiya Tamilagam,526,,GEN,Delta,0.24142283419391852
Thiruvarur,168,KANTHAN A,Tamizhaga Vaazhvurimai Katchi,503,,GEN,Delta,0.2308663224325875
Thiruvarur,168,MUTHARASAN S,IND,342,,GEN,Delta,0.15697074010327022
Nannilam,169,KAMARAJ. R,AIADMK,103462,,GEN,Delta,44.70282228098374
Nannilam,169,MOHAMED MUBARAK,DMK,61738,,GEN,Delta,26.675135237897717
Nannilam,169,PRABHAKARAN. S,TVK,54530,,GEN,Delta,23.560774960681634
Nannilam,169,THENMOZHI DILIPKUMAR,NTK,8446,,GEN,Delta,3.64926288864693
Nannilam,169,NOTA,NOTA,936,,GEN,Delta,0.4044174832788925
Nannilam,169,RAJA. S,All India Puratchi Thalaivar Makkal Munnettra Kazhagam,861,,GEN,Delta,0.372012236221289
Nannilam,169,SIVARAMAN. T,Tamizhaga Vaazhvurimai Katchi,289,,GEN,Delta,0.12486821866196575
Nannilam,169,RAVICHANDRAN. R,IND,251,,GEN,Delta,0.10844956015277993
Nannilam,169,RAJASEKAR. R,IND,224,,GEN,Delta,0.09678367121204265
Nannilam,169,TAMILSELVAN. M,Puthiya Tamilagam,219,,GEN,Delta,0.09462332140820241
Nannilam,169,MOHUMED RIYAS. K,IND,143,,GEN,Delta,0.0617860043898308
Nannilam,169,SURESH. V,IND,104,,GEN,Delta,0.04493527591987695
Nannilam,169,BHARATHIMOHAN.  K.S,IND,103,,GEN,Delta,0.0445032059591089
Nannilam,169,SHANMUGARAJA. D,IND,86,,GEN,Delta,0.037158016626052094
Nannilam,169,SANKAR. R,IND,52,,GEN,Delta,0.022467637959938475
Thiruvidaimarudur,170,GOVI.CHEZHIAAN,DMK,79951,,SC,Delta,38.264319626311355
Thiruvidaimarudur,170,S.PRABAKARAN,TVK,65835,,SC,Delta,31.508442453480356
Thiruvidaimarudur,170,ELAMATHI SUBRAMANIAN,AIADMK,52922,,SC,Delta,25.32831763534727
Thiruvidaimarudur,170,M.DIVYA BHARATHI,NTK,6363,,SC,Delta,3.045313576843556
Thiruvidaimarudur,170,T.M.PURATCHI MANI,Bahujan Samaj Party,1043,,SC,Delta,0.49917681292595145
Thiruvidaimarudur,170,NOTA,NOTA,747,,SC,Delta,0.3575120606478291
Thiruvidaimarudur,170,P.MANIKANDAN,IND,588,,SC,Delta,0.2814151160119458
Thiruvidaimarudur,170,KANNAIYAN. T,Communist Party of India (Marxist-Leninist) (Liberation),321,,SC,Delta,0.1536296806799908
Thiruvidaimarudur,170,A.VISWANATHAN,Tamizhaga Vaazhvurimai Katchi,273,,SC,Delta,0.1306570181484034
Thiruvidaimarudur,170,DHANASEKAR,IND,266,,SC,Delta,0.12730683819588023
Thiruvidaimarudur,170,L.PRABAKARAN,IND,174,,SC,Delta,0.08327590167700437
Thiruvidaimarudur,170,M.TAMILMARAN,IND,143,,SC,Delta,0.0684393904586875
Thiruvidaimarudur,170,SELVARANI. S,IND,139,,SC,Delta,0.06652500191438854
Thiruvidaimarudur,170,KEERTHIGA. K,IND,95,,SC,Delta,0.04546672792710008
Thiruvidaimarudur,170,ARAVINDARAJ. R,IND,84,,SC,Delta,0.04020215943027797
Kumbakonam,171,VINOTH,TVK,78650,,GEN,Delta,37.7602166231372
Kumbakonam,171,ANBALAGAN G,DMK,77971,,GEN,Delta,37.4342256875096
Kumbakonam,171,ASHOKKUMAR R,BJP,40103,,GEN,Delta,19.25362958979874
Kumbakonam,171,ANANDH M,NTK,7710,,GEN,Delta,3.7016054693501306
Kumbakonam,171,STALIN MA KA,IND,1405,,GEN,Delta,0.6745467813796282
Kumbakonam,171,NOTA,NOTA,960,,GEN,Delta,0.4609002919035182
Kumbakonam,171,SRINIVASAN V,IND,384,,GEN,Delta,0.1843601167614073
Kumbakonam,171,ARIVAZHAGAN K,IND,241,,GEN,Delta,0.11570517744661239
Kumbakonam,171,SUNDAR G,Thamizh Desiya Munnetra Kazhagam,233,,GEN,Delta,0.11186434168074973
Kumbakonam,171,AROKIYARAJ V,Tamizhaga Vaazhvurimai Katchi,196,,GEN,Delta,0.09410047626363496
Kumbakonam,171,VIJAYAKUMAR C,IND,173,,GEN,Delta,0.08305807343677984
Kumbakonam,171,KARTHI G,IND,90,,GEN,Delta,0.04320940236595483
Kumbakonam,171,RAMAMOORTHI R,IND,89,,GEN,Delta,0.042729297895222
Kumbakonam,171,SENTHAMILSELVI S,IND,83,,GEN,Delta,0.03984867107082501
Papanasam,172,A.M. SHAHJAHAN,IUML,69284,,GEN,Delta,33.354033977941775
Papanasam,172,AZARUDEEN UDUMAN ALI,TVK,68219,,GEN,Delta,32.84133196612797
Papanasam,172,DORAI. SHANMUGA PRABU,AIADMK,57072,,GEN,Delta,27.475050909143427
Papanasam,172,ANIS FATHIMA,NTK,9604,,GEN,Delta,4.623464902779182
Papanasam,172,NOTA,NOTA,716,,GEN,Delta,0.34468980324759413
Papanasam,172,C. CHANDRASEKARAN,Thamizh Desiya Munnetra Kazhagam,524,,GEN,Delta,0.252259018019189
Papanasam,172,A. ANIS FATHIMA ABDUL RAHIM,IND,503,,GEN,Delta,0.2421494008848322
Papanasam,172,K. MASILAMANI,Communist Party of India (Marxist-Leninist) (Liberation),355,,GEN,Delta,0.17090067060460326
Papanasam,172,B. DHAMODHARAN,Tamizhaga Vaazhvurimai Katchi,307,,GEN,Delta,0.14779297429750196
Papanasam,172,S. NATARAJAN,IND,297,,GEN,Delta,0.14297887090018918
Papanasam,172,V. THIYAGARAJAN,IND,248,,GEN,Delta,0.11938976425335662
Papanasam,172,V. KULANDHAIVELU,IND,205,,GEN,Delta,0.09868911964491173
Papanasam,172,A S THANGARASU,IND,201,,GEN,Delta,0.09676347828598662
Papanasam,172,K. RAJENDRAN,IND,188,,GEN,Delta,0.09050514386948003
Thiruvaiyaru,173,DURAI. CHANDRASEKARAN,DMK,80425,,GEN,Delta,36.20937279108193
Thiruvaiyaru,173,MATHI. MANIKANDAN,TVK,71870,,GEN,Delta,32.357695026360695
Thiruvaiyaru,173,VELU. KARTHIKEYAN,AMMK,55121,,GEN,Delta,24.816870843857348
Thiruvaiyaru,173,DURAI. SENTHILNATHAN,NTK,10681,,GEN,Delta,4.808856832844839
Thiruvaiyaru,173,VIJAYA BABU,Tamizhaga Vaazhvurimai Katchi,1130,,GEN,Delta,0.5087546316931624
Thiruvaiyaru,173,NOTA,NOTA,948,,GEN,Delta,0.42681362021691854
Thiruvaiyaru,173,RAJASEKARAN. S,IND,357,,GEN,Delta,0.1607304455880168
Thiruvaiyaru,173,V. VENU,Puthiya Tamilagam,352,,GEN,Delta,0.15847931889910902
Thiruvaiyaru,173,R. RAJKUMAR,IND,306,,GEN,Delta,0.13776895336115724
Thiruvaiyaru,173,S. VIJAYAKUMAR,Anna Puratchi Thalaivar Amma Dravida Munnetra Kazhagam,293,,GEN,Delta,0.131916023969997
Thiruvaiyaru,173,R. SATHIYANARAYANAN,IND,178,,GEN,Delta,0.08014011012511763
Thiruvaiyaru,173,JAYAINDHRAESWARAN,IND,167,,GEN,Delta,0.07518763140952046
Thiruvaiyaru,173,ER.S. ARJUN,IND,156,,GEN,Delta,0.0702351526939233
Thiruvaiyaru,173,ABIMAN,IND,127,,GEN,Delta,0.05717861789825808
Thanjavur,174,R. VIJAYSARAVANAN,TVK,87705,,GEN,Delta,44.11764705882353
Thanjavur,174,SHAN. RAMANATHAN,DMK,70750,,GEN,Delta,35.58888922423767
Thanjavur,174,KARUPPU MURUGANANTHAM,BJP,26790,,GEN,Delta,13.475990704131831
Thanjavur,174,N. KRISHNAKUMAR,NTK,9383,,GEN,Delta,4.719866397046248
Thanjavur,174,NOTA,NOTA,1274,,GEN,Delta,0.6408515176209016
Thanjavur,174,R. MURALIDHARAN,IND,844,,GEN,Delta,0.42455155484461615
Thanjavur,174,S. KARIKALA CHOLAN,IND,800,,GEN,Delta,0.4024185353977404
Thanjavur,174,S. MUTHUVEL,Bahujan Dravida Party,513,,GEN,Delta,0.2580508858238011
Thanjavur,174,H. MOHAMED ABDUL KHADIR,Tamizhaga Vaazhvurimai Katchi,266,,GEN,Delta,0.1338041630197487
Thanjavur,174,M. SANTHOSH,IND,179,,GEN,Delta,0.09004114729524441
Thanjavur,174,D. KUMARAN,IND,157,,GEN,Delta,0.07897463757180656
Thanjavur,174,R. SABTHAGIRI,IND,137,,GEN,Delta,0.06891417418686305
Orathanadu,175,R. VAITHILINGAM,DMK,86759,,GEN,Delta,44.42254126899602
Orathanadu,175,DR. K. ARVIND,TVK,51731,,GEN,Delta,26.487424732724367
Orathanadu,175,M. SEKAR,AIADMK,44260,,GEN,Delta,22.662106254864213
Orathanadu,175,S.THIRUMURUGAN,NTK,10135,,GEN,Delta,5.189345840330971
Orathanadu,175,NOTA,NOTA,631,,GEN,Delta,0.3230860607053619
Orathanadu,175,M. SELVARAJ,Party for the Rights of Other backward Classes,548,,GEN,Delta,0.28058821119895133
Orathanadu,175,M. KANAGARAJ,IND,354,,GEN,Delta,0.1812558882562569
Orathanadu,175,C. GUNASEKARAN,Thamizh Desiya Munnetra Kazhagam,352,,GEN,Delta,0.18023184368983738
Orathanadu,175,T. VIJAYAKUMAR,IND,277,,GEN,Delta,0.14183017244910498
Orathanadu,175,A. AJESHKANNAN,IND,257,,GEN,Delta,0.13158972678490968
Pattukkottai,176,ANNADURAI K,DMK,65963,,GEN,Delta,35.89920814171814
Pattukkottai,176,MATHAN C,TVK,52209,,GEN,Delta,28.413834390051427
Pattukkottai,176,SEKAR C V,AIADMK,49575,,GEN,Delta,26.980325995265176
Pattukkottai,176,KANNAN S,NTK,13145,,GEN,Delta,7.153936161528204
Pattukkottai,176,NOTA,NOTA,738,,GEN,Delta,0.40164358213828943
Pattukkottai,176,GURUMOORTHY M,Puthiya Tamilagam,521,,GEN,Delta,0.28354513047974095
Pattukkottai,176,ANNADURAI C N,IND,382,,GEN,Delta,0.20789681351873524
Pattukkottai,176,ZIAUDEEN A J,IND,289,,GEN,Delta,0.15728319137935726
Pattukkottai,176,MOHAMED SHARIF M,IND,250,,GEN,Delta,0.13605812403058587
Pattukkottai,176,MUTHUKUMAR D,IND,240,,GEN,Delta,0.13061579906936244
Pattukkottai,176,SURESH M R,IND,238,,GEN,Delta,0.12952733407711775
Pattukkottai,176,SURESH R,IND,195,,GEN,Delta,0.10612533674385696
Peravurani,177,ASHOKKUMAR. N,DMK,60919,,GEN,Delta,34.55926568864381
Peravurani,177,GOVI.ELANGO,AIADMK,57757,,GEN,Delta,32.765467397347315
Peravurani,177,D.CHANDRAKANDEEBAN,TVK,45576,,GEN,Delta,25.855202695803126
Peravurani,177,BHUVANA MANIYARASAN,NTK,9122,,GEN,Delta,5.174898169894596
Peravurani,177,NOTA,NOTA,695,,GEN,Delta,0.39427255295732777
Peravurani,177,R.RAVI,All India Puratchi Thalaivar Makkal Munnettra Kazhagam,560,,GEN,Delta,0.31768723691525697
Peravurani,177,PASUMAIBHOOMI NATARAJAN,IND,417,,GEN,Delta,0.23656353177439665
Peravurani,177,NEIVELI SASIKUMAR,Tamizhaga Vaazhvurimai Katchi,415,,GEN,Delta,0.23542893449969934
Peravurani,177,T.ARULMURUGAN,IND,294,,GEN,Delta,0.16678579938050989
Peravurani,177,G.CHITHIRAVELU,Puthiya Tamilagam,278,,GEN,Delta,0.15770902118293112
Peravurani,177,U.UTHAYAKUMAR,IND,241,,GEN,Delta,0.1367189716010302
Gandharvakottai,178,N. SUBRAMANIAN,TVK,58795,,SC,Delta,35.076781729885816
Gandharvakottai,178,C. UTHAYAKUMAR,BJP,47756,,SC,Delta,28.490973523129977
Gandharvakottai,178,M. CHINNADURAI,CPI(M),46734,,SC,Delta,27.881253803290818
Gandharvakottai,178,NATHIYA,NTK,10189,,SC,Delta,6.0787027646195515
Gandharvakottai,178,NOTA,NOTA,1127,,SC,Delta,0.6723621568089346
Gandharvakottai,178,ARUNKUMAR . S,IND,653,,SC,Delta,0.38957629848822917
Gandharvakottai,178,SENTHILKUMAR N,IND,642,,SC,Delta,0.38301375747234784
Gandharvakottai,178,M. LAKSHMANAN,IND,584,,SC,Delta,0.3484112684795189
Gandharvakottai,178,DHANARASU,Namadhu Makkal Katchi,405,,SC,Delta,0.24162082831199516
Gandharvakottai,178,T. MURUGESAN,IND,404,,SC,Delta,0.24102423367418774
Gandharvakottai,178,SASIKUMAR P,IND,329,,SC,Delta,0.1962796358386331
Viralimalai,179,VIJAYABASKAR. C,AIADMK,105773,,GEN,Delta,51.86959655945195
Viralimalai,179,MURUGESAN. P,TVK,43700,,GEN,Delta,21.429867448668848
Viralimalai,179,CHELLAPANDIYAN. K.K,DMK,40397,,GEN,Delta,19.810122547457105
Viralimalai,179,SATHYALAKSHMI. K,NTK,9467,,GEN,Delta,4.642484099234507
Viralimalai,179,KARTHIKA PRAKASH,All India Puratchi Thalaivar Makkal Munnettra Kazhagam,834,,GEN,Delta,0.4089819096610942
Viralimalai,179,MAHENDIRAN. K,IND,555,,GEN,Delta,0.27216422045792243
Viralimalai,179,THIRUVENDRAN. V,IND,424,,GEN,Delta,0.2079236567101966
Viralimalai,179,NOTA,NOTA,375,,GEN,Delta,0.18389474355265029
Viralimalai,179,PALANISAMY. K,Veerath Thiyagi Viswanathadoss Thozhilalarkal Katchi,261,,GEN,Delta,0.1279907415126446
Viralimalai,179,SELVARAJ. A,Puthiya Tamilagam,251,,GEN,Delta,0.12308688168457392
Viralimalai,179,THIRUMURUGAN. K,IND,218,,GEN,Delta,0.1069041442519407
Viralimalai,179,BALAVEL MURUGESAN. T,IND,215,,GEN,Delta,0.10543298630351951
Viralimalai,179,BALASUBRAMANIAN. K.K,IND,205,,GEN,Delta,0.10052912647544883
Viralimalai,179,MANIKANDAN. M,IND,157,,GEN,Delta,0.07699059930070959
Viralimalai,179,JAYAGANDHI. R,IND,153,,GEN,Delta,0.07502905536948132
Viralimalai,179,PALANISAMY. A,IND,134,,GEN,Delta,0.06571172169614704
Viralimalai,179,BALASUBRAMANIAN. M,IND,130,,GEN,Delta,0.06375017776491877
Viralimalai,179,ADAIKALARAJ. S,IND,96,,GEN,Delta,0.047077054349478474
Viralimalai,179,VEERAMANI. M,IND,90,,GEN,Delta,0.04413473845263607
Viralimalai,179,SUBBAIAH. R,IND,75,,GEN,Delta,0.03677894871053006
Viralimalai,179,JOTHIVEL. A,IND,73,,GEN,Delta,0.03579817674491592
Viralimalai,179,THIRUMURUGAN. A,IND,70,,GEN,Delta,0.034327018796494725
Viralimalai,179,CHANDRAJOTHI. M,IND,60,,GEN,Delta,0.029423158968424044
Viralimalai,179,MATHIYALAGAN. G,IND,58,,GEN,Delta,0.02844238700280991
Viralimalai,179,VEERAMANI. M,IND,56,,GEN,Delta,0.027461615037195776
Viralimalai,179,ALAGAR. P ADVOCATE,IND,52,,GEN,Delta,0.025500071105967508
Viralimalai,179,RAJA. P,IND,42,,GEN,Delta,0.020596211277896834
Pudukkottai,180,V. MUTHURAJA,DMK,66825,,GEN,Delta,35.10121967874439
Pudukkottai,180,K.M. SHARIFF,TVK,64958,,GEN,Delta,34.1205391379256
Pudukkottai,180,N. RAMACHANDRAN,BJP,41089,,GEN,Delta,21.58285095966971
Pudukkottai,180,EZHILARASI VIJAYENDRAN,NTK,11673,,GEN,Delta,6.131485780920064
Pudukkottai,180,K. KAILASAKUMAR,IND,669,,GEN,Delta,0.3514061498702581
Pudukkottai,180,E. RAMALINGAM,Party for the Rights of Other backward Classes,510,,GEN,Delta,0.2678880963136497
Pudukkottai,180,NOTA,NOTA,467,,GEN,Delta,0.24530145289896943
Pudukkottai,180,SENTHILNATHAN .B,IND,466,,GEN,Delta,0.24477618212188382
Pudukkottai,180,S. NIYAZ AHAMED,Tamizhaga Vaazhvurimai Katchi,372,,GEN,Delta,0.19540072907583858
Pudukkottai,180,S. SELVARAJ,IND,351,,GEN,Delta,0.18437004275704127
Pudukkottai,180,G. DURAISARAVANAN,IND,324,,GEN,Delta,0.17018773177573038
Pudukkottai,180,C. GOVINDASAMY,IND,239,,GEN,Delta,0.12553971572345546
Pudukkottai,180,C. KARUPPAIAH,IND,233,,GEN,Delta,0.12238809106094191
Pudukkottai,180,A. SUBARESH RAJA,IND,232,,GEN,Delta,0.12186282028385632
Pudukkottai,180,KANGATHARAN .P,IND,210,,GEN,Delta,0.1103068631879734
Pudukkottai,180,D. RAMESH,IND,193,,GEN,Delta,0.10137725997751842
Pudukkottai,180,R. SIVAKUMAR,IND,192,,GEN,Delta,0.10085198920043283
Pudukkottai,180,R. RAMACHANDRAN,IND,190,,GEN,Delta,0.09980144764626166
Pudukkottai,180,V.R. JAYAKUMAR,IND,129,,GEN,Delta,0.0677599302440408
Pudukkottai,180,RAMACHANDRAN .C,IND,128,,GEN,Delta,0.06723465946695523
Pudukkottai,180,K. RENGAN,Puthiya Tamilagam,122,,GEN,Delta,0.06408303480444169
Pudukkottai,180,C. KARUPPAIAH,IND,112,,GEN,Delta,0.058830327033585816
Pudukkottai,180,K. DHANAGOPAL,IND,102,,GEN,Delta,0.053577619262729935
Pudukkottai,180,G. MANIMEGALAI,Communist Party of India (Marxist-Leninist) (Liberation),100,,GEN,Delta,0.05252707770855876
Pudukkottai,180,C. RAMACHANDRAN,IND,89,,GEN,Delta,0.0467490991606173
Pudukkottai,180,M. A. MUTHUKUMAR,IND,83,,GEN,Delta,0.04359747449810377
Pudukkottai,180,G. ARIVAZHAGAN,IND,81,,GEN,Delta,0.042546932943932594
Pudukkottai,180,A. RAJASEKAR,Veerath Thiyagi Viswanathadoss Thozhilalarkal Katchi,74,,GEN,Delta,0.03887003750433348
Pudukkottai,180,K. MURUGESAN,IND,64,,GEN,Delta,0.03361732973347761
Pudukkottai,180,G. MUTHURAJ,IND,62,,GEN,Delta,0.03256678817930643
Pudukkottai,180,A. RADHAKRISHNAN,IND,39,,GEN,Delta,0.020485560306337917
Thirumayam,181,REGUPATHY.S,DMK,58201,,GEN,Delta,31.87139946991435
Thirumayam,181,CHINTHAMANI.C,TVK,56709,,GEN,Delta,31.05436663527041
Thirumayam,181,VAIRAMUTHU.PK,AIADMK,55464,,GEN,Delta,30.37259325783629
Thirumayam,181,LAKSHMI SRINIVASAN,NTK,9102,,GEN,Delta,4.984338378638863
Thirumayam,181,NOTA,NOTA,945,,GEN,Delta,0.5174906358837317
Thirumayam,181,SUBBIAH.A,Puthiya Tamilagam,359,,GEN,Delta,0.1965916807219679
Thirumayam,181,DURAIRAJAN.M,IND,289,,GEN,Delta,0.15825904102687666
Thirumayam,181,RAMNATH.T,IND,287,,GEN,Delta,0.15716382274987406
Thirumayam,181,SUBRAMANIAN.P,IND,279,,GEN,Delta,0.15278294964186362
Thirumayam,181,ESWAR.S,IND,238,,GEN,Delta,0.13033097496331017
Thirumayam,181,MUTHUKARUPPAN.CN,Party for the Rights of Other backward Classes,228,,GEN,Delta,0.12485488357829716
Thirumayam,181,CHINNATHAMBI.P,IND,193,,GEN,Delta,0.10568856373075154
Thirumayam,181,RAJA.K,All India Puratchi Thalaivar Makkal Munnettra Kazhagam,135,,GEN,Delta,0.07392723369767594
Thirumayam,181,RAMSINGH.SK,Tamizhaga Vaazhvurimai Katchi,97,,GEN,Delta,0.05311808643462642
Thirumayam,181,SATHISHKUMAR.M,IND,86,,GEN,Delta,0.047094385911112084
Alangudi,182,SIVA.V.MEYYANATHAN,DMK,64929,,GEN,Delta,35.97513339206463
Alangudi,182,KANDASAMY,TVK,51952,,GEN,Delta,28.784982519129226
Alangudi,182,DHANA VIMAL,AIADMK,50063,,GEN,Delta,27.738346547874315
Alangudi,182,R.RAJARAM,NTK,10652,,GEN,Delta,5.9019409030213374
Alangudi,182,NOTA,NOTA,673,,GEN,Delta,0.3728883052697484
Alangudi,182,D.PUSHPARAJ,All India Puratchi Thalaivar Makkal Munnettra Kazhagam,618,,GEN,Delta,0.3424145210352222
Alangudi,182,R.SURESH,Party for the Rights of Other backward Classes,530,,GEN,Delta,0.29365646625998015
Alangudi,182,S MALAIYANDI,Akila Inthiya Makkal Marumalarchi Kazhakam,184,,GEN,Delta,0.10194865998459689
Alangudi,182,K.MURUGESAN,IND,174,,GEN,Delta,0.09640797194195576
Alangudi,182,SASIKUMAR.P,IND,158,,GEN,Delta,0.08754287107372993
Alangudi,182,B.SELVAM,IND,136,,GEN,Delta,0.07535335737991944
Alangudi,182,S.VANMEGANADHAN,IND,132,,GEN,Delta,0.07313708216286299
Alangudi,182,M.NAGARAJAN,IND,125,,GEN,Delta,0.06925860053301418
Alangudi,182,T.THIRUMARAN,IND,91,,GEN,Delta,0.05042026118803433
Alangudi,182,V.KANNADASSAN,IND,66,,GEN,Delta,0.036568541081431497
Aranthangi,183,MOHAMED FARVAS. J,TVK,73244,,GEN,Delta,40.083182838067096
Aranthangi,183,RAMACHANDRAN . T,INC,63182,,GEN,Delta,34.576697860230944
Aranthangi,183,KAVITHA SRIKANTH,BJP,31456,,GEN,Delta,17.214469435779563
Aranthangi,183,MUTHULAKSHMI. S,NTK,9975,,GEN,Delta,5.458873748153013
Aranthangi,183,SHAHUL HAMEED . N,IND,798,,GEN,Delta,0.43670989985224107
Aranthangi,183,NAZIM KHAN. M,Tamizhaga Vaazhvurimai Katchi,774,,GEN,Delta,0.4235757675258578
Aranthangi,183,KALIMUTHU. P,IND,762,,GEN,Delta,0.41700870136266627
Aranthangi,183,NOTA,NOTA,580,,GEN,Delta,0.3174081978875937
Aranthangi,183,DHETCHNA MOORTHY. DOCTOR. S,IND,408,,GEN,Delta,0.2232802495485142
Aranthangi,183,ABDUL JAFFAR. S,IND,322,,GEN,Delta,0.17621627537897444
Aranthangi,183,MURUGARETHINAM. T,IND,305,,GEN,Delta,0.16691293164778637
Aranthangi,183,SUNDAR . A,IND,293,,GEN,Delta,0.16034586548459476
Aranthangi,183,ARUNAGIRI . M,IND,210,,GEN,Delta,0.11492365785585289
Aranthangi,183,KARTHIKEYAN. N,IND,149,,GEN,Delta,0.08154107152629562
Aranthangi,183,AIYAPPAN,IND,138,,GEN,Delta,0.07552126087670333
Aranthangi,183,UDAIYAPPAN. M,IND,134,,GEN,Delta,0.07333223882230613
Karaikudi,184,DR.PRABHU. TK,TVK,101358,,GEN,South,44.209589692367416
Karaikudi,184,MANGUDI. S,INC,55284,,GEN,South,24.113370000915964
Karaikudi,184,DHERPOKI V.PANDI,AMMK,33352,,GEN,South,14.547230957791571
Karaikudi,184,SEEMAN,NTK,30793,,GEN,South,13.431065090047847
Karaikudi,184,NEWTON BABU. C,Puthiya Tamilagam,796,,GEN,South,0.34719344694177534
Karaikudi,184,VELU. K,IND,689,,GEN,South,0.30052297103377285
Karaikudi,184,KALIMUTHU. A,All India Puratchi Thalaivar Makkal Munnettra Kazhagam,602,,GEN,South,0.2625759485665185
Karaikudi,184,KARUPPIAH. K,Republican Party of India (Athawale),590,,GEN,South,0.25734187650206963
Karaikudi,184,DINESH. K,IND,531,,GEN,South,0.23160768885186264
Karaikudi,184,NOTA,NOTA,519,,GEN,South,0.2263736167874138
Karaikudi,184,PRABU. G,IND,502,,GEN,South,0.2189586813627779
Karaikudi,184,MANIMARAN. R,IND,471,,GEN,South,0.2054373285296183
Karaikudi,184,KALIDASS. R,IND,469,,GEN,South,0.20456498318554348
Karaikudi,184,RANJITHKUMAR BALUSAMY,Bahujan Samaj Party,458,,GEN,South,0.19976708379313202
Karaikudi,184,PANDI. S,IND,361,,GEN,South,0.15745833460550362
Karaikudi,184,JEEVITHA. A,IND,321,,GEN,South,0.14001142772400738
Karaikudi,184,AZIZ ABDUL RAHMAN. J,Samaniya Makkal Nala Katchi,315,,GEN,South,0.13739439169178294
Karaikudi,184,SHANTHI. B,IND,263,,GEN,South,0.11471341274583782
Karaikudi,184,LAKSHMANAN. R,IND,258,,GEN,South,0.1125325493856508
Karaikudi,184,VEERAMANIKANDAN. V,IND,236,,GEN,South,0.10293675060082785
Karaikudi,184,RAMU. M,IND,216,,GEN,South,0.09421329716007974
Karaikudi,184,SURESH. V,IND,216,,GEN,South,0.09421329716007974
Karaikudi,184,MUTHUKUMAR. K,IND,175,,GEN,South,0.07633021760654608
Karaikudi,184,SELVI. K,IND,169,,GEN,South,0.07371318157432163
Karaikudi,184,UDHUMAN ALI. M.S,IND,166,,GEN,South,0.07240466355820942
Karaikudi,184,RAMANATHAN. S.V,IND,157,,GEN,South,0.06847910950987277
Tiruppattur,185,SEENIVASA SETHUPATHY. R,TVK,83375,,GEN,South,38.65143016086412
Tiruppattur,185,PERIAKARUPPAN. KR,DMK,83374,,GEN,South,38.65096657549488
Tiruppattur,185,THIRUMARAN. K.C,BJP,29054,,GEN,South,13.469009318065922
Tiruppattur,185,RAMYA MOHAN,NTK,15291,,GEN,South,7.088683881136712
Tiruppattur,185,RAJA. K.P.M,IND,753,,GEN,South,0.3490797830420472
Tiruppattur,185,NOTA,NOTA,747,,GEN,South,0.3462982708265727
Tiruppattur,185,UMADEVI. S,All India Puratchi Thalaivar Makkal Munnettra Kazhagam,611,,GEN,South,0.28325066060915116
Tiruppattur,185,VISHWANATHAN. S,IND,496,,GEN,South,0.22993834314589032
Tiruppattur,185,SHANMUGAM. M,IND,383,,GEN,South,0.17755319642112094
Tiruppattur,185,DR.VINAYAGA MEYYARASU. T,IND,380,,GEN,South,0.1761624403133837
Tiruppattur,185,MARIMUTHU. S,IND,350,,GEN,South,0.1622548792360113
Tiruppattur,185,BAKIYALAKSHMI. M,IND,266,,GEN,South,0.12331370821936859
Tiruppattur,185,PIRAMAN. P,IND,223,,GEN,South,0.1033795373418015
Tiruppattur,185,MALLIKA. A,IND,143,,GEN,South,0.06629270780214176
Tiruppattur,185,SETHU. P,IND,135,,GEN,South,0.0625840248481758
Tiruppattur,185,PANCHAVARNAM. M,IND,129,,GEN,South,0.05980251263270132
Sivaganga,186,KULANTHAI RANI A,TVK,73737,,GEN,South,34.44575763662778
Sivaganga,186,SENTHILNATHAN PR,AIADMK,58656,,GEN,South,27.400767049568593
Sivaganga,186,KARUNAAS S,DMK,57300,,GEN,South,26.767320511802378
Sivaganga,186,INDHUJA R,NTK,19021,,GEN,South,8.885535836910874
Sivaganga,186,MURUGANANTHAM GURU,All India Puratchi Thalaivar Makkal Munnettra Kazhagam,1186,,GEN,South,0.554032148813222
Sivaganga,186,NOTA,NOTA,1053,,GEN,South,0.491902068044117
Sivaganga,186,MARIMUTHU K,Bahujan Samaj Party,447,,GEN,South,0.20881312859992435
Sivaganga,186,KARTHIK M,IND,369,,GEN,South,0.17237593837443416
Sivaganga,186,RAJAMANICKAM M,Desiya Makkal Sakthi Katchi,319,,GEN,South,0.1490187651529661
Sivaganga,186,PAULSAMY,IND,282,,GEN,South,0.1317344569690798
Sivaganga,186,PRABAKARAN S.T,IND,282,,GEN,South,0.1317344569690798
Sivaganga,186,NAGAPRABU,IND,264,,GEN,South,0.12332587460935128
Sivaganga,186,RAJESH X,Tamizhaga Vaazhvurimai Katchi,263,,GEN,South,0.12285873114492192
Sivaganga,186,RAJKUMAR C,Party for the Rights of Other backward Classes,223,,GEN,South,0.1041729925677475
Sivaganga,186,KALEESWARAN M,IND,210,,GEN,South,0.0981001275301658
Sivaganga,186,RAMESH K,IND,195,,GEN,South,0.09109297556372536
Sivaganga,186,SANTHANAM,IND,161,,GEN,South,0.07521009777312711
Sivaganga,186,IRUDAYARAJ V,IND,99,,GEN,South,0.04624720297850673
Manamadurai,187,ELANGOVAN.D,TVK,69971,,SC,South,33.53623174513403
Manamadurai,187,TAMILARASI.A,DMK,68763,,SC,South,32.95725234012165
Manamadurai,187,BALAGANAPATHY.V,BJP,42610,,SC,South,20.422444079120794
Manamadurai,187,SHANMUGAPRIYA.M,NTK,19676,,SC,South,9.430462560450147
Manamadurai,187,ARUMUGAM.V,Republican Party of India,1692,,SC,South,0.81095459708689
Manamadurai,187,THILAGARAJ.K,All India Puratchi Thalaivar Makkal Munnettra Kazhagam,1686,,SC,South,0.8080788715653052
Manamadurai,187,NOTA,NOTA,846,,SC,South,0.405477298543445
Manamadurai,187,RAJAMANIKKAM.A,Puthiya Tamilagam,706,,SC,South,0.338377036373135
Manamadurai,187,BHARATHIDASAN.S,IND,612,,SC,South,0.2933240032016411
Manamadurai,187,ARUNPANDIAN.A,Tamizhaga Vaazhvurimai Katchi,484,,SC,South,0.23197519207450046
Manamadurai,187,VEERAPANDI.V,IND,428,,SC,South,0.20513508720637644
Manamadurai,187,RAJU.J.M,IND,328,,SC,South,0.15720632851329783
Manamadurai,187,SATHISH.T,IND,317,,SC,South,0.1519341650570592
Manamadurai,187,SHANKARGANESAN.S,IND,263,,SC,South,0.12605263536279673
Manamadurai,187,KARUPPUSAMI.V,IND,261,,SC,South,0.12509406018893515
Melur,188,P.VISWANATHAN,INC,60080,,GEN,South,31.50068684919728
Melur,188,A.MADURAIVEERAN,TVK,57356,,GEN,South,30.07245996875098
Melur,188,P.PERIYAPULLAN (A) SELVAM,AIADMK,56744,,GEN,South,29.751580801778466
Melur,188,KOTTAIKUMAR,NTK,9570,,GEN,South,5.017669326678062
Melur,188,SONIAGANDHI,All India Puratchi Thalaivar Makkal Munnettra Kazhagam,2628,,GEN,South,1.3778928934702137
Melur,188,M.MURUGAN,IND,2170,,GEN,South,1.1377578306051614
Melur,188,NOTA,NOTA,554,,GEN,South,0.29046904984113336
Melur,188,M.PANNEERSELVAM,Puthiya Tamilagam,423,,GEN,South,0.22178413011335632
Melur,188,C.RAMESH,IND,317,,GEN,South,0.1662070194939337
Melur,188,K.MEYYAR,Communist Party of India (Marxist-Leninist) (Liberation),276,,GEN,South,0.1447102125562325
Melur,188,C.MOHANRAM,IND,269,,GEN,South,0.14104002600589327
Melur,188,K.MANIKANDAPRABU,IND,138,,GEN,South,0.07235510627811625
Melur,188,S.BOOPATHI,IND,116,,GEN,South,0.06082023426276439
Melur,188,K.SETHURAMAN,IND,85,,GEN,South,0.044566550968404936
Madurai East,189,KARTHIKEYAN S,TVK,118777,,GEN,South,43.73780222855586
Madurai East,189,MOORTHY P,DMK,102230,,GEN,South,37.64462414293395
Madurai East,189,MAHENDRAN K,AIADMK,31016,,GEN,South,11.421164652423352
Madurai East,189,SELVAM K,NTK,13629,,GEN,South,5.018669494708469
Madurai East,189,PRINCE S,Republican Party of India (Athawale),1591,,GEN,South,0.5858612639284742
Madurai East,189,NOTA,NOTA,1177,,GEN,South,0.43341213553979513
Madurai East,189,KARTHIKEYAN G,IND,750,,GEN,South,0.27617595722586774
Madurai East,189,BHARATHIRAJA A,Puthiya Tamilagam,594,,GEN,South,0.21873135812288724
Madurai East,189,MUGESHKUMAR M,IND,561,,GEN,South,0.20657961600494906
Madurai East,189,PITCHAI V,IND,240,,GEN,South,0.08837630631227768
Madurai East,189,ARUN PANDIAN A J,IND,217,,GEN,South,0.07990691029068439
Madurai East,189,ARASU S,IND,196,,GEN,South,0.0721739834883601
Madurai East,189,AJAY KANNAN A,IND,163,,GEN,South,0.06002224137042192
Madurai East,189,BOOMIRAJAN K,Tamizhaga Vaazhvurimai Katchi,159,,GEN,South,0.05854930293188396
Madurai East,189,VELLADURAI A,IND,145,,GEN,South,0.0533940183970011
Madurai East,189,CHANDRA MOULISWARAN A,IND,121,,GEN,South,0.04455638776577333
Sholavandan,190,KARUPPAIAH.M.V,TVK,63907,,SC,South,33.798921091601436
Sholavandan,190,VENKATESAN.A,DMK,61229,,SC,South,32.382589380156546
Sholavandan,190,MANICKAM.K,AIADMK,49494,,SC,South,26.176221705098374
Sholavandan,190,NAGALAKSHMI THIRUMARAN.T,NTK,10430,,SC,South,5.516183625978422
Sholavandan,190,BALAMURUGAN.K,All India Puratchi Thalaivar Makkal Munnettra Kazhagam,2091,,SC,South,1.1058811085254918
Sholavandan,190,NOTA,NOTA,571,,SC,South,0.3019885762640152
Sholavandan,190,RAGHU.K,Puthiya Tamilagam,265,,SC,South,0.14015231647979692
Sholavandan,190,BALAMURUGAN.R,IND,203,,SC,South,0.10736196319018405
Sholavandan,190,THANGAPANDI.P,Tamizhaga Vaazhvurimai Katchi,195,,SC,South,0.10313094986249206
Sholavandan,190,RANJITH KUMAR.S,IND,187,,SC,South,0.09889993653480009
Sholavandan,190,GUNASEKARAN.P,IND,186,,SC,South,0.09837105986883858
Sholavandan,190,BALAMURUGAN.C,IND,143,,SC,South,0.07562936323249418
Sholavandan,190,AJAY SUBASH.B,IND,72,,SC,South,0.03807911994922784
Sholavandan,190,RAMADOSS.C,Indhu Dravida Makkal Katchi,65,,SC,South,0.03437698328749735
Sholavandan,190,KRISHNASAMY.P,IND,42,,SC,South,0.022212819970382908
Madurai North,191,A.KALLANAI,TVK,72853,,GEN,South,45.026297736107935
Madurai North,191,G.THALAPATHI,DMK,54815,,GEN,South,33.878035364429145
Madurai North,191,P.SARAVANAN,AIADMK,24982,,GEN,South,15.439954017589507
Madurai North,191,V THIRUNAVUKKARASU,NTK,7415,,GEN,South,4.582789970395733
Madurai North,191,NOTA,NOTA,753,,GEN,South,0.4653864932849612
Madurai North,191,D.MOHAMED ISMAIL,IND,164,,GEN,South,0.10135907689074852
Madurai North,191,R RAJKUMAR,Naam Indiar Party,138,,GEN,South,0.08528995494465423
Madurai North,191,A.RAJANGAM,IND,135,,GEN,South,0.08343582548933566
Madurai North,191,M J VOLTAIRE,Socialist Unity Centre Of India (COMMUNIST),122,,GEN,South,0.07540126451628852
Madurai North,191,M.P.SANKARAPANDI,IND,122,,GEN,South,0.07540126451628852
Madurai North,191,P MUTHUSAMY,IND,101,,GEN,South,0.062422358329058535
Madurai North,191,C.SATHISHKUMAR,IND,94,,GEN,South,0.05809605626664854
Madurai North,191,J.KESAVARAJAH,IND,82,,GEN,South,0.05067953844537426
Madurai North,191,N.KUPPUSAMY,IND,25,,GEN,South,0.015451078794321418
Madurai South,192,M.M.GOPISON,TVK,62415,,GEN,South,44.10860547126209
Madurai South,192,M.BOOMINATHAN,DMK,40886,,GEN,South,28.894087051157925
Madurai South,192,RAAMA SREENIVASAN,BJP,31100,,GEN,South,21.97833261485622
Madurai South,192,B.M.SUMATHY,NTK,5863,,GEN,South,4.143375052119036
Madurai South,192,NOTA,NOTA,612,,GEN,South,0.432499664318071
Madurai South,192,S.IRUTHYARAJ,Tamizhaga Vaazhvurimai Katchi,370,,GEN,South,0.26147855522497754
Madurai South,192,K.JEYA,IND,257,,GEN,South,0.1816215910616736
Madurai Central,193,MADHAR BADHURUDEEN,TVK,63414,,GEN,South,42.67831424225701
Madurai Central,193,PALANIVEL THIAGA RAJAN,DMK,44286,,GEN,South,29.804961436474496
Madurai Central,193,SUNDAR  C,AIADMK,33538,,GEN,South,22.571440108758566
Madurai Central,193,ABDUL HAKEEM  K,NTK,5549,,GEN,South,3.7345375741994538
Madurai Central,193,NOTA,NOTA,656,,GEN,South,0.4414951610515122
Madurai Central,193,SAKKARAVARTHY P,All India Puratchi Thalaivar Makkal Munnettra Kazhagam,313,,GEN,South,0.21065241678220023
Madurai Central,193,RAMAR PANDI  T,Bahujan Samaj Party,268,,GEN,South,0.18036692555153244
Madurai Central,193,AVADAINATHAN  V,IND,145,,GEN,South,0.0975865828543739
Madurai Central,193,SALEEM,IND,105,,GEN,South,0.07066614620489145
Madurai Central,193,RAJENDRAN R,IND,92,,GEN,South,0.06191700429380965
Madurai Central,193,MANIVANNAN,IND,83,,GEN,South,0.0558599060476761
Madurai Central,193,GURU KARTHICK T,IND,72,,GEN,South,0.04845678596906842
Madurai Central,193,SIVAPERUMAL V,IND,65,,GEN,South,0.04374570955540899
Madurai West,194,THANGAPANDI SR,TVK,88250,,GEN,South,40.780395835547566
Madurai West,194,BALAJI R,DMK,76319,,GEN,South,35.2670711589026
Madurai West,194,SELLUR K RAJU,AIADMK,38961,,GEN,South,18.00390937279058
Madurai West,194,VIGNESHKUMAR S,NTK,10574,,GEN,South,4.886253887423003
Madurai West,194,NOTA,NOTA,893,,GEN,South,0.4126560167835011
Madurai West,194,RAJKUMAR S,IND,257,,GEN,South,0.11875990628595723
Madurai West,194,MUTHUKUMAR S,IND,190,,GEN,South,0.0877991525071279
Madurai West,194,VENKATESAN M,IND,190,,GEN,South,0.0877991525071279
Madurai West,194,MADURAI VEERAN S,Tamizhaga Vaazhvurimai Katchi,170,,GEN,South,0.07855713645374603
Madurai West,194,ANANDH K,IND,130,,GEN,South,0.06007310434698225
Madurai West,194,THARMA PRABU V S,IND,126,,GEN,South,0.05822470113630587
Madurai West,194,MUTHUPANDI R,Vishwa Tamil Kazhagam,116,,GEN,South,0.053603693109614936
Madurai West,194,MUTHUKUMAR D,IND,89,,GEN,South,0.04112697143754939
Madurai West,194,RAHAMADULLAH S,IND,86,,GEN,South,0.039740669029542104
Madurai West,194,MANOJ KUMAR R,IND,52,,GEN,South,0.0240292417387929
Thiruparankundram,195,NIRMALKUMAR. R.,TVK,114316,,GEN,South,44.74802909193396
Thiruparankundram,195,KIRUTHIGA THANGAPANDI,DMK,72763,,GEN,South,28.482459505374493
Thiruparankundram,195,RAJANCHELLAPPA. V.V.,AIADMK,49865,,GEN,South,19.51923152200293
Thiruparankundram,195,SATHYADEVI. T.,NTK,14350,,GEN,South,5.617185848606077
Thiruparankundram,195,NOTA,NOTA,1148,,GEN,South,0.44937486788848613
Thiruparankundram,195,THANAPANDIAN. T.,All India Puratchi Thalaivar Makkal Munnettra Kazhagam,1088,,GEN,South,0.4258883765354294
Thiruparankundram,195,SETHURAMAN. A.,Puthiya Tamilagam,368,,GEN,South,0.14405048029874817
Thiruparankundram,195,RAJ. P.,IND,353,,GEN,South,0.13817885746048397
Thiruparankundram,195,MOOKKAYEE. C.,Ezhuchi Tamilargal Munnetra Kazhagam,249,,GEN,South,0.09746893911518559
Thiruparankundram,195,CHELLADURAI. R,Naam Indiar Party,231,,GEN,South,0.09042299170926855
Thiruparankundram,195,SYED IBRAHIM. M.,Tamizhaga Vaazhvurimai Katchi,163,,GEN,South,0.06380496817580422
Thiruparankundram,195,RENGANATHAN DORAISAMY,Rashtriya Samaj Dal (R),140,,GEN,South,0.05480181315713245
Thiruparankundram,195,VALLARASAN. K.,IND,136,,GEN,South,0.05323604706692867
Thiruparankundram,195,UKKRA PANDIAN. S.,IND,122,,GEN,South,0.047755865751215425
Thiruparankundram,195,ARUMUGAM. G.,IND,108,,GEN,South,0.042275684435502184
Thiruparankundram,195,POUNRAJ. N.,IND,66,,GEN,South,0.025835140488362444
Thirumangalam,196,MANIMARAN.M,DMK,88291,,GEN,South,38.22452160360204
Thirumangalam,196,UDHAYAKUMAR.R.B,AIADMK,64484,,GEN,South,27.9175686206598
Thirumangalam,196,SATHISHKUMAR.N,TVK,60826,,GEN,South,26.33388172136116
Thirumangalam,196,MUNISH.N,NTK,11139,,GEN,South,4.822495454151874
Thirumangalam,196,JEEVITHA NACHIYAR.B,All India Puratchi Thalaivar Makkal Munnettra Kazhagam,2851,,GEN,South,1.2343060005195254
Thirumangalam,196,NOTA,NOTA,933,,GEN,South,0.4039310762836609
Thirumangalam,196,BHARATH.M,IND,924,,GEN,South,0.40003463503333625
Thirumangalam,196,VENGATESWARAN.B,IND,427,,GEN,South,0.18486449043207204
Thirumangalam,196,KALAISELVI.R,Ahila India Dhayaga Makkal Munnetra Katchi,283,,GEN,South,0.12252143042687678
Thirumangalam,196,MURUGAN.S,IND,253,,GEN,South,0.10953329292579443
Thirumangalam,196,ALAGAR.A,Ezhuchi Tamilargal Munnetra Kazhagam,133,,GEN,South,0.05758074292146506
Thirumangalam,196,AYYANAN.P,IND,112,,GEN,South,0.04848904667070742
Thirumangalam,196,SAKKARAVARTHY.P,IND,105,,GEN,South,0.04545848125378821
Thirumangalam,196,NAGOOR.M,IND,84,,GEN,South,0.03636678500303057
Thirumangalam,196,MUTHURAJA.M,IND,83,,GEN,South,0.035933847086327825
Thirumangalam,196,GIRISHKUMAR.A,IND,52,,GEN,South,0.02251277166854273
Usilampatti,197,VIJAY. M,TVK,65743,,GEN,South,29.343265728772405
Usilampatti,197,MAHENDRAN. I,AIADMK,63938,,GEN,South,28.537634792544452
Usilampatti,197,SARAVANAKUMAR. T,INC,59465,,GEN,South,26.541187602656574
Usilampatti,197,AYYAPPAN. P,All India Puratchi Thalaivar Makkal Munnettra Kazhagam,16620,,GEN,South,7.418053274298364
Usilampatti,197,ABIRAMI. D,NTK,15185,,GEN,South,6.777565521673927
Usilampatti,197,VELLAIPANDI. V,Bahujan Samaj Party,724,,GEN,South,0.3231450403484967
Usilampatti,197,NOTA,NOTA,692,,GEN,South,0.3088623866314361
Usilampatti,197,PRAVEENA. S,IND,343,,GEN,South,0.15309219452974362
Usilampatti,197,THIAGARAJAN. O. V,IND,337,,GEN,South,0.15041419695779476
Usilampatti,197,MUTHU. N,IND,300,,GEN,South,0.1338998785974434
Usilampatti,197,THIRUMOORTHY. A,IND,270,,GEN,South,0.12050989073769908
Usilampatti,197,KIRANYA. S,IND,262,,GEN,South,0.1169392273084339
Usilampatti,197,DHANASEKARAN. T,IND,169,,GEN,South,0.07543026494322645
Andipatti,198,MAHARAJAN.A,DMK,74324,,GEN,South,34.19884138794178
Andipatti,198,PANDI.V,TVK,64770,,GEN,South,29.80274146570407
Andipatti,198,LOGIRAJAN.A,AIADMK,63343,,GEN,South,29.146133281798566
Andipatti,198,GOMATHI .M,NTK,10346,,GEN,South,4.760524366283376
Andipatti,198,NOTA,NOTA,1028,,GEN,South,0.47301556626129043
Andipatti,198,CHELLAPANDIYAN.S,All India Puratchi Thalaivar Makkal Munnettra Kazhagam,586,,GEN,South,0.2696372780438874
Andipatti,198,ELAYARAJA.M,Puthiya Tamilagam,516,,GEN,South,0.23742804687823532
Andipatti,198,IRUMBORAI.G,Communist Party of India (Marxist-Leninist) Red Star,505,,GEN,South,0.23236659626648995
Andipatti,198,ESAKKIAMMAL.M,Bahujan Samaj Party,420,,GEN,South,0.19325538699391245
Andipatti,198,GOPAL.S,IND,232,,GEN,South,0.10675059472044687
Andipatti,198,PANDIDURAI.P,IND,220,,GEN,South,0.10122901223490652
Andipatti,198,GOPINATH.P,IND,183,,GEN,South,0.08420413290449043
Andipatti,198,NEELAKANNAN.T,IND,159,,GEN,South,0.07316096793340972
Andipatti,198,JAGADEESAN.P,IND,153,,GEN,South,0.07040017669063954
Andipatti,198,MOHAMMED RUKMAN.M,Tamizhaga Vaazhvurimai Katchi,148,,GEN,South,0.06809951732166439
Andipatti,198,PACKIARAJ.S,IND,133,,GEN,South,0.06119753921473895
Andipatti,198,VIJAYARAJ.R,IND,113,,GEN,South,0.05199490173883835
Andipatti,198,JEYAMURUGAN.M.P,Veerath Thiyagi Viswanathadoss Thozhilalarkal Katchi,82,,GEN,South,0.03773081365119243
Andipatti,198,KARUPPAIYA,IND,68,,GEN,South,0.031288967418062016
Periyakulam,199,SABARI IYNGARAN G.,TVK,85656,,SC,South,40.555089981961
Periyakulam,199,SAKTHIVEL P.,VCK,66335,,SC,South,31.40727904587399
Periyakulam,199,DR KATHIRKAMU K.,AMMK,44521,,SC,South,21.07912068141036
Periyakulam,199,VIMALA R.,NTK,9610,,SC,South,4.549995502085611
Periyakulam,199,NOTA,NOTA,1506,,SC,South,0.7130377966848004
Periyakulam,199,MARISAMY V.,Puthiya Tamilagam,1161,,SC,South,0.5496924846952544
Periyakulam,199,PALANICHAMY T.,IND,636,,SC,South,0.30112353166768463
Periyakulam,199,ABITHA M.,IND,390,,SC,South,0.1846512222490519
Periyakulam,199,DR. MOHANRAJ A.C. (P.T),IND,343,,SC,South,0.16239838264467898
Periyakulam,199,VAIRAMUTHU D.,IND,265,,SC,South,0.1254681381948686
Periyakulam,199,SELVARAJ R.,IND,255,,SC,South,0.12073349147053393
Periyakulam,199,RANJEETH KUMAR J.,Socialist Unity Centre Of India (COMMUNIST),240,,SC,South,0.11363152138403193
Periyakulam,199,KUMAR S.,IND,146,,SC,South,0.06912584217528608
Periyakulam,199,SANMUGAVEL K.,IND,145,,SC,South,0.06865237750285262
Bodinayakanur,200,PANNEERSELVAM.O,DMK,85206,,GEN,South,38.619758144931744
Bodinayakanur,200,PRAKASH.S,TVK,78401,,GEN,South,35.535380822017146
Bodinayakanur,200,NARAYANASAMY V.T.,AIADMK,41286,,GEN,South,18.712946679478577
Bodinayakanur,200,KALAIARASU.S,NTK,11455,,GEN,South,5.191997389270628
Bodinayakanur,200,NOTA,NOTA,931,,GEN,South,0.42197726489838094
Bodinayakanur,200,PADMANABHAN.N,All India Puratchi Thalaivar Makkal Munnettra Kazhagam,659,,GEN,South,0.2986928223072321
Bodinayakanur,200,SELVAMURUGAN.P,IND,529,,GEN,South,0.23977011077469768
Bodinayakanur,200,NAGANANTHINI.V,IND,526,,GEN,South,0.23841035589317766
Bodinayakanur,200,DR.PANDIKUMAR.S,Communist Party of India (Marxist-Leninist) (Liberation),417,,GEN,South,0.18900592853128342
Bodinayakanur,200,BALASUBRAMANI.R,IND,279,,GEN,South,0.1264572039813623
Bodinayakanur,200,KARUPPAIAH.G,IND,201,,GEN,South,0.09110357706184166
Bodinayakanur,200,RAJA.M,Vishwa Tamil Kazhagam,189,,GEN,South,0.08566455753576156
Bodinayakanur,200,VELRAJ.K,IND,180,,GEN,South,0.08158529289120149
Bodinayakanur,200,SARAVANAKUMAR.V,IND,172,,GEN,South,0.07795927987381475
Bodinayakanur,200,CHANDRASEKARAN.S,IND,119,,GEN,South,0.05393694363362764
Bodinayakanur,200,GOWTHAM.R,IND,78,,GEN,South,0.035353626919520646
Cumbum,201,JEGANATHMISHRA PLA,TVK,85394,,GEN,South,40.55296475348334
Cumbum,201,ERAMAKRISHNAN N,DMK,84643,,GEN,South,40.19632053339918
Cumbum,201,JAKKAIYAN S.T.K.,AIADMK,27307,,GEN,South,12.96788777341932
Cumbum,201,ANBUSELVI A,NTK,9599,,GEN,South,4.558492501448422
Cumbum,201,NOTA,NOTA,667,,GEN,South,0.3167532553876547
Cumbum,201,MUTHU BAGAVATHI M.,Tamizhaga Vaazhvurimai Katchi,431,,GEN,South,0.20467864028797478
Cumbum,201,RAJAMOHAMMED T,IND,422,,GEN,South,0.20040460835620733
Cumbum,201,KATHIRAVAN S,New Generation People's Party,319,,GEN,South,0.15149068735931312
Cumbum,201,PRAKASH P.,IND,254,,GEN,South,0.12062267896321484
Cumbum,201,MUTHUSELVAM G.,IND,214,,GEN,South,0.10162698148869281
Cumbum,201,THASTHAKEER I,IND,196,,GEN,South,0.0930789176251579
Cumbum,201,ASHOK KUMAR A,IND,184,,GEN,South,0.08738020838280129
Cumbum,201,PRAKASH P.,IND,181,,GEN,South,0.08595553107221214
Cumbum,201,ARUNKUMAR A,IND,161,,GEN,South,0.07645768233495112
Cumbum,201,VINOTH KUMAR R,IND,154,,GEN,South,0.07313343527690978
Cumbum,201,SARAVANAN S.R.,IND,111,,GEN,South,0.0527130604917986
Cumbum,201,BALAN R,IND,106,,GEN,South,0.05033859830748335
Cumbum,201,RAJADURAI S,IND,98,,GEN,South,0.04653945881257895
Cumbum,201,NANTHAKUMAR A.,IND,71,,GEN,South,0.03371736301727659
Cumbum,201,SUBRAMANIYAM L R,IND,62,,GEN,South,0.02944333108550913
Rajapalayam,202,JEGADESHWARI. K,TVK,65548,,GEN,South,35.81466506392744
Rajapalayam,202,THANGAPANDIAN. S,DMK,54943,,GEN,South,30.020216369795648
Rajapalayam,202,PRISCILLA PANDIAN. J,BJP,36318,,GEN,South,19.843732925363348
Rajapalayam,202,DR. KARTHIKEYAN. T.E.,NTK,16972,,GEN,South,9.273303464102284
Rajapalayam,202,RAMADEVI. T,Puthiya Tamilagam,2544,,GEN,South,1.3900120205442028
Rajapalayam,202,HARISH. A,All India Puratchi Thalaivar Makkal Munnettra Kazhagam,1547,,GEN,South,0.8452628128073434
Rajapalayam,202,NASRIN BANU. T,Republican Party of India (Athawale),1240,,GEN,South,0.6775215823407278
Rajapalayam,202,NOTA,NOTA,753,,GEN,South,0.4114304447601355
Rajapalayam,202,MANMATHAN. M,IND,414,,GEN,South,0.22620478636214622
Rajapalayam,202,MUTHULAKSHMI. R,IND,351,,GEN,South,0.19178231887225441
Rajapalayam,202,THANGAPANDI. B,IND,304,,GEN,South,0.1661020653480494
Rajapalayam,202,SELVI. K,IND,298,,GEN,South,0.16282373511091686
Rajapalayam,202,JEGATHISHWARI. N,IND,292,,GEN,South,0.15954540487378427
Rajapalayam,202,ALAGUMURUGAN. S,IND,268,,GEN,South,0.1464320839252541
Rajapalayam,202,BALAMURUGAN. V,IND,203,,GEN,South,0.11091683968965141
Rajapalayam,202,SELVAKUMAR. A,IND,180,,GEN,South,0.0983499071139766
Rajapalayam,202,MURUGAN. D,IND,171,,GEN,South,0.09343241175827778
Rajapalayam,202,SAMUEL RAJ,IND,140,,GEN,South,0.07649437219975959
Rajapalayam,202,SHANMUGACHANDRA VELAVAN. C.C,IND,137,,GEN,South,0.07485520708119331
Rajapalayam,202,SARAVANAN. G,IND,119,,GEN,South,0.06502021636979564
Rajapalayam,202,VIJENDRAN. G,IND,108,,GEN,South,0.05900994426838597
Rajapalayam,202,GANESAN. K,IND,95,,GEN,South,0.051906895421265434
Rajapalayam,202,ALAGUPANDIAN. A,IND,75,,GEN,South,0.040979127964156925
Srivilliputhur,203,KARTHIK.A,TVK,65653,,SC,South,33.934284724842485
Srivilliputhur,203,MAHALINGAM.P,CPI,57072,,SC,South,29.498994681373436
Srivilliputhur,203,CHANDRAPRABHA.M,AIADMK,42839,,SC,South,22.142336577574934
Srivilliputhur,203,KARIKALAPANDIYAN.A,NTK,13274,,SC,South,6.8609765804694245
Srivilliputhur,203,DR. SHYAM KRISHNASAMY,Puthiya Tamilagam,9522,,SC,South,4.92166784686077
Srivilliputhur,203,CHANDRA.M,All India Puratchi Thalaivar Makkal Munnettra Kazhagam,1726,,SC,South,0.8921233673263693
Srivilliputhur,203,NOTA,NOTA,873,,SC,South,0.4512304169617152
Srivilliputhur,203,DEVIALAKSHMI SARANYA.K,IND,509,,SC,South,0.26308852489520396
Srivilliputhur,203,MUTHURAJ.U,IND,443,,SC,South,0.22897488512490244
Srivilliputhur,203,ALAGURAJA T,IND,365,,SC,South,0.1886587653963643
Srivilliputhur,203,MURUGESAN.S,IND,341,,SC,South,0.17625380547989103
Srivilliputhur,203,PANDIYAMMAL.M,IND,340,,SC,South,0.175736932150038
Srivilliputhur,203,SURYAPRAKASH.R,IND,235,,SC,South,0.12146523251546744
Srivilliputhur,203,SUDANDIRADOSS.M,IND,151,,SC,South,0.07804787280781099
Srivilliputhur,203,VARATHARAJAN.A,Naam Indiar Party,128,,SC,South,0.06615978622119077
Sattur,204,KADARKARAIRAJ. A,DMK,62060,,GEN,South,31.22767115843288
Sattur,204,NAINAR NAGENTHRAN,BJP,56071,,GEN,South,28.214095222760072
Sattur,204,AJITH. M,TVK,53498,,GEN,South,26.919399800738674
Sattur,204,ESAKKIRAJA. K,All India Puratchi Thalaivar Makkal Munnettra Kazhagam,11602,,GEN,South,5.837954250405064
Sattur,204,ANANDHARAJA. D.,NTK,9235,,GEN,South,4.646914971771313
Sattur,204,VELMURUGAN. S,Puthiya Tamilagam,2343,,GEN,South,1.1789628347439292
Sattur,204,NOTA,NOTA,476,,GEN,South,0.2395161371481478
Sattur,204,MAYAKKANNAN. V,IND,462,,GEN,South,0.2324715448790846
Sattur,204,MANIVASAGAM.S,IND,456,,GEN,South,0.22945243390662895
Sattur,204,KAMALA VEL SELVAN. P,Bahujan Samaj Party,404,,GEN,South,0.20328680547868003
Sattur,204,RAMESH KUMAR. B,IND,340,,GEN,South,0.17108295510581986
Sattur,204,THANGA MARIAPPAN. J,IND,239,,GEN,South,0.12026125373614982
Sattur,204,MAHENDRAN. M,IND,231,,GEN,South,0.1162357724395423
Sattur,204,MAHESHKUMAR. M,IND,193,,GEN,South,0.09711473628065656
Sattur,204,SARAVANAN. P,IND,190,,GEN,South,0.09560518079442873
Sattur,204,VIJENDRAN. G,IND,190,,GEN,South,0.09560518079442873
Sattur,204,THANGA DURAI. P,Puthiya Makkal Tamil Desam Katchi,130,,GEN,South,0.06541407106987229
Sattur,204,MUTHARASAN. M,IND,126,,GEN,South,0.06340133042156854
Sattur,204,VENKATESAN. M,IND,123,,GEN,South,0.06189177493534071
Sattur,204,MUTHUKANNU. C,Tamilaga Makkal Nala Katchi,105,,GEN,South,0.05283444201797377
Sattur,204,NARMADA NANDHAKUMAR,IND,88,,GEN,South,0.04428029426268278
Sattur,204,AJITHKUMAR. S,IND,86,,GEN,South,0.0432739239385309
Sattur,204,KALIRAJ. M,IND,86,,GEN,South,0.0432739239385309
Sivakasi,205,KEERTHANA S,TVK,68709,,GEN,South,35.50540779363053
Sivakasi,205,ASHOKAN G,INC,57039,,GEN,South,29.474929851124195
Sivakasi,205,RAJENTHRABHALAJI K T,AIADMK,51078,,GEN,South,26.39458032110874
Sivakasi,205,ESTHER MARY DIANA A,NTK,10191,,GEN,South,5.266204002749113
Sivakasi,205,KANIPANDI M,Puthiya Tamilagam,2513,,GEN,South,1.2985939219810145
Sivakasi,205,GANESAN M,All India Puratchi Thalaivar Makkal Munnettra Kazhagam,1729,,GEN,South,0.8934615563490546
Sivakasi,205,NOTA,NOTA,948,,GEN,South,0.48987944211619655
Sivakasi,205,SURESH K,Bahujan Samaj Party,229,,GEN,South,0.11833585679811078
Sivakasi,205,RAMESH P,IND,213,,GEN,South,0.11006784933623402
Sivakasi,205,NAGALAKSHMI V,IND,205,,GEN,South,0.10593384560529566
Sivakasi,205,VENKATESH V,IND,199,,GEN,South,0.10283334280709187
Sivakasi,205,CHINNADURAI ALIAS DIMITRO S,Communist Party of India (Marxist-Leninist) (Liberation),162,,GEN,South,0.08371357555150194
Sivakasi,205,MURUGAN M,IND,120,,GEN,South,0.062010055964075515
Sivakasi,205,GANESAN S,IND,102,,GEN,South,0.052708547569464186
Sivakasi,205,GANESAN V,IND,80,,GEN,South,0.041340037309383675
Virudhunagar,206,SELVAM P,TVK,63653,,GEN,South,37.92661709328376
Virudhunagar,206,VIJAYAPRABHAKAR,DMDK,54262,,GEN,South,32.33114066447399
Virudhunagar,206,GANESAN V.G.,AIADMK,34212,,GEN,South,20.384670384670383
Virudhunagar,206,LAKSHMANAN,NTK,10120,,GEN,South,6.029839363172697
Virudhunagar,206,BALASUBRAMANIAM M,Puthiya Tamilagam,2217,,GEN,South,1.3209638209638208
Virudhunagar,206,NOTA,NOTA,954,,GEN,South,0.5684255684255685
Virudhunagar,206,AJAY I,IND,532,,GEN,South,0.31698365031698367
Virudhunagar,206,MUTHUVEL S,IND,509,,GEN,South,0.30327946994613664
Virudhunagar,206,SUBBURAJ K,IND,343,,GEN,South,0.20437103770437104
Virudhunagar,206,GUNASUNDARAM R,IND,204,,GEN,South,0.12155012155012156
Virudhunagar,206,GURUSAMY S,IND,182,,GEN,South,0.10844177510844179
Virudhunagar,206,RATHINARAJA S,Nam Naadu Nam Makkal Nam Ethirkaalam Katchi,148,,GEN,South,0.08818342151675485
Virudhunagar,206,SANTHOSH KUMAR R,IND,137,,GEN,South,0.08162924829591496
Virudhunagar,206,AMIRTHA PANDI M.V,IND,122,,GEN,South,0.07269173935840603
Virudhunagar,206,RANJITH S,IND,119,,GEN,South,0.07090423757090424
Virudhunagar,206,VIKRAMAN N,Desa Makkal Munnetrak Kazhagam,118,,GEN,South,0.07030840364173697
Aruppukkottai,207,RAMACHANDRAN. K.K.S.S.R,DMK,65104,,GEN,South,36.49061447316059
Aruppukkottai,207,KARTHIK KUMAR. K,TVK,60161,,GEN,South,33.720076451828064
Aruppukkottai,207,SETHUPATHY. S,AIADMK,37190,,GEN,South,20.844893589592687
Aruppukkottai,207,MANIMARAN. G,NTK,8499,,GEN,South,4.76366632476333
Aruppukkottai,207,RAGUPATHI. K,Puthiya Tamilagam,2179,,GEN,South,1.221323558260889
Aruppukkottai,207,DHARMARAJ. P,All India Puratchi Thalaivar Makkal Munnettra Kazhagam,1147,,GEN,South,0.6428903723383386
Aruppukkottai,207,NOTA,NOTA,692,,GEN,South,0.38786411304109003
Aruppukkottai,207,ARUMUGAM. V,IND,641,,GEN,South,0.359278752108871
Aruppukkottai,207,SURESHKUMAR. K,IND,573,,GEN,South,0.3211649375325789
Aruppukkottai,207,SUNDARAMOORTHI. S,IND,424,,GEN,South,0.23765084382864476
Aruppukkottai,207,SENTHILKUMAR. S,IND,265,,GEN,South,0.148531777392903
Aruppukkottai,207,GANESAN. V,Puthiya Makkal Tamil Desam Katchi,194,,GEN,South,0.1087364709970686
Aruppukkottai,207,RAMAKRISHNAN. S,IND,162,,GEN,South,0.09080055825528409
Aruppukkottai,207,SANJAY GANDHI.  V,Desa Makkal Munnetrak Kazhagam,160,,GEN,South,0.08967956370892256
Aruppukkottai,207,ADVOCATE SADHURAGIRI. M,IND,160,,GEN,South,0.08967956370892256
Aruppukkottai,207,ELANGO. G,Ezhuchi Tamilargal Munnetra Kazhagam,139,,GEN,South,0.07790912097212647
Aruppukkottai,207,SUNDARAMAHALINGAM. A,IND,120,,GEN,South,0.06725967278169191
Aruppukkottai,207,ANANDHAN. A,IND,115,,GEN,South,0.0644571864157881
Aruppukkottai,207,MUNIYANDI. M,IND,80,,GEN,South,0.04483978185446128
Aruppukkottai,207,CHINNASAMY. G,IND,76,,GEN,South,0.04259779276173821
Aruppukkottai,207,PALANIKUMAR. M,IND,68,,GEN,South,0.038113814576292086
Aruppukkottai,207,RAMAMOORTHY. G,IND,58,,GEN,South,0.03250884184448443
Aruppukkottai,207,VEERARAJ. R,IND,56,,GEN,South,0.0313878472981229
Aruppukkottai,207,KARTHIK. M,IND,53,,GEN,South,0.029706355478580596
Aruppukkottai,207,VENKATESAN. P.S,IND,49,,GEN,South,0.027464366385857534
Aruppukkottai,207,MARIVEL. K,IND,48,,GEN,South,0.026903869112676768
Tiruchuli,208,THANGAM THENARASU,DMK,75085,,GEN,South,41.426206896551726
Tiruchuli,208,SAMAYAN.S,TVK,61600,,GEN,South,33.98620689655172
Tiruchuli,208,RAJAVARMAN.M.S.R,AIADMK,25581,,GEN,South,14.113655172413795
Tiruchuli,208,AVARANGADU KARTHIK RAJA,NTK,12763,,GEN,South,7.041655172413794
Tiruchuli,208,GUNASEKARAN.G,Puthiya Tamilagam,1248,,GEN,South,0.6885517241379311
Tiruchuli,208,MURUGESAPANDIAN.T,All India Puratchi Thalaivar Makkal Munnettra Kazhagam,1107,,GEN,South,0.6107586206896551
Tiruchuli,208,MALAI ALAGU.M,IND,631,,GEN,South,0.34813793103448276
Tiruchuli,208,ADVOCATE THANGAPANDIAN,IND,525,,GEN,South,0.28965517241379307
Tiruchuli,208,NOTA,NOTA,425,,GEN,South,0.23448275862068968
Tiruchuli,208,MARIMUTHU.M,IND,392,,GEN,South,0.21627586206896554
Tiruchuli,208,KANNAN.G,Ezhuchi Tamilargal Munnetra Kazhagam,281,,GEN,South,0.1550344827586207
Tiruchuli,208,SETHURAMALINGAM.S,IND,245,,GEN,South,0.13517241379310346
Tiruchuli,208,PALANIYANDI.M,IND,195,,GEN,South,0.10758620689655173
Tiruchuli,208,NALLAMARUTHU.K,IND,164,,GEN,South,0.09048275862068966
Tiruchuli,208,RAJANGAM.C,IND,162,,GEN,South,0.08937931034482759
Tiruchuli,208,KALIMUTHU.S,IND,124,,GEN,South,0.06841379310344828
Tiruchuli,208,RAJKUMAR.D,Tamizhaga Vaazhvurimai Katchi,119,,GEN,South,0.06565517241379311
Tiruchuli,208,GURUSAMY.T,IND,114,,GEN,South,0.06289655172413793
Tiruchuli,208,VELLAISAMY.P,Ahimsa Socialist Party,108,,GEN,South,0.059586206896551724
Tiruchuli,208,JEYACHITRA,IND,88,,GEN,South,0.04855172413793103
Tiruchuli,208,CHENNA KESAVAN.P,IND,85,,GEN,South,0.04689655172413793
Tiruchuli,208,MUNIYASAMY.R,IND,77,,GEN,South,0.042482758620689655
Tiruchuli,208,MARNADU.M,IND,66,,GEN,South,0.03641379310344828
Tiruchuli,208,ARAVINTHASAMY.J,IND,65,,GEN,South,0.03586206896551724
Paramakudi,209,ADVOCATE. KATHIRAVAN. K.K,DMK,59161,,SC,South,31.177899690650477
Paramakudi,209,GOPIRAJAN. G,TVK,55613,,SC,South,29.308100530689895
Paramakudi,209,DR. MUTHIAH. S,AIADMK,54099,,SC,South,28.5102211822738
Paramakudi,209,EZHIL ELAVARASI. R,NTK,15363,,SC,South,8.096314682771814
Paramakudi,209,AMIRTHA. M,All India Puratchi Thalaivar Makkal Munnettra Kazhagam,2239,,SC,South,1.17995499412394
Paramakudi,209,RATHINA PRAKASH. K,Puthiya Tamilagam,1004,,SC,South,0.5291088941940312
Paramakudi,209,NOTA,NOTA,710,,SC,South,0.37417063234836867
Paramakudi,209,KATHIRAVAN. R,IND,379,,SC,South,0.19973333754934047
Paramakudi,209,RAJU. A,IND,324,,SC,South,0.1707482885646077
Paramakudi,209,RAJA. M,IND,268,,SC,South,0.14123623868924337
Paramakudi,209,KARTHIK VANI. B,IND,230,,SC,South,0.1212102048452462
Paramakudi,209,MUTHTHIAH. M,IND,225,,SC,South,0.11857520039208866
Paramakudi,209,RADHA KRISHNAN. G,IND,138,,SC,South,0.07272612290714772
Tiruvadanai,210,RAJEEV,TVK,69551,,GEN,South,31.574192611154995
Tiruvadanai,210,RM. KARUMANICKAM,INC,67038,,GEN,South,30.433361479584885
Tiruvadanai,210,M.KEERTHIKA,AIADMK,63879,,GEN,South,28.99926456568518
Tiruvadanai,210,N PREMNATH,NTK,13389,,GEN,South,6.078228420450522
Tiruvadanai,210,S SURESH KASINI VENTHAN,All India Forward Bloc,1482,,GEN,South,0.6727862065208509
Tiruvadanai,210,ALAGARSAMY PANDIAN,IND,675,,GEN,South,0.3064309645084847
Tiruvadanai,210,S.BALUSAMY,Puthiya Tamilagam,619,,GEN,South,0.28100854374926226
Tiruvadanai,210,A DINESH KUMAR,IND,491,,GEN,South,0.22290015344246816
Tiruvadanai,210,A SEGU ALI UDUMAN,IND,481,,GEN,South,0.21836043544974987
Tiruvadanai,210,R THILAGESWARAN,IND,457,,GEN,South,0.20746511226722597
Tiruvadanai,210,NOTA,NOTA,354,,GEN,South,0.16070601694222755
Tiruvadanai,210,B SIKKANDAR,IND,330,,GEN,South,0.14981069375970363
Tiruvadanai,210,A MUTHUSAMY,Bahujan Samaj Party,258,,GEN,South,0.11712472421213194
Tiruvadanai,210,K KALEESWARAN,Tamizhaga Vaazhvurimai Katchi,215,,GEN,South,0.09760393684344329
Tiruvadanai,210,MS ABDUL BAKKI,IND,209,,GEN,South,0.09488010604781232
Tiruvadanai,210,R ILAIYARAJA,Indhu Dravida Makkal Katchi,180,,GEN,South,0.08171492386892926
Tiruvadanai,210,SAKTHIK KUMAR,IND,150,,GEN,South,0.06809576989077439
Tiruvadanai,210,N ANBU BAGURUDEEN,IND,125,,GEN,South,0.056746474908978654
Tiruvadanai,210,ALLA PICHAI,IND,112,,GEN,South,0.05084484151844488
Tiruvadanai,210,DEVASITHAM,IND,112,,GEN,South,0.05084484151844488
Tiruvadanai,210,M.VIJAY,IND,109,,GEN,South,0.04948292612062939
Tiruvadanai,210,A MANI,IND,62,,GEN,South,0.02814625155485341
Ramanathapuram,211,KATHARBATCHA MUTHURAMALINGAM,DMK,89137,,GEN,South,37.51936222514058
Ramanathapuram,211,SHAHUL HAMEED,TVK,76678,,GEN,South,32.27514563760649
Ramanathapuram,211,GBS K.NAGENDRAN,BJP,57730,,GEN,South,24.299592551436174
Ramanathapuram,211,S.M. MUTHU KESAVAN,NTK,10766,,GEN,South,4.53160251877294
Ramanathapuram,211,NOTA,NOTA,953,,GEN,South,0.4011347947604135
Ramanathapuram,211,DR.J. ABUBAKKAR SITHICK,Anna Puratchi Thalaivar Amma Dravida Munnetra Kazhagam,359,,GEN,South,0.15110953968414317
Ramanathapuram,211,K. MALESWARAN,IND,356,,GEN,South,0.14984678587062666
Ramanathapuram,211,A. CHINNA RAJA,IND,350,,GEN,South,0.14732127824359365
Ramanathapuram,211,KAN ILANGO,IND,347,,GEN,South,0.1460585244300771
Ramanathapuram,211,C. PARIRAJAN,Veerath Thiyagi Viswanathadoss Thozhilalarkal Katchi,229,,GEN,South,0.09639020776509412
Ramanathapuram,211,PULLANI,IND,223,,GEN,South,0.09386470013806109
Ramanathapuram,211,KARTHIGAI PANDI,IND,160,,GEN,South,0.06734687005421423
Ramanathapuram,211,S. MURUGABOOPATHY,Communist Party of India (Marxist-Leninist) (Liberation),146,,GEN,South,0.061454018924470485
Ramanathapuram,211,BALAKRISHNAN,IND,142,,GEN,South,0.059770347173115135
Mudhukulathur,212,R.S.RAJAKANNAPPAN,DMK,68003,,GEN,South,29.391069830965584
Mudhukulathur,212,MALARVIZHI. B,TVK,51405,,GEN,South,22.217371949190266
Mudhukulathur,212,S.PANDI,AIADMK,47501,,GEN,South,20.530053204133587
Mudhukulathur,212,DR.R.RAMKUMAR,All India Puratchi Thalaivar Makkal Munnettra Kazhagam,40422,,GEN,South,17.47049137107614
Mudhukulathur,212,CHANDRA PRABHA JEYAPAL,NTK,15112,,GEN,South,6.531444896336219
Mudhukulathur,212,SATHIYAM C.SARAVANAN,IND,2042,,GEN,South,0.8825576017945049
Mudhukulathur,212,M. IRULANDI,Naadaalum Makkal Katchi,1250,,GEN,South,0.540253184252268
Mudhukulathur,212,K.SENTHIL MALLAR,Tamizhaga Vaazhvurimai Katchi,1149,,GEN,South,0.4966007269646847
Mudhukulathur,212,C.MALAISELVAM,Puthiya Tamilagam,993,,GEN,South,0.4291771295700017
Mudhukulathur,212,R.MOOVENDRAN,IND,486,,GEN,South,0.2100504380372818
Mudhukulathur,212,RAVI GOVINTHAN,IND,445,,GEN,South,0.1923301335938074
Mudhukulathur,212,V.PANDI,IND,440,,GEN,South,0.19016912085679832
Mudhukulathur,212,NOTA,NOTA,429,,GEN,South,0.18541489283537838
Mudhukulathur,212,G. SELVARAJ,Puthiya Makkal Tamil Desam Katchi,339,,GEN,South,0.14651666356921508
Mudhukulathur,212,M.BOOMINATHAN (A) M.K.VAIYAVAN,IND,335,,GEN,South,0.1447878533796078
Mudhukulathur,212,K.MURUGAN,IND,208,,GEN,South,0.08989812985957739
Mudhukulathur,212,K.GANGAI AMARAN,IND,196,,GEN,South,0.08471169929075562
Mudhukulathur,212,C.KENGUSAMY,IND,166,,GEN,South,0.07174562286870119
Mudhukulathur,212,M.KARUPPA SAMY,IND,164,,GEN,South,0.07088121777389757
Mudhukulathur,212,A. SARAVANAKUMAR,Naam Indiar Party,148,,GEN,South,0.06396597701546852
Mudhukulathur,212,K.RAJAKUMAR,IND,140,,GEN,South,0.060508356636254014
Vilathikulam,213,MARKANDAYAN G V,DMK,58395,,GEN,South,33.40407518848605
Vilathikulam,213,P. KASIRAM,TVK,50167,,GEN,South,28.697358335144784
Vilathikulam,213,R. SATHYA,AIADMK,48879,,GEN,South,27.960575239969337
Vilathikulam,213,BALAJI RAMACHANDRAN,NTK,11780,,GEN,South,6.7385907307195065
Vilathikulam,213,P.MADASAMY,Puthiya Tamilagam,2057,,GEN,South,1.1766792133353163
Vilathikulam,213,C. PONPANDI,All India Puratchi Thalaivar Makkal Munnettra Kazhagam,1380,,GEN,South,0.7894104591165468
Vilathikulam,213,NOTA,NOTA,642,,GEN,South,0.36724747445856737
Vilathikulam,213,P. RAJASEKARAN,IND,441,,GEN,South,0.2522681249785486
Vilathikulam,213,G. MUNIYASAMY,IND,175,,GEN,South,0.10010639880101135
Vilathikulam,213,M. PONNUSAMY,IND,172,,GEN,South,0.09839028910727975
Vilathikulam,213,R. PERUMAL,Naam Indiar Party,166,,GEN,South,0.09495806971981649
Vilathikulam,213,K. AJAY KUMAR,IND,166,,GEN,South,0.09495806971981649
Vilathikulam,213,P. JEYAKUMAR,IND,148,,GEN,South,0.08466141155742675
Vilathikulam,213,V. GANESAN,IND,88,,GEN,South,0.050339217682794285
Vilathikulam,213,A. PRABAHAR,IND,87,,GEN,South,0.04976718111821708
Vilathikulam,213,A. PATTURAJ,IND,71,,GEN,South,0.040614596084981754
Thoothukkudi,214,SRINATH,TVK,100536,,GEN,South,49.110946109656496
Thoothukkudi,214,P. GEETHA JEEVAN,DMK,62805,,GEN,South,30.679686584079096
Thoothukkudi,214,CHELLAPANDIAN S.T.,AIADMK,26213,,GEN,South,12.804818476689203
Thoothukkudi,214,JACOB DEVADOSS ABISHEAK R.,NTK,11752,,GEN,South,5.740747977646645
Thoothukkudi,214,NOTA,NOTA,853,,GEN,South,0.4166829497049514
Thoothukkudi,214,YESADURAI S.,All India Puratchi Thalaivar Makkal Munnettra Kazhagam,689,,GEN,South,0.33657040134432764
Thoothukkudi,214,SAMUEL J.,IND,342,,GEN,South,0.16706397280081284
Thoothukkudi,214,DHINAKARAN S.T.R.M.,IND,262,,GEN,South,0.12798468091758178
Thoothukkudi,214,PONKUMARAN P.P.M.T,Nam Naadu Nam Makkal Nam Ethirkaalam Katchi,261,,GEN,South,0.12749618976904137
Thoothukkudi,214,SRIKANTH M.V.,Naam Indiar Party,243,,GEN,South,0.1187033490953144
Thoothukkudi,214,KIDAR SAMSDEEN N.A.,Tamizhaga Vaazhvurimai Katchi,172,,GEN,South,0.08402047754894681
Thoothukkudi,214,SAHAYAM T.,Communist Party of India (Marxist-Leninist) (Liberation),143,,GEN,South,0.06985423424127556
Thoothukkudi,214,PRASANNA KUMAR M.,Makkal Nalvaazhvuk Katchi,137,,GEN,South,0.06692328735003321
Thoothukkudi,214,BABU P.,IND,115,,GEN,South,0.05617648208214467
Thoothukkudi,214,MUNEESWARA MOORTHY S.,IND,104,,GEN,South,0.050803079448200394
Thoothukkudi,214,MARUTHU PANDIAN P.,IND,85,,GEN,South,0.04152174762593302
Tiruchendur,215,ANITHA R. RADHAKRISHNAN,DMK,72723,,GEN,South,39.08787960225746
Tiruchendur,215,J. MURUGAN,TVK,66851,,GEN,South,35.93173877989788
Tiruchendur,215,K R M RADHAKRISHNAN,BJP,34159,,GEN,South,18.360118247782854
Tiruchendur,215,OPHILIYA,NTK,9794,,GEN,South,5.264176296694437
Tiruchendur,215,NOTA,NOTA,722,,GEN,South,0.38806772373018006
Tiruchendur,215,GOPALAKRISHNAN,All India Puratchi Thalaivar Makkal Munnettra Kazhagam,442,,GEN,South,0.23757054555227092
Tiruchendur,215,MAHARAJAN. M,Puthiya Makkal Tamil Desam Katchi,321,,GEN,South,0.17253426498253158
Tiruchendur,215,RASIK MUSSAMMIL. K,Tamizhaga Vaazhvurimai Katchi,237,,GEN,South,0.12738511152915882
Tiruchendur,215,VENKATESH PERUMAL. S,IND,225,,GEN,South,0.1209352324643913
Tiruchendur,215,MEERA SAHIB,IND,175,,GEN,South,0.09406073636119323
Tiruchendur,215,SHAIK ABDUL KADER. P.S.J,IND,149,,GEN,South,0.08008599838753024
Tiruchendur,215,PACKIA SAM. T,Naam Indiar Party,97,,GEN,South,0.05213652244020425
Tiruchendur,215,VEERAPPA. T,IND,96,,GEN,South,0.05159903251814029
Tiruchendur,215,RAJALINGAM. M,IND,59,,GEN,South,0.03171190540177372
Srivaikuntam,216,SARAVANAN. G,TVK,58814,,GEN,South,33.337301114946634
Srivaikuntam,216,SHANMUGANATHAN. S. P,AIADMK,57628,,GEN,South,32.66504554446466
Srivaikuntam,216,OORVASI AMIRTHARAJ. S,INC,41277,,GEN,South,23.39687452174061
Srivaikuntam,216,SHUNMUGASUNDARAM. S,NTK,13153,,GEN,South,7.455461651390707
Srivaikuntam,216,MUTHURAMALINGAM. S,All India Forward Bloc,2347,,GEN,South,1.3303404923450157
Srivaikuntam,216,RAJASUTHAN. N,Puthiya Tamilagam,1015,,GEN,South,0.5753283339285006
Srivaikuntam,216,NOTA,NOTA,579,,GEN,South,0.328192222014386
Srivaikuntam,216,SUDALAIMANI. A,Nam Naadu Nam Makkal Nam Ethirkaalam Katchi,296,,GEN,South,0.16778047964811443
Srivaikuntam,216,BISHOP DR GODFREY NOBLE,IND,248,,GEN,South,0.14057283429977158
Srivaikuntam,216,SUBRAMANIAN. M,Puthiya Makkal Tamil Desam Katchi,208,,GEN,South,0.11789979650948584
Srivaikuntam,216,VASANTH FERNANDO. T,IND,187,,GEN,South,0.10599645166958582
Srivaikuntam,216,MURUGAN. S,IND,178,,GEN,South,0.10089501816677154
Srivaikuntam,216,ARUNACHALAM. C,IND,139,,GEN,South,0.07878880632124294
Srivaikuntam,216,VIYANARASU. A,Tamizhaga Vaazhvurimai Katchi,135,,GEN,South,0.07652150254221436
Srivaikuntam,216,MUNDASAMY.  K,Vishwa Tamil Kazhagam,130,,GEN,South,0.07368737281842865
Srivaikuntam,216,BHARATH. M,Naam Indiar Party,87,,GEN,South,0.04931385719387148
Ottapidaram,217,P .MATHANRAJA,TVK,81625,,SC,South,41.620563235211634
Ottapidaram,217,P.M.RAMAJEYAM,DMK,52542,,SC,South,26.791150180759445
Ottapidaram,217,R SUNDARARAJ,AMMK,25871,,SC,South,13.191615209288333
Ottapidaram,217,M. ANUSIYA,NTK,17279,,SC,South,8.81055696344529
Ottapidaram,217,DR.K. KRISHNASAMY,Puthiya Tamilagam,15050,,SC,South,7.673990526063523
Ottapidaram,217,NOTA,NOTA,879,,SC,South,0.448201838698328
Ottapidaram,217,C. ARUNA DEVI,Nam Naadu Nam Makkal Nam Ethirkaalam Katchi,761,,SC,South,0.3880336737763682
Ottapidaram,217,C .SELVAKUMAR,Tamizhaga Vaazhvurimai Katchi,515,,SC,South,0.26259834690516376
Ottapidaram,217,VEDAPRAKASH. A,IND,387,,SC,South,0.19733118495591917
Ottapidaram,217,M. ANANTH,IND,357,,SC,South,0.18203419387406497
Ottapidaram,217,S .MUTHUSELVAM,IND,264,,SC,South,0.13461352152031697
Ottapidaram,217,SUBBULAKSHMI. S,Naam Indiar Party,230,,SC,South,0.11727693162754886
Ottapidaram,217,M .LAKSHMANAN,IND,201,,SC,South,0.10248984024842313
Ottapidaram,217,G .MURUGAN,IND,156,,SC,South,0.07954435362564183
Kovilpatti,218,KARUNANITHI.K,DMK,61643,,GEN,South,31.736788994604392
Kovilpatti,218,BALASUBRAMANIAN.S,TVK,60800,,GEN,South,31.302771942831253
Kovilpatti,218,KADAMBUR RAJU.C,AIADMK,53014,,GEN,South,27.294163680546973
Kovilpatti,218,PANDI.P,NTK,11919,,GEN,South,6.136475966884962
Kovilpatti,218,ATHIKUMAR KUDUMBAR.B,IND,2992,,GEN,South,1.5404258824498538
Kovilpatti,218,NOTA,NOTA,593,,GEN,South,0.3053049960871535
Kovilpatti,218,KANNAN.S,All India Puratchi Thalaivar Makkal Munnettra Kazhagam,446,,GEN,South,0.22962230734379507
Kovilpatti,218,POUNDURAI.K,IND,398,,GEN,South,0.20490959265208616
Kovilpatti,218,PREMKUMAR.K,IND,378,,GEN,South,0.19461262819720745
Kovilpatti,218,PANDIMUNEESWARI.K,IND,367,,GEN,South,0.18894929774702418
Kovilpatti,218,SARAVANAN.S,Thamizh Perarasu Katchi,356,,GEN,South,0.18328596729684088
Kovilpatti,218,PARAMASIVAN.S,IND,275,,GEN,South,0.14158326125458215
Kovilpatti,218,RAMACHANDRAN.R,Bahujan Samaj Party,194,,GEN,South,0.0998805552123234
Kovilpatti,218,SEKAR.C,IND,177,,GEN,South,0.0911281354256765
Kovilpatti,218,HARI BALAKRISHNAN.G,Puthiya Makkal Tamil Desam Katchi,139,,GEN,South,0.07156390296140698
Kovilpatti,218,GURUSAMY.K,IND,104,,GEN,South,0.053544215165369245
Kovilpatti,218,CHINNA MAHARAJA.K,IND,94,,GEN,South,0.0483957329379299
Kovilpatti,218,RENGANAYAGALU.S,IND,90,,GEN,South,0.04633634004695416
Kovilpatti,218,PONNUSAMY.M,IND,77,,GEN,South,0.039643313151283
Kovilpatti,218,MUNEESWARAN.R,IND,69,,GEN,South,0.035524527369331524
Kovilpatti,218,GUNASEKARAN.P,IND,55,,GEN,South,0.02831665225091643
Kovilpatti,218,ARUMUGAVEL.T,Naam Indiar Party,52,,GEN,South,0.026772107582684623
Sankarankovil,219,DR. DHILIPAN JAISHANKAR,AIADMK,64865,,SC,South,33.01353827361563
Sankarankovil,219,C. RAMARAJAN,TVK,58376,,SC,South,29.710912052117266
Sankarankovil,219,SANGAI. GANESAN,INC,42567,,SC,South,21.664800488599347
Sankarankovil,219,M. KAVITHA,NTK,12767,,SC,South,6.497862377850162
Sankarankovil,219,VASANTHI MURUGESAN,All India Puratchi Thalaivar Makkal Munnettra Kazhagam,8006,,SC,South,4.074714983713355
Sankarankovil,219,PRABAKARAN,Puthiya Tamilagam,4612,,SC,South,2.347312703583062
Sankarankovil,219,K.SURESH,IND,766,,SC,South,0.3898615635179153
Sankarankovil,219,ANAND,IND,661,,SC,South,0.33642100977198697
Sankarankovil,219,NOTA,NOTA,560,,SC,South,0.28501628664495116
Sankarankovil,219,V. PAULPANDIAN,IND,504,,SC,South,0.25651465798045603
Sankarankovil,219,S. MARIAPPAN,Bahujan Samaj Party,500,,SC,South,0.2544788273615635
Sankarankovil,219,C. RAVI,Tamilaga Makkal Nala Katchi,487,,SC,South,0.24786237785016288
Sankarankovil,219,K. RAVIKUMAR,IND,398,,SC,South,0.20256514657980457
Sankarankovil,219,S.ARULRAJ,IND,259,,SC,South,0.1318200325732899
Sankarankovil,219,K. SUBBURAJ,IND,215,,SC,South,0.10942589576547232
Sankarankovil,219,J. PANDI,Bharatha Makkal Katchi,183,,SC,South,0.09313925081433225
Sankarankovil,219,S. MUTHUSELVAN,IND,183,,SC,South,0.09313925081433225
Sankarankovil,219,VELRAJ .S,Tamizhaga Vaazhvurimai Katchi,170,,SC,South,0.08652280130293159
Sankarankovil,219,K. THANGAVEL,Puthiya Makkal Tamil Desam Katchi,163,,SC,South,0.0829600977198697
Sankarankovil,219,N.SELVAM,Naam Indiar Party,134,,SC,South,0.06820032573289903
Sankarankovil,219,M. RAJ,IND,104,,SC,South,0.052931596091205214
Vasudevanallur,220,E. RAJA,DMK,63045,,SC,South,33.217418793961905
Vasudevanallur,220,ANANTHAN AYYASAMY,BJP,56462,,SC,South,29.748939645406885
Vasudevanallur,220,R. AMUTHARANI,TVK,45862,,SC,South,24.163966384783585
Vasudevanallur,220,ESAI MATHIVANAN,NTK,12856,,SC,South,6.773624173450302
Vasudevanallur,220,K. PAULRAJ,Puthiya Tamilagam,4119,,SC,South,2.1702363075950366
Vasudevanallur,220,A. PONNUTHAI,All India Puratchi Thalaivar Makkal Munnettra Kazhagam,2249,,SC,South,1.1849627229379067
Vasudevanallur,220,A. PALANIKUMAR,IND,1020,,SC,South,0.5374219552675255
Vasudevanallur,220,SENTHILKUMAR,IND,731,,SC,South,0.38515240127505995
Vasudevanallur,220,NOTA,NOTA,637,,SC,South,0.33562527990726837
Vasudevanallur,220,PRABAKARAN .R,IND,570,,SC,South,0.3003240338259701
Vasudevanallur,220,P. KARPAGAVALLI,IND,486,,SC,South,0.2560657551568798
Vasudevanallur,220,I. SARAVANAN,IND,363,,SC,South,0.19125898996285465
Vasudevanallur,220,R. RAMESHKUMAR,Bahujan Samaj Party,333,,SC,South,0.17545246186675098
Vasudevanallur,220,K. NAGARAJAN,IND,259,,SC,South,0.13646302589636186
Vasudevanallur,220,B. VEERALAKSHMI,Tamilaga Makkal Nala Katchi,183,,SC,South,0.09641982138623252
Vasudevanallur,220,K. RAMACHANDRAN,IND,179,,SC,South,0.09431228430675202
Vasudevanallur,220,SELVARAJ .C,IND,177,,SC,South,0.09325851576701177
Vasudevanallur,220,K. RAJENDRAN,Puthiya Makkal Tamil Desam Katchi,141,,SC,South,0.07429068205168735
Vasudevanallur,220,M. ARUMUGASAMY,IND,123,,SC,South,0.06480676519402513
Kadayanallur,221,RAJENDRAN. T. M,DMK,79832,,GEN,South,35.968299309307014
Kadayanallur,221,C. KRISHNAMURALI,AIADMK,73579,,GEN,South,33.151010808692014
Kadayanallur,221,ABDUL JALEEL. R. K,TVK,49254,,GEN,South,22.191384584885853
Kadayanallur,221,ABUBACKER SIDDHEEQ,NTK,10965,,GEN,South,4.94027961126555
Kadayanallur,221,KAVITHA. R,Puthiya Tamilagam,2882,,GEN,South,1.2984848006992535
Kadayanallur,221,ESAKKI PANDI. K,IND,576,,GEN,South,0.25951674018139137
Kadayanallur,221,MURUGAN. P,IND,537,,GEN,South,0.2419452942316097
Kadayanallur,221,NOTA,NOTA,527,,GEN,South,0.23743979527012718
Kadayanallur,221,T. MAHESHKUMAR,Bahujan Samaj Party,510,,GEN,South,0.22978044703560696
Kadayanallur,221,BARISHA BANU. M,IND,467,,GEN,South,0.21040680150123228
Kadayanallur,221,GANESAN. M,IND,413,,GEN,South,0.1860771071092268
Kadayanallur,221,SEENIVASAN. S,IND,380,,GEN,South,0.1712089605363346
Kadayanallur,221,SHAHIN FATHIMA. A,Tamizhaga Vaazhvurimai Katchi,356,,GEN,South,0.16039576302877662
Kadayanallur,221,NAGARAJAN. L,IND,290,,GEN,South,0.1306594698829922
Kadayanallur,221,RAJAN. B. S,Aanaithinthiya Jananayaka Pathukappu Kazhagam,244,,GEN,South,0.10993417466017275
Kadayanallur,221,RAJAMARAVAN. S,IND,234,,GEN,South,0.10542867569869026
Kadayanallur,221,PARTHIPAN. V,IND,216,,GEN,South,0.09731877756802176
Kadayanallur,221,LAKSHMI. A,Samata Party,179,,GEN,South,0.08064843141053657
Kadayanallur,221,ESAKKI. K,IND,138,,GEN,South,0.06217588566845836
Kadayanallur,221,S. MURUGANANTHAM,IND,109,,GEN,South,0.049109938680159136
Kadayanallur,221,VENKATESH. P,IND,109,,GEN,South,0.049109938680159136
Kadayanallur,221,M. ARUMUGASAMY,IND,101,,GEN,South,0.04550553951097314
Kadayanallur,221,SURESHKUMAR. S,Naam Indiar Party,53,,GEN,South,0.023879144495857194
Tenkasi,222,DR.KALAI KATHIRAVAN,DMK,79699,,GEN,South,33.916344308408554
Tenkasi,222,S.SELVA MOHANDAS PANDIAN,AIADMK,69400,,GEN,South,29.5335486643942
Tenkasi,222,A. RAJAPRAKASH,TVK,55543,,GEN,South,23.636626707009324
Tenkasi,222,P. PUSHPALATHA,NTK,16394,,GEN,South,6.976556149914676
Tenkasi,222,M.POOSA DURAI,All India Puratchi Thalaivar Makkal Munnettra Kazhagam,7715,,GEN,South,3.283160345040364
Tenkasi,222,S.THIRUMALAI KUMAR,Puthiya Tamilagam,1365,,GEN,South,0.5808831977939205
Tenkasi,222,NOTA,NOTA,673,,GEN,South,0.28639882206249706
Tenkasi,222,G. POORANA SELVAN,IND,548,,GEN,South,0.23320439003008675
Tenkasi,222,ISAKI PANDIAN,Bahujan Samaj Party,518,,GEN,South,0.2204377263423083
Tenkasi,222,S. THANGAPALAM,IND,432,,GEN,South,0.18383995710401002
Tenkasi,222,DURAIRAJ,IND,424,,GEN,South,0.18043551345393574
Tenkasi,222,M. PONNUDURAI,IND,311,,GEN,South,0.13234774689663684
Tenkasi,222,SHAHUL HAMEED,IND,295,,GEN,South,0.12553885959648833
Tenkasi,222,S.MANOGARAN,Kamarajar Deseeya Congress,244,,GEN,South,0.1038355313272649
Tenkasi,222,P.NOBLE KRISHNA,IND,239,,GEN,South,0.10170775404596849
Tenkasi,222,GOMATHI SANKAR,Tamizhaga Vaazhvurimai Katchi,234,,GEN,South,0.09957997676467209
Tenkasi,222,R. RAMKUMAR,IND,224,,GEN,South,0.09532442220207926
Tenkasi,222,R.KRISHNAN,IND,204,,GEN,South,0.08681331307689362
Tenkasi,222,K.M.KALIAPPAN,IND,130,,GEN,South,0.05532220931370672
Tenkasi,222,K.MUTHU,IND,114,,GEN,South,0.048513322013558194
Tenkasi,222,A.MARIAPPAN,IND,111,,GEN,South,0.04723665564478035
Tenkasi,222,GANESHAN. S,IND,90,,GEN,South,0.03829999106333542
Tenkasi,222,R. SELVAKUMAR,Naam Indiar Party,80,,GEN,South,0.0340444365007426
Alangulam,223,PAUL MANOJ PANDIAN,DMK,69170,,GEN,South,31.318907709513393
Alangulam,223,K R P PRABAKARAN,AIADMK,61372,,GEN,South,27.788116292442623
Alangulam,223,VIBIN CHAKKARAVARTHY,TVK,60684,,GEN,South,27.476602507504854
Alangulam,223,R PAULRAJ,NTK,23380,,GEN,South,10.586035307914171
Alangulam,223,MADASAMY,All India Puratchi Thalaivar Makkal Munnettra Kazhagam,2158,,GEN,South,0.9771028312437459
Alangulam,223,A UDHAYAKUMAR,Puthiya Tamilagam,1620,,GEN,South,0.73350629592904
Alangulam,223,NOTA,NOTA,982,,GEN,South,0.4446315941989613
Alangulam,223,JEYANTHI,IND,432,,GEN,South,0.1956016789144107
Alangulam,223,R KOTHERIMOHIDEEN,IND,199,,GEN,South,0.09010355116659197
Alangulam,223,W JAYSON,IND,196,,GEN,South,0.08874520617413077
Alangulam,223,U ARAVIND,IND,189,,GEN,South,0.08557573452505468
Alangulam,223,A SUBASH  CHANDRA BOSE,Thakkam Katchi,182,,GEN,South,0.08240626287597858
Alangulam,223,T  MARIKUMAR,IND,161,,GEN,South,0.07289784792875027
Alangulam,223,K ARUNKUMAR,IND,132,,GEN,South,0.05976717966829215
Tirunelveli,224,MURUGHAN.R.S.,TVK,75840,,GEN,South,34.72130021746595
Tirunelveli,224,SUBRAMANIAN.S,DMK,64426,,GEN,South,29.495707908893216
Tirunelveli,224,THACHAI GANESARAJA,AIADMK,47504,,GEN,South,21.748426233260844
Tirunelveli,224,SATHYA. B.,NTK,15108,,GEN,South,6.916790660409752
Tirunelveli,224,DR.SHYAM KRISHNASAMY,Puthiya Tamilagam,10634,,GEN,South,4.868490328488039
Tirunelveli,224,NOTA,NOTA,717,,GEN,South,0.3282591278470871
Tirunelveli,224,ARUMUGARAJ. S.,Tamizhaga Vaazhvurimai Katchi,556,,GEN,South,0.25454961657319447
Tirunelveli,224,THALABATHI MURUGAN. M.,IND,476,,GEN,South,0.21792377246194344
Tirunelveli,224,MURUGAN.S.,IND,428,,GEN,South,0.19594826599519283
Tirunelveli,224,CHENDUR MAHARAJAN,Puthiya Makkal Tamil Desam Katchi,346,,GEN,South,0.15840677578116058
Tirunelveli,224,MUGESH SUBRAMANIAN,IND,346,,GEN,South,0.15840677578116058
Tirunelveli,224,VEERABAGHU. M.,IND,337,,GEN,South,0.15428636831864484
Tirunelveli,224,KANNAN. G.,Aanaithinthiya Jananayaka Pathukappu Kazhagam,290,,GEN,South,0.1327686849032849
Tirunelveli,224,SUBRAMANIAN. E.,IND,260,,GEN,South,0.11903399336156575
Tirunelveli,224,ATHISAYA PNDIYAN. V.,IND,230,,GEN,South,0.10529930181984663
Tirunelveli,224,VELAYUTHAM. P.,IND,221,,GEN,South,0.10117889435733089
Tirunelveli,224,MURUGAN. P.,Thamizhaka Padaippalar Makkal Katchi,210,,GEN,South,0.09614284079203388
Tirunelveli,224,MURUGALAKSHMANAN,IND,171,,GEN,South,0.07828774178779901
Tirunelveli,224,ESWARA VADIVU. S.,Naam Indiar Party,114,,GEN,South,0.05219182785853268
Tirunelveli,224,SELVAKUMAR SINGH,Bahujan Dravida Party,109,,GEN,South,0.04990271260157949
Tirunelveli,224,ESAKKIRAJA. V.,IND,102,,GEN,South,0.046697951241845025
Ambasamudram,225,DR.ESAKKI SUBAYA,AIADMK,65589,,GEN,South,34.304767384084315
Ambasamudram,225,V.P.DURAI,INC,55344,,GEN,South,28.946363660137557
Ambasamudram,225,S.RAJAGOPAL,TVK,53611,,GEN,South,28.03995920395408
Ambasamudram,225,DR.V.SIVASANKARAN,NTK,14906,,GEN,South,7.796228980883391
Ambasamudram,225,NOTA,NOTA,1060,,GEN,South,0.5544078035513481
Ambasamudram,225,R.ESAIKANNAN,Bahujan Samaj Party,685,,GEN,South,0.3582729673893146
Palayamkottai,226,M.ABDUL WAHAB,DMK,79744,,GEN,South,44.15014948510685
Palayamkottai,226,MARIA JOHN,TVK,65939,,GEN,South,36.50703133650758
Palayamkottai,226,SYED SULTHAN SAMSUDEEN,AIADMK,19732,,GEN,South,10.924593068320231
Palayamkottai,226,SANKARA NARAYANAN ALIAS SARAN,NTK,10465,,GEN,South,5.793932011958809
Palayamkottai,226,NOTA,NOTA,851,,GEN,South,0.47115491086258443
Palayamkottai,226,PAULRAJ.V,IND,717,,GEN,South,0.3969660059794043
Palayamkottai,226,KARTHICK NARAYANAN S.,IND,619,,GEN,South,0.34270844867677996
Palayamkottai,226,ABDUL KOYA,IND,560,,GEN,South,0.31004318458642455
Palayamkottai,226,T.A.UMAR,Tamizhaga Vaazhvurimai Katchi,493,,GEN,South,0.27294873214483445
Palayamkottai,226,SRINIVASH,IND,346,,GEN,South,0.19156239619089802
Palayamkottai,226,V.GEORGE,IND,221,,GEN,South,0.12235632820285683
Palayamkottai,226,ESAKKIMUTHU,Puthiya Makkal Tamil Desam Katchi,201,,GEN,South,0.11128335732477022
Palayamkottai,226,M.MANIKANDAN,IND,149,,GEN,South,0.08249363304174509
Palayamkottai,226,NALLAKKANNU ALIAS KARTHIC.K,IND,140,,GEN,South,0.07751079614660614
Palayamkottai,226,A. SUDHAHAR,IND,127,,GEN,South,0.07031336507584986
Palayamkottai,226,S.THANGADURAI,Naam Indiar Party,123,,GEN,South,0.06809877090023253
Palayamkottai,226,D.SANTHIYAGAPPAR ANTONY,IND,104,,GEN,South,0.057579448566050274
Palayamkottai,226,R.SESU,IND,89,,GEN,South,0.049274720407485324
Nanguneri,227,REDDIARPATTI V. NARAYANAN,TVK,74952,,GEN,South,35.790448813144934
Nanguneri,227,RUBY.R.MANOHARAN,INC,58533,,GEN,South,27.950185990764925
Nanguneri,227,R. ESAKKIMUTHU,AMMK,38316,,GEN,South,18.296334143511334
Nanguneri,227,S. SELVAM,NTK,17618,,GEN,South,8.412799220701082
Nanguneri,227,TAMILSELVI,Puthiya Tamilagam,11141,,GEN,South,5.319956641947483
Nanguneri,227,M. KUMAR,IND,1098,,GEN,South,0.5243077275700868
Nanguneri,227,DR.S.VELLAI DURAI,All India Puratchi Thalaivar Makkal Munnettra Kazhagam,1048,,GEN,South,0.5004321479903925
Nanguneri,227,NOTA,NOTA,721,,GEN,South,0.3442858575391918
Nanguneri,227,R. JANARTHANAN,Bahujan Samaj Party,659,,GEN,South,0.31468013886037083
Nanguneri,227,S.MARIYAPPAN,IND,637,,GEN,South,0.30417488384530533
Nanguneri,227,A.RANI NADAR ALIAS PUSHPARANI,IND,529,,GEN,South,0.25260363195316565
Nanguneri,227,CHITHIRAI SELVAN,Tamizhaga Vaazhvurimai Katchi,491,,GEN,South,0.234458191472598
Nanguneri,227,THANITHANGAM,IND,441,,GEN,South,0.2105826118929037
Nanguneri,227,KRISH.MARIAPPAN,Thamizhaka Padaippalar Makkal Katchi,377,,GEN,South,0.180021870030895
Nanguneri,227,THULASI SUDALAI,Puthiya Makkal Tamil Desam Katchi,366,,GEN,South,0.17476924252336226
Nanguneri,227,T. SANKAR,IND,360,,GEN,South,0.17190417297379892
Nanguneri,227,SHANMUGAM,IND,293,,GEN,South,0.13991089633700857
Nanguneri,227,N.KALABERUMAL,IND,265,,GEN,South,0.12654057177237976
Nanguneri,227,DEV.P.JEGADEESAN,IND,265,,GEN,South,0.12654057177237976
Nanguneri,227,M. ARUNA,IND,251,,GEN,South,0.11985540949006536
Nanguneri,227,S. SHUNMUGA SUNDARAM,Naam Indiar Party,202,,GEN,South,0.09645734150196497
Nanguneri,227,SUDAROLI S.MURUGAN YADHAV B.COM,IND,191,,GEN,South,0.09120471399443221
Nanguneri,227,T. LINGADURAI,IND,178,,GEN,South,0.0849970633037117
Nanguneri,227,NALLAKKANNU ALIAS KARTHIC.K,IND,170,,GEN,South,0.08117697057096061
Nanguneri,227,R.ANANTHI,IND,169,,GEN,South,0.08069945897936673
Nanguneri,227,T. RAJKUMAR,IND,148,,GEN,South,0.07067171555589512
Radhapuram,228,DR.SATHISH CHRISTOPHER,TVK,69947,,GEN,South,34.985570021657466
Radhapuram,228,APPAVU.M,DMK,57634,,GEN,South,28.826945296127164
Radhapuram,228,BALAKRISHNAN.S.P,BJP,52637,,GEN,South,26.327583016140572
Radhapuram,228,GIRIJA THAMARAIPANDIAN.D,NTK,15370,,GEN,South,7.687652240022808
Radhapuram,228,DANIEL.A,IND,819,,GEN,South,0.40964132625755884
Radhapuram,228,PON SANTHANA KUMARAN.R,IND,482,,GEN,South,0.24108317369492474
Radhapuram,228,NOTA,NOTA,469,,GEN,South,0.23458093042099523
Radhapuram,228,ESSAKKIAMMAL.E,Bahujan Samaj Party,331,,GEN,South,0.1655571172054359
Radhapuram,228,SELVAN.T,IND,285,,GEN,South,0.1425491794669161
Radhapuram,228,KARTHICK.V,IND,232,,GEN,South,0.11604003381166501
Radhapuram,228,MANIKANDAN.L,IND,223,,GEN,South,0.11153848077586767
Radhapuram,228,MANIKANDAN.S,IND,205,,GEN,South,0.10253537470427297
Radhapuram,228,ANAND PRASAD,IND,195,,GEN,South,0.09753364910894259
Radhapuram,228,MANIKANDAN.A.I,IND,164,,GEN,South,0.08202829976341838
Radhapuram,228,JESURAJENDRAN.J,Naam Indiar Party,163,,GEN,South,0.08152812720388534
Radhapuram,228,KINGSLY ISACC JEBARAJ.S,IND,134,,GEN,South,0.06702312297742721
Radhapuram,228,MURUGAN.P,Thamizhaka Padaippalar Makkal Katchi,121,,GEN,South,0.060520879703497704
Radhapuram,228,MAHALAKSHMI,Puthiya Makkal Tamil Desam Katchi,103,,GEN,South,0.051517773631903005
Radhapuram,228,SUNDARAJAN.S,IND,93,,GEN,South,0.04651604803657262
Radhapuram,228,JEYARAJ.P V S,IND,92,,GEN,South,0.04601587547703958
Radhapuram,228,ANANTHI.R,IND,76,,GEN,South,0.038013114524510956
Radhapuram,228,OLIVER ANTON NAVAMONI. S,IND,70,,GEN,South,0.03501207916731272
Radhapuram,228,RAJAN.P,IND,52,,GEN,South,0.02600897309571802
Radhapuram,228,ARUNRAJ,IND,34,,GEN,South,0.017005867024123322
Kanniyakumari,229,THALAVAI SUNDARAM. N,AIADMK,75045,,GEN,South,31.37988710014635
Kanniyakumari,229,MAHESH.R,DMK,74831,,GEN,South,31.29040351243989
Kanniyakumari,229,MADHAVAN.S.R,TVK,72977,,GEN,South,30.5151578507213
Kanniyakumari,229,MARIA JENNIFER,NTK,13689,,GEN,South,5.72402257997073
Kanniyakumari,229,NOTA,NOTA,825,,GEN,South,0.3449717750365879
Kanniyakumari,229,RAJAN. S,IND,454,,GEN,South,0.1898390131716496
Kanniyakumari,229,REAGON ANTO.J,Tamizhaga Vaazhvurimai Katchi,301,,GEN,South,0.1258624294375915
Kanniyakumari,229,SRIKRISHNAKUMAR.K,Thamizhaka Padaippalar Makkal Katchi,206,,GEN,South,0.08613840685762074
Kanniyakumari,229,SIVALINGAM.C,Naam Indiar Party,194,,GEN,South,0.08112063558436128
Kanniyakumari,229,MANAVAI KANNAN. M,Communist Party of India (Marxist-Leninist) Red Star,140,,GEN,South,0.05854066485469371
Kanniyakumari,229,DAVID SAHAYA BASCAR,IND,117,,GEN,South,0.04892326991427974
Kanniyakumari,229,RAMAKRISHNAN.C,IND,107,,GEN,South,0.04474179385323019
Kanniyakumari,229,SUDHAGAR.R,IND,93,,GEN,South,0.03888772736776082
Kanniyakumari,229,THANUNEELAN . S,IND,90,,GEN,South,0.03763328454944596
Kanniyakumari,229,KANAGARAJ.T,IND,81,,GEN,South,0.033869956094501365
Nagercoil,230,AUSTIN,DMK,69880,,GEN,South,35.602200937436315
Nagercoil,230,BERVIN KINGS G,TVK,62310,,GEN,South,31.74546566130018
Nagercoil,230,GANDHI M R,BJP,52355,,GEN,South,26.673629508864888
Nagercoil,230,MUTHUKUMAR M,NTK,8573,,GEN,South,4.367739963317709
Nagercoil,230,NOTA,NOTA,447,,GEN,South,0.22773588750764218
Nagercoil,230,MOHIDEEN FAIGEE ALIAS SOORANKUDY FAIGEE,IND,357,,GEN,South,0.1818830242510699
Nagercoil,230,SIVAKUMAR A,IND,337,,GEN,South,0.17169349908294274
Nagercoil,230,DINO T,Naadaalum Makkal Katchi,327,,GEN,South,0.16659873649887913
Nagercoil,230,NAGARAJAN L,Thamizhaka Padaippalar Makkal Katchi,260,,GEN,South,0.13246382718565317
Nagercoil,230,NAGOOR MEERAN PEER MOHAMED U,IND,234,,GEN,South,0.11921744446708783
Nagercoil,230,SUYAMBULINGAM A,IND,209,,GEN,South,0.10648053800692889
Nagercoil,230,VALLIMAYIL P,Communist Party of India (Marxist-Leninist) Red Star,145,,GEN,South,0.07387405746892195
Nagercoil,230,RETNA MONY S,IND,137,,GEN,South,0.06979824740167108
Nagercoil,230,ANTONY MICHAEL J,Viro Ke Vir Indian Party,116,,GEN,South,0.059099245975137556
Nagercoil,230,SUYAMBULINGAM P,IND,112,,GEN,South,0.05706134094151213
Nagercoil,230,GUNASEKARAN S,IND,111,,GEN,South,0.05655186468310577
Nagercoil,230,AJITH KUMAR A,IND,100,,GEN,South,0.05094762584063583
Nagercoil,230,DINESH,IND,94,,GEN,South,0.04789076829019768
Nagercoil,230,JEBARSON S,Tamizhaga Vaazhvurimai Katchi,70,,GEN,South,0.03566333808844508
Nagercoil,230,SALATE KANAGARAJ A,Naam Indiar Party,66,,GEN,South,0.033625433054819645
Nagercoil,230,VAIRAM PILLAI S,IND,40,,GEN,South,0.02037905033625433
Colachal,231,THARAHAI CUTHBERT,INC,66207,,GEN,South,33.26767598096607
Colachal,231,PREM ALEX LAWRENCE,TVK,63374,,GEN,South,31.84415088461558
Colachal,231,SIVAKUMAR. T,BJP,54384,,GEN,South,27.32685804444936
Colachal,231,ANCY SHOBA RANI. L,NTK,12458,,GEN,South,6.259892569832122
Colachal,231,NOTA,NOTA,581,,GEN,South,0.2919407274901639
Colachal,231,SELVARAJ. M,IND,349,,GEN,South,0.17536542838910021
Colachal,231,RAJASINGH. C,Bahujan Samaj Party,314,,GEN,South,0.15777863757643973
Colachal,231,ANTHONY MUTHU. S.M,Communist Party of India (Marxist-Leninist) (Liberation),304,,GEN,South,0.15275384020139388
Colachal,231,SARAVANAN. M,IND,255,,GEN,South,0.1281323330636692
Colachal,231,GANESH. N,Thamizhaka Padaippalar Makkal Katchi,244,,GEN,South,0.12260505595111876
Colachal,231,CHRIST MILLER. S,All India Puratchi Thalaivar Makkal Munnettra Kazhagam,145,,GEN,South,0.07285956193816484
Colachal,231,KOIL RAJ. R,Naam Indiar Party,140,,GEN,South,0.07034716325064191
Colachal,231,ANTONY ALANKARAM. K,IND,134,,GEN,South,0.06733228482561442
Colachal,231,MURALI. M,Tamizhaga Vaazhvurimai Katchi,124,,GEN,South,0.062307487450568556
Padmanabhapuram,232,CHELLASWAMY. R,CPI(M),68938,,GEN,South,38.181163634349645
Padmanabhapuram,232,KRISHNA KUMAR. S,TVK,53369,,GEN,South,29.558306333250258
Padmanabhapuram,232,RAMESH. P,BJP,44293,,GEN,South,24.531583174102074
Padmanabhapuram,232,SEELAN,NTK,11288,,GEN,South,6.251834621029603
Padmanabhapuram,232,NOTA,NOTA,615,,GEN,South,0.34061643266594666
Padmanabhapuram,232,VASANTHI. R,IND,453,,GEN,South,0.2508930796710144
Padmanabhapuram,232,DURAI RAJ. S,IND,373,,GEN,South,0.20658525103154163
Padmanabhapuram,232,RAKESH KUMAR. M,Thamizhaka Padaippalar Makkal Katchi,346,,GEN,South,0.19163135886571958
Padmanabhapuram,232,SYEDALI. A,Our Mahathma National Party,314,,GEN,South,0.1739082274099305
Padmanabhapuram,232,DR. KRISHNA PRASAD. B,IND,229,,GEN,South,0.12683115948049073
Padmanabhapuram,232,ARUL MANI. H,IND,193,,GEN,South,0.10689263659272798
Padmanabhapuram,232,VAIKUNDAMANI. N,Tamizhaga Vaazhvurimai Katchi,144,,GEN,South,0.07975409155105093
Vilavancode,233,PRAVEEN T.T,INC,70755,,GEN,South,40.448301291395836
Vilavancode,233,MICHAEL KUMAR K,TVK,49785,,GEN,South,28.460443499288274
Vilavancode,233,VIJAYADHARANI S,BJP,45604,,GEN,South,26.070303612364015
Vilavancode,233,MARIA STELLA,NTK,6199,,GEN,South,3.5437639701132473
Vilavancode,233,NOTA,NOTA,828,,GEN,South,0.4733403076712
Vilavancode,233,JOHN CHRISTOPHER T,Rashtriya Janata Dal,402,,GEN,South,0.2298101493765971
Vilavancode,233,BAIJU T,Viro Ke Vir Indian Party,294,,GEN,South,0.168070109245571
Vilavancode,233,MOHAN KUMAR M,All India Jananayaka Makkal Kazhagam,217,,GEN,South,0.12405174730030241
Vilavancode,233,VENKADEASAN. K,Thamizhaka Padaippalar Makkal Katchi,194,,GEN,South,0.11090340542054686
Vilavancode,233,JOSELAL L.V,IND,190,,GEN,South,0.1086167372675459
Vilavancode,233,MURUGANANDHA PRASAD T,IND,112,,GEN,South,0.06402670828402705
Vilavancode,233,PRAVEEN KUMAR,IND,108,,GEN,South,0.06174004013102609
Vilavancode,233,SHIBU AMOSE,IND,88,,GEN,South,0.05030669936602125
Vilavancode,233,DAVID T,IND,81,,GEN,South,0.04630503009826956
Vilavancode,233,KRISHNAN M,IND,70,,GEN,South,0.0400166926775169
Killiyoor,234,RAJESH KUMAR. S,INC,66434,,GEN,South,37.42043777529938
Killiyoor,234,SABIN. S,TVK,65123,,GEN,South,36.68198767560017
Killiyoor,234,NIVIN SIMON. J,BJP,31070,,GEN,South,17.500873072200253
Killiyoor,234,HIMLAR,NTK,12764,,GEN,South,7.189608750999808
Killiyoor,234,NOTA,NOTA,502,,GEN,South,0.2827627384050379
Killiyoor,234,PRABHU. S,Thamizhaka Padaippalar Makkal Katchi,410,,GEN,South,0.230941678777023
Killiyoor,234,AJAI (ALIAS) NAGARAJAN,IND,241,,GEN,South,0.13574864532990863
Killiyoor,234,BERRILA. L,IND,197,,GEN,South,0.11096466029042323
Killiyoor,234,JUSTIN. M,IND,189,,GEN,South,0.10645848119233499
Killiyoor,234,BABY RAJ. P,IND,162,,GEN,South,0.09125012673628713
Killiyoor,234,RUBIN ANTONY,Tamizhaga Vaazhvurimai Katchi,156,,GEN,South,0.08787049241272095
Killiyoor,234,SATHEESH. S,IND,128,,GEN,South,0.07209886556941206
Killiyoor,234,JUSTIN. T,Indian Christian Front,85,,GEN,South,0.047878152917187694
Killiyoor,234,DR. RAMACHANDRAN. M,IND,73,,GEN,South,0.04111888427005531
